cpid,comid,pgmid,wtid
53,105,151,1
54,106,151,1
55,107,151,2
56,108,154,1
57,105,154,1
58,106,154,2
59,107,154,2
60,109,154,2
61,110,154,2
62,105,157,2
63,105,166,3
64,126,186,3
65,126,185,3
66,126,187,3
67,126,189,1
68,127,187,3
69,127,189,2
70,128,185,3
71,128,186,2
72,128,187,3
73,128,189,2
74,126,188,2
75,126,190,2
76,127,185,3
77,127,186,3
78,127,188,2
79,127,190,2
80,128,188,2
81,129,186,1
82,129,187,3
83,129,188,2
84,129,189,2
85,129,190,2
86,105,184,1
87,94,150,3
88,95,150,2
89,96,153,2
90,105,169,2
91,105,172,2
92,141,197,3
93,141,198,3
94,141,200,2
95,141,208,2
96,142,198,3
97,143,198,3
98,144,198,3
99,145,198,3
100,145,197,3
101,144,197,3
102,143,197,3
103,142,197,3
104,142,200,2
105,143,200,2
106,144,200,2
107,145,200,2
108,142,208,2
109,143,208,2
110,144,208,2
111,145,208,2
112,106,157,2
113,107,160,2
114,107,175,2
115,108,163,2
116,108,172,1
117,109,178,1
118,109,163,3
119,110,157,3
120,110,178,1
121,110,181,1
122,110,151,2
123,111,166,3
124,111,169,2
125,111,184,1
126,112,151,1
127,112,154,2
128,112,157,2
129,131,160,2
130,131,175,2
131,132,163,2
132,132,172,1
133,133,163,3
134,133,178,1
135,134,151,2
136,134,157,3
137,134,181,1
138,190,151,3
139,201,151,1
140,201,154,3
141,204,154,2
142,204,160,1
143,204,175,3
144,190,154,2
145,191,154,3
146,191,157,3
147,191,160,1
148,194,160,2
149,258,197,3
150,258,198,3
151,258,199,2
152,258,200,2
153,258,202,1
154,272,197,1
155,273,197,1
156,274,197,1
157,275,197,1
158,276,197,1
159,275,198,1
160,275,199,1
161,275,201,1
162,275,202,1
163,272,198,1
164,273,198,2
165,306,197,3
166,274,198,2
167,307,197,2
168,308,197,2
169,309,197,2
170,276,198,1
171,310,197,2
172,273,199,2
173,306,198,3
174,307,198,3
175,274,199,2
176,308,198,3
177,309,198,3
178,310,198,3
179,306,199,1
180,272,201,1
181,306,200,2
182,273,201,2
183,307,200,2
184,274,201,2
185,308,200,2
186,309,200,2
187,310,200,2
188,272,202,2
189,273,202,2
190,306,201,3
191,274,202,2
192,307,201,3
193,308,201,3
194,276,202,1
195,309,201,3
196,272,203,3
197,310,201,3
198,273,203,3
199,274,203,3
200,309,202,1
201,276,203,1
202,275,203,1
203,309,203,1
204,309,204,1
205,273,204,1
206,310,204,1
207,274,204,1
208,275,204,1
209,310,205,2
210,276,204,1
211,307,205,2
212,308,205,2
213,272,205,1
214,309,205,2
215,306,206,1
216,309,206,1
217,306,207,1
218,306,208,2
219,272,208,1
220,273,208,2
221,274,208,2
222,275,208,2
223,276,208,2
224,277,208,1
225,277,197,3
226,277,198,2
227,277,199,2
228,277,200,1
229,277,203,1
230,277,205,1
231,277,202,1
232,277,207,2
233,278,197,2
234,278,198,1
235,278,199,1
236,278,200,1
237,278,202,1
238,278,203,3
239,278,205,1
240,278,207,2
241,278,208,1
242,279,197,2
243,279,198,1
244,279,199,1
245,279,200,1
246,279,201,3
247,279,202,1
248,279,203,3
249,279,205,1
250,279,207,2
251,279,208,1
252,280,197,2
253,280,198,1
254,280,199,1
255,280,200,1
256,280,202,1
257,280,203,3
258,280,205,1
259,280,207,2
260,280,208,1
261,146,151,3
262,281,197,2
263,281,198,2
264,281,199,1
265,281,202,1
266,281,203,3
267,281,207,2
268,281,208,1
269,281,200,2
270,281,205,1
271,311,209,2
272,350,197,2
273,351,197,3
274,350,198,3
275,350,199,3
276,350,201,3
277,350,204,1
278,350,205,3
279,350,206,1
280,350,208,2
281,351,198,3
282,351,199,3
283,351,200,2
284,351,201,3
285,313,211,2
286,314,211,3
287,315,211,2
288,316,211,2
289,316,213,2
290,311,213,3
291,312,213,2
292,311,210,2
293,312,209,1
294,351,205,3
295,351,206,1
296,352,197,1
297,352,198,1
298,352,201,3
299,352,204,2
300,352,205,3
301,353,197,3
302,353,201,3
303,353,202,2
304,353,203,1
305,353,205,3
306,353,208,2
307,354,197,1
308,354,198,1
309,354,201,3
310,354,202,1
311,354,203,1
312,354,205,3
313,354,206,3
314,354,207,3
315,354,208,2
316,194,163,2
317,194,184,3
318,194,181,1
319,206,151,1
320,208,157,2
321,210,160,1
322,208,181,1
323,210,178,2
324,212,151,1
325,214,154,2
326,216,157,1
327,213,163,2
328,215,172,1
329,259,197,3
330,259,198,3
331,259,199,3
332,259,201,3
333,259,203,2
334,259,204,2
335,260,197,3
336,260,198,3
337,260,201,3
338,260,205,1
339,260,208,3
340,261,197,2
341,261,198,2
342,261,199,2
343,261,200,2
344,261,201,1
345,261,208,2
346,262,197,3
347,262,198,2
348,262,199,3
349,262,200,2
350,262,202,1
351,262,208,1
352,497,197,3
353,497,185,3
354,497,186,1
355,497,198,1
356,497,199,1
357,497,187,1
358,497,188,1
359,497,200,1
360,497,201,2
361,497,189,2
362,498,197,2
363,498,185,2
364,498,186,2
365,498,187,2
366,498,198,2
367,498,188,2
368,498,200,2
369,498,201,2
370,498,189,2
371,499,197,3
372,499,185,3
373,499,186,1
374,499,198,1
375,499,187,2
376,499,199,2
377,499,201,1
378,499,189,1
379,500,197,1
380,500,185,1
381,500,198,2
382,500,186,1
383,311,211,2
384,466,150,2
385,467,150,3
386,468,150,3
387,469,150,2
388,470,150,3
389,471,150,3
390,466,153,2
391,466,156,2
392,466,159,2
393,466,162,1
394,466,165,2
395,466,168,2
396,466,180,2
397,466,183,1
398,467,153,3
399,467,156,3
400,467,159,2
401,467,162,3
402,467,165,2
403,467,168,2
404,467,171,1
405,467,177,2
406,467,180,1
407,467,183,2
408,468,183,1
409,468,153,2
410,468,156,2
411,468,159,3
412,468,162,3
413,472,150,2
414,468,165,2
415,468,168,2
416,468,177,1
417,468,180,1
418,473,150,1
419,469,183,1
420,469,153,2
421,473,153,1
422,469,156,2
423,469,159,2
424,469,162,2
425,475,156,3
426,469,165,1
427,469,168,1
428,469,174,1
429,469,180,1
430,470,183,1
431,470,153,2
432,470,156,2
433,470,159,2
434,470,162,2
435,476,159,1
436,470,165,1
437,470,168,1
438,470,174,1
439,470,180,1
440,471,183,2
441,471,153,2
442,471,156,3
443,474,168,2
444,471,159,3
445,471,162,3
446,471,165,2
447,471,168,1
448,471,174,1
449,472,168,2
450,471,177,1
451,471,180,2
452,526,150,3
453,527,150,3
454,528,150,3
455,529,150,3
456,530,150,3
457,531,150,3
458,526,153,2
459,527,153,3
460,528,153,3
461,529,153,3
462,530,153,2
463,531,153,2
464,526,156,2
465,527,156,3
466,528,156,2
467,473,162,1
468,526,162,3
469,527,162,2
470,471,171,2
471,520,151,2
472,522,154,3
473,523,154,1
474,520,157,2
475,523,160,1
476,529,156,1
477,530,156,2
478,531,156,2
479,541,150,3
480,526,159,2
481,527,159,3
482,528,159,3
483,545,150,1
484,529,159,2
485,543,156,3
486,530,159,3
487,531,159,3
488,544,156,2
489,541,159,1
490,528,162,3
491,529,162,3
492,530,162,3
493,531,162,3
494,546,159,2
495,526,165,2
496,527,165,2
497,528,165,2
498,529,165,2
499,542,162,3
500,530,165,2
501,531,165,2
502,526,168,3
503,527,168,3
504,528,168,2
505,529,168,3
506,530,168,3
507,531,168,2
508,541,168,2
509,526,171,1
510,527,171,1
511,543,171,1
512,546,153,1
513,531,171,1
514,545,165,1
515,526,174,1
516,526,177,1
517,526,180,2
518,527,180,2
519,544,174,1
520,528,180,2
521,541,177,2
522,529,180,2
523,530,180,2
524,531,180,2
525,546,180,3
526,526,183,1
527,527,183,1
528,528,183,1
529,529,183,1
530,530,183,1
531,531,183,1
532,473,177,3
533,472,183,2
534,474,174,3
535,473,165,1
536,475,180,2
537,555,156,3
538,552,165,3
539,557,159,2
540,552,177,2
541,558,168,1
542,552,150,1
543,350,202,3
544,521,160,1
545,523,169,2
546,521,151,3
547,130,151,3
548,130,169,1
549,427,165,1
550,428,156,2
551,429,150,2
552,429,156,2
553,429,180,2
554,430,150,2
555,430,156,3
556,431,150,3
557,431,156,1
558,431,162,2
559,432,150,3
560,427,150,3
561,428,150,1
562,635,197,3
563,630,197,3
564,631,197,3
565,633,197,3
566,634,197,3
567,630,198,3
568,632,198,3
569,634,198,3
570,635,198,3
571,630,199,3
572,631,199,2
573,632,199,2
574,635,199,3
575,630,200,2
576,633,200,3
577,634,200,3
578,630,201,3
579,631,201,3
580,632,201,3
581,633,201,3
582,634,201,3
583,635,201,3
584,630,202,3
585,634,202,3
586,635,202,3
587,630,203,3
588,634,204,2
589,635,204,3
590,633,204,2
591,633,203,2
592,632,204,3
593,630,205,3
594,634,205,3
595,633,206,2
596,630,208,3
597,635,208,3
598,633,208,3
599,632,208,3
600,631,208,3
601,155,167,1
602,156,161,1
603,157,158,1
604,319,152,3
605,659,150,2
606,658,150,1
607,661,153,2
608,660,163,1
609,662,163,1
610,659,156,3
611,664,163,1
612,665,163,1
613,663,156,3
614,667,163,1
615,659,162,3
616,663,162,3
617,658,165,1
618,658,171,2
619,668,171,1
620,674,150,2
621,675,150,2
622,676,150,1
623,677,150,1
624,678,150,1
625,674,153,1
626,675,153,1
627,676,153,1
628,677,153,1
629,678,153,1
630,674,156,1
631,675,156,1
632,676,156,1
633,663,174,3
634,677,156,1
635,666,162,2
636,678,156,1
637,674,159,1
638,675,159,2
639,676,159,1
640,678,159,1
641,674,162,1
642,675,162,1
643,676,162,1
644,677,162,1
645,678,162,1
646,669,150,2
647,675,165,1
648,676,165,1
649,673,156,3
650,677,165,1
651,675,168,1
652,676,168,1
653,670,159,2
654,675,171,1
655,672,162,3
656,678,171,1
657,674,174,1
658,675,174,1
659,676,174,1
660,678,174,1
661,674,177,3
662,675,177,3
663,671,168,1
664,676,177,3
665,677,177,3
666,678,177,3
667,672,174,3
668,675,180,1
669,672,177,2
670,676,180,1
671,677,180,1
672,673,183,1
673,678,180,1
674,674,183,1
675,675,183,1
676,676,183,1
677,678,183,1
678,685,150,1
679,686,150,2
680,687,150,1
681,688,150,2
682,684,153,2
683,685,153,2
684,159,149,1
685,160,149,1
686,158,149,1
687,113,163,1
688,151,163,1
689,152,163,1
690,153,163,1
691,154,163,1
692,152,151,1
693,113,151,2
694,686,153,1
695,687,153,2
696,688,153,1
697,689,153,3
698,684,156,1
699,685,156,1
700,686,156,1
701,687,156,1
702,688,156,2
703,684,159,1
704,686,159,2
705,687,159,2
706,688,159,1
707,684,162,1
708,686,162,2
709,688,162,1
710,689,162,1
711,684,165,1
712,685,165,1
713,686,165,2
714,687,165,1
715,688,165,3
716,689,165,1
717,684,168,1
718,685,168,1
719,686,168,1
720,687,168,1
721,688,168,1
722,685,171,1
723,686,171,1
724,688,171,1
725,685,174,1
726,686,174,2
727,687,174,1
728,688,174,1
729,689,174,2
730,684,177,1
731,685,177,2
732,686,177,2
733,687,177,1
734,688,177,1
735,689,177,1
736,684,180,1
737,686,180,1
738,687,180,1
739,688,180,2
740,686,183,1
741,687,183,1
742,688,183,1
743,118,249,3
744,121,249,3
745,122,249,3
746,124,249,3
747,125,249,3
748,119,249,3
749,118,250,1
750,119,250,3
751,121,250,3
752,122,250,2
753,124,250,2
754,125,250,1
755,119,251,3
756,122,251,3
757,119,252,3
758,122,252,3
759,702,249,2
760,119,253,3
761,121,253,3
762,122,253,2
763,702,251,2
764,119,254,2
765,119,260,3
766,125,260,3
767,703,249,3
768,703,253,2
769,696,249,1
770,704,249,3
771,697,249,2
772,698,249,2
773,699,249,2
774,700,249,3
775,701,249,2
776,696,250,2
777,697,250,3
778,698,250,2
779,699,250,2
780,704,253,2
781,700,250,1
782,701,250,3
783,705,249,2
784,696,251,2
785,697,251,2
786,698,251,3
787,699,251,3
788,705,252,2
789,696,252,2
790,697,252,3
791,698,252,3
792,702,254,3
793,699,252,2
794,700,251,2
795,700,252,3
796,701,251,3
797,705,260,3
798,701,252,3
799,705,250,2
800,697,253,2
801,706,249,3
802,698,253,1
803,699,253,3
804,706,251,2
805,700,253,3
806,701,253,2
807,696,254,3
808,706,260,3
809,707,249,3
810,707,260,3
811,697,254,1
812,699,254,1
813,700,254,3
814,701,254,3
815,696,255,1
816,697,255,1
817,698,255,3
818,691,151,1
819,690,154,1
820,691,154,1
821,692,154,1
822,693,154,1
823,690,157,1
824,691,157,1
825,692,157,1
826,693,157,1
827,694,157,1
828,695,157,1
829,690,160,1
830,699,255,1
831,691,160,1
832,700,255,1
833,692,160,1
834,693,160,1
835,701,255,3
836,694,160,1
837,695,160,1
838,696,256,3
839,697,256,2
840,691,163,2
841,692,163,1
842,693,163,1
843,694,163,1
844,695,163,1
845,690,166,1
846,691,166,1
847,692,166,1
848,693,166,1
849,694,166,1
850,695,166,1
851,692,169,1
852,693,169,1
853,694,169,1
854,695,169,1
855,690,172,1
856,698,256,3
857,699,256,3
858,700,256,1
859,701,256,2
860,696,257,3
861,697,257,3
862,698,257,3
863,699,257,3
864,700,257,1
865,701,257,2
866,691,172,1
867,694,172,1
868,691,175,1
869,692,175,1
870,694,175,1
871,695,175,1
872,690,178,1
873,691,178,1
874,692,178,1
875,693,178,1
876,694,178,1
877,695,178,1
878,690,181,1
879,691,181,2
880,693,181,2
881,694,181,2
882,695,181,2
883,692,181,2
884,690,184,1
885,691,184,1
886,692,184,2
887,693,184,1
888,694,184,1
889,695,184,2
890,733,151,3
891,734,151,3
892,735,151,3
893,736,151,1
894,737,151,3
895,738,151,1
896,733,154,3
897,734,154,3
898,735,154,3
899,736,154,3
900,737,154,2
901,738,154,2
902,733,157,2
903,734,157,1
904,735,157,3
905,737,157,3
906,738,157,3
907,736,157,2
908,733,160,2
909,734,160,2
910,735,160,3
911,736,160,3
912,737,160,2
913,738,160,2
914,696,258,1
915,697,258,2
916,698,258,1
917,699,258,1
918,700,258,2
919,701,258,3
920,696,259,2
921,697,259,1
922,698,259,2
923,699,259,1
924,741,249,2
925,742,249,2
926,743,249,3
927,739,249,3
928,739,250,3
929,288,149,2
930,740,250,2
931,741,250,3
932,289,149,2
933,742,250,1
934,290,149,3
935,743,250,2
936,288,152,1
937,289,152,1
938,739,251,3
939,740,251,3
940,741,251,3
941,742,251,2
942,743,251,2
943,739,252,3
944,740,252,1
945,741,252,2
946,742,252,3
947,743,252,2
948,739,253,1
949,733,163,2
950,734,163,2
951,740,253,3
952,735,163,3
953,736,163,2
954,737,163,2
955,741,253,2
956,738,163,3
957,742,253,3
958,743,253,3
959,733,166,2
960,734,166,1
961,735,166,2
962,736,166,2
963,737,166,2
964,738,166,1
965,733,169,2
966,734,169,2
967,743,254,3
968,735,169,1
969,736,169,1
970,742,254,3
971,737,169,2
972,739,254,1
973,733,172,2
974,734,172,1
975,740,254,1
976,735,172,2
977,736,172,2
978,737,172,1
979,741,254,2
980,738,172,1
981,738,169,2
982,733,175,1
983,734,175,1
984,735,175,2
985,736,175,2
986,739,255,3
987,737,175,1
988,738,175,2
989,740,255,1
990,734,178,1
991,741,255,2
992,742,255,2
993,743,255,3
994,735,178,1
995,736,178,1
996,737,178,1
997,733,181,1
998,740,256,1
999,734,181,1
1000,735,181,1
1001,736,181,1
1002,737,181,1
1003,741,256,1
1004,738,181,1
1005,742,256,3
1006,734,184,1
1007,743,256,1
1008,736,184,1
1009,738,184,1
1010,739,257,1
1011,742,257,1
1012,740,258,2
1013,742,258,2
1014,739,259,2
1015,740,259,3
1016,744,249,2
1017,741,259,3
1018,742,259,2
1019,743,259,3
1020,739,260,2
1021,741,260,3
1022,742,260,1
1023,743,260,1
1024,745,249,3
1025,746,249,2
1026,748,249,3
1027,286,197,2
1028,286,198,2
1029,282,197,1
1030,282,202,2
1031,283,197,2
1032,283,199,3
1033,449,150,1
1034,283,198,3
1035,283,202,2
1036,283,203,1
1037,283,204,3
1038,284,197,2
1039,284,198,3
1040,284,199,3
1041,284,202,2
1042,284,203,1
1043,284,204,3
1044,285,197,2
1045,285,198,3
1046,285,199,3
1047,285,202,2
1048,285,204,3
1049,286,199,2
1050,286,200,1
1051,286,203,3
1052,286,204,3
1053,286,207,2
1054,570,197,3
1055,648,197,3
1056,649,197,3
1057,650,197,3
1058,651,197,3
1059,570,198,3
1060,648,198,3
1061,651,198,2
1062,650,198,3
1063,649,198,3
1064,570,199,2
1065,648,199,2
1066,649,199,2
1067,650,199,2
1068,651,199,2
1069,570,200,2
1070,648,200,2
1071,649,200,2
1072,650,200,2
1073,651,201,1
1074,570,201,1
1075,648,201,2
1076,649,201,2
1077,650,201,2
1078,510,197,3
1079,510,198,2
1080,510,199,3
1081,510,200,1
1082,510,201,2
1083,510,202,3
1084,570,202,2
1085,510,203,3
1086,648,202,2
1087,510,204,3
1088,649,202,2
1089,510,205,3
1090,650,202,2
1091,510,206,2
1092,651,202,2
1093,510,207,3
1094,510,208,3
1095,511,197,3
1096,511,198,2
1097,511,199,3
1098,511,200,1
1099,511,201,2
1100,511,202,3
1101,511,203,3
1102,511,204,3
1103,511,205,3
1104,511,206,2
1105,511,207,3
1106,511,208,3
1107,512,197,3
1108,512,198,2
1109,512,199,3
1110,512,200,1
1111,512,201,2
1112,512,202,3
1113,512,203,3
1114,512,204,3
1115,512,205,3
1116,512,206,2
1117,512,207,3
1118,512,208,3
1119,513,197,3
1120,513,198,2
1121,513,199,3
1122,570,203,2
1123,513,200,1
1124,513,201,2
1125,648,203,2
1126,513,202,3
1127,649,203,2
1128,513,203,3
1129,650,203,2
1130,513,204,3
1131,651,203,2
1132,513,205,3
1133,570,204,2
1134,513,206,2
1135,648,204,2
1136,649,204,2
1137,650,204,2
1138,651,204,2
1139,570,205,2
1140,513,207,3
1141,513,208,3
1142,648,205,3
1143,649,205,3
1144,514,197,3
1145,650,205,3
1146,514,198,3
1147,514,199,3
1148,651,205,1
1149,514,200,2
1150,514,201,2
1151,514,202,3
1152,651,206,1
1153,514,203,3
1154,514,204,3
1155,570,206,2
1156,514,205,3
1157,648,208,2
1158,570,208,2
1159,570,207,2
1160,648,206,2
1161,648,207,2
1162,649,206,2
1163,651,208,2
1164,514,206,2
1165,514,207,3
1166,650,206,2
1167,514,208,3
1168,651,207,2
1169,649,207,3
1170,649,208,2
1171,650,207,2
1172,650,208,2
1173,205,184,2
1174,205,163,1
1175,211,169,1
1176,760,249,2
1177,760,252,3
1178,763,249,3
1179,763,252,2
1180,764,253,3
1181,765,254,3
1182,766,255,3
1183,768,256,3
1184,723,224,2
1185,724,224,3
1186,725,224,3
1187,726,224,2
1188,721,224,1
1189,722,224,2
1190,721,225,1
1191,722,225,1
1192,723,225,1
1193,725,225,1
1194,726,225,1
1195,722,226,1
1196,657,249,3
1197,652,249,1
1198,653,249,3
1199,654,249,2
1200,655,249,1
1201,656,249,1
1202,652,250,1
1203,653,250,3
1204,654,250,1
1205,655,250,2
1206,656,250,1
1207,657,250,2
1208,652,251,2
1209,653,251,2
1210,654,251,1
1211,656,251,2
1212,657,251,1
1213,652,252,2
1214,653,252,2
1215,654,252,1
1216,655,252,2
1217,656,252,3
1218,657,252,1
1219,652,253,3
1220,653,253,2
1221,654,253,1
1222,655,253,3
1223,656,253,1
1224,657,253,1
1225,652,254,1
1226,653,254,2
1227,654,254,3
1228,655,254,1
1229,656,254,2
1230,657,254,1
1231,652,255,2
1232,653,255,1
1233,654,255,1
1234,655,255,2
1235,656,255,3
1236,657,255,1
1237,652,256,1
1238,653,256,3
1239,654,256,1
1240,655,256,1
1241,656,256,3
1242,657,256,1
1243,652,257,2
1244,653,257,1
1245,654,257,2
1246,655,257,1
1247,656,257,3
1248,657,257,1
1249,652,258,2
1250,653,258,3
1251,654,258,1
1252,655,258,2
1253,656,258,3
1254,656,259,1
1255,657,259,1
1256,652,260,2
1257,653,260,2
1258,654,260,3
1259,655,260,2
1260,656,260,2
1261,657,260,1
1262,786,156,3
1263,787,162,2
1264,788,209,3
1265,789,209,3
1266,790,209,3
1267,791,209,3
1268,792,209,3
1269,793,209,3
1270,788,210,3
1271,721,227,1
1272,800,237,3
1273,811,151,3
1274,811,154,3
1275,811,184,1
1276,817,185,3
1277,817,187,2
1278,818,185,3
1279,818,187,2
1280,819,185,3
1281,819,187,2
1282,819,188,3
1283,820,185,2
1284,820,187,2
1285,820,188,3
1286,821,185,2
1287,821,186,2
1288,821,187,2
1289,821,189,3
1290,821,191,3
1291,744,250,1
1292,745,250,3
1293,747,250,2
1294,828,249,1
1295,830,249,3
1296,412,209,3
1297,417,209,2
1298,418,209,2
1299,419,209,1
1300,408,220,1
1301,412,220,2
1302,417,220,3
1303,418,220,3
1304,419,220,3
1305,420,220,3
1306,408,219,1
1307,412,219,1
1308,417,219,3
1309,418,219,3
1310,419,219,3
1311,420,219,3
1312,412,218,1
1313,412,217,1
1314,417,215,3
1315,418,215,3
1316,419,215,3
1317,420,215,3
1318,412,214,1
1319,417,214,1
1320,418,214,1
1321,419,214,1
1322,420,214,1
1323,408,213,3
1324,412,213,3
1325,417,213,2
1326,418,213,2
1327,419,213,2
1328,420,213,2
1329,417,212,3
1330,412,212,2
1331,418,212,3
1332,419,212,3
1333,420,212,3
1334,412,216,1
1335,412,211,1
1336,417,211,1
1337,418,211,1
1338,419,211,1
1339,420,211,1
1340,408,210,2
1341,412,210,3
1342,417,210,3
1343,418,210,3
1344,419,210,2
1345,420,210,2
1346,831,249,1
1347,832,249,1
1348,833,249,3
1349,829,249,3
1350,457,156,1
1351,828,250,1
1352,450,162,1
1353,830,250,1
1354,831,250,2
1355,832,250,2
1356,833,250,3
1357,829,250,3
1358,830,251,1
1359,831,251,3
1360,832,251,3
1361,833,251,3
1362,829,251,3
1363,830,252,2
1364,831,252,1
1365,832,252,2
1366,833,252,2
1367,829,252,2
1368,828,253,1
1369,830,253,2
1370,831,253,3
1371,832,253,3
1372,833,253,3
1373,829,253,3
1374,831,254,1
1375,832,254,1
1376,833,254,1
1377,829,254,1
1378,94,153,1
1379,94,162,2
1380,95,153,2
1381,95,156,2
1382,95,162,1
1383,96,150,1
1384,97,156,2
1385,97,162,2
1386,98,150,2
1387,99,153,2
1388,99,156,3
1389,98,156,1
1390,100,150,3
1391,801,237,2
1392,802,237,3
1393,100,153,1
1394,100,162,2
1395,101,153,2
1396,101,156,2
1397,101,162,1
1398,102,150,1
1399,102,153,2
1400,103,156,2
1401,103,162,2
1402,104,150,2
1403,104,156,1
1404,845,153,2
1405,845,156,3
1406,454,183,1
1407,264,151,1
1408,265,151,1
1409,266,151,1
1410,147,151,2
1411,803,237,2
1412,804,237,3
1413,317,151,1
1414,266,154,2
1415,805,237,2
1416,266,157,1
1417,317,157,1
1418,264,157,1
1419,265,157,1
1420,267,160,1
1421,263,157,1
1422,149,154,3
1423,150,166,2
1424,148,151,3
1425,147,157,2
1426,318,149,2
1427,320,149,1
1428,846,151,2
1429,800,238,1
1430,846,154,1
1431,846,157,2
1432,320,152,2
1433,327,176,2
1434,847,151,1
1435,801,238,2
1436,848,151,1
1437,322,152,3
1438,849,151,1
1439,802,238,1
1440,850,151,1
1441,847,154,1
1442,848,154,2
1443,804,238,2
1444,849,154,2
1445,850,154,2
1446,805,238,1
1447,847,157,2
1448,800,239,2
1449,801,239,1
1450,802,239,1
1451,325,155,2
1452,327,161,2
1453,329,155,2
1454,803,239,1
1455,804,239,1
1456,805,239,2
1457,800,240,3
1458,801,240,2
1459,802,240,1
1460,803,240,2
1461,804,240,3
1462,805,240,2
1463,851,150,2
1464,852,150,1
1465,852,153,1
1466,854,156,3
1467,855,159,1
1468,852,165,1
1469,851,168,2
1470,853,168,2
1471,853,174,3
1472,852,177,3
1473,854,180,2
1474,851,183,2
1475,862,153,2
1476,862,156,2
1477,862,183,2
1478,863,150,3
1479,863,153,2
1480,863,156,3
1481,864,150,2
1482,864,183,2
1483,864,159,2
1484,865,165,2
1485,865,171,2
1486,866,150,2
1487,866,159,1
1488,319,149,3
1489,321,152,2
1490,321,155,3
1491,321,164,2
1492,321,179,2
1493,321,182,2
1494,323,149,2
1495,323,155,2
1496,323,176,2
1497,324,155,2
1498,324,161,2
1499,324,173,3
1500,324,176,3
1501,324,179,3
1502,326,149,2
1503,326,152,2
1504,326,155,3
1505,326,161,3
1506,326,179,2
1507,328,149,2
1508,328,152,2
1509,328,155,3
1510,328,158,2
1511,328,179,2
1512,328,173,3
1513,331,149,2
1514,332,149,1
1515,335,149,2
1516,331,152,2
1517,331,173,2
1518,332,155,2
1519,332,161,2
1520,332,173,3
1521,332,176,3
1522,332,179,2
1523,333,149,2
1524,333,179,2
1525,333,161,3
1526,334,149,2
1527,334,161,3
1528,335,182,2
1529,335,179,2
1530,335,173,3
1531,336,182,3
1532,336,179,2
1533,336,170,2
1534,383,154,2
1535,868,151,1
1536,869,157,1
1537,867,157,3
1538,130,160,1
1539,868,160,2
1540,130,163,1
1541,383,163,3
1542,867,163,2
1543,130,166,2
1544,868,166,2
1545,869,166,2
1546,383,169,2
1547,869,169,1
1548,867,172,1
1549,869,172,1
1550,130,172,2
1551,383,175,1
1552,867,175,2
1553,130,178,2
1554,130,181,2
1555,383,181,2
1556,130,184,2
1557,867,184,1
1558,383,184,2
1559,360,151,3
1560,365,151,3
1561,361,151,3
1562,362,151,3
1563,363,151,3
1564,364,151,3
1565,360,154,3
1566,361,154,3
1567,362,154,3
1568,363,154,3
1569,364,154,3
1570,365,154,3
1571,360,160,1
1572,361,160,1
1573,360,166,1
1574,361,166,1
1575,362,166,1
1576,360,175,1
1577,361,175,1
1578,362,175,1
1579,363,175,1
1580,364,175,1
1581,365,175,1
1582,360,178,1
1583,361,178,1
1584,360,184,1
1585,361,184,1
1586,362,184,1
1587,363,184,1
1588,364,184,1
1589,365,184,1
1590,114,197,3
1591,115,197,3
1592,116,197,3
1593,117,197,3
1594,120,197,3
1595,123,197,3
1596,114,198,2
1597,115,198,2
1598,116,198,2
1599,117,198,2
1600,120,198,3
1601,123,198,3
1602,114,199,2
1603,115,199,2
1604,116,199,2
1605,117,199,2
1606,120,199,3
1607,123,199,3
1608,114,200,3
1609,115,200,3
1610,116,200,3
1611,117,200,3
1612,120,200,3
1613,123,200,3
1614,114,201,2
1615,115,201,2
1616,116,201,2
1617,117,201,2
1618,120,201,1
1619,123,201,1
1620,114,202,1
1621,115,202,1
1622,116,202,1
1623,117,202,1
1624,120,202,1
1625,123,202,1
1626,114,203,2
1627,115,203,2
1628,116,203,2
1629,117,203,2
1630,120,203,1
1631,123,203,1
1632,120,205,1
1633,123,205,1
1634,114,206,1
1635,115,206,1
1636,116,206,1
1637,117,206,1
1638,114,207,2
1639,115,207,2
1640,116,207,2
1641,117,207,2
1642,120,207,3
1643,123,207,3
1644,114,208,3
1645,115,208,3
1646,116,208,3
1647,117,208,3
1648,120,208,1
1649,123,208,1
1650,492,197,3
1651,493,197,3
1652,494,197,3
1653,495,197,3
1654,496,197,3
1655,492,198,3
1656,493,198,3
1657,494,198,3
1658,495,198,3
1659,496,198,3
1660,492,199,2
1661,493,199,2
1662,494,199,3
1663,495,199,1
1664,496,199,1
1665,492,200,2
1666,493,200,2
1667,494,200,3
1668,495,200,1
1669,496,200,1
1670,492,202,1
1671,493,202,2
1672,494,202,2
1673,496,202,2
1674,492,206,1
1675,493,206,1
1676,494,206,1
1677,495,206,1
1678,496,206,1
1679,492,207,2
1680,492,208,2
1681,493,207,2
1682,493,208,2
1683,494,207,2
1684,494,208,2
1685,495,207,2
1686,495,208,2
1687,496,207,2
1688,496,208,2
1689,782,150,3
1690,785,162,3
1691,830,255,1
1692,831,255,1
1693,832,255,2
1694,833,255,2
1695,829,255,2
1696,830,256,1
1697,832,256,1
1698,833,256,1
1699,829,256,1
1700,828,257,3
1701,830,257,3
1702,831,257,3
1703,832,257,3
1704,833,257,3
1705,829,257,3
1706,830,258,1
1707,831,258,1
1708,832,258,1
1709,833,258,1
1710,829,258,1
1711,828,259,1
1712,830,259,2
1713,831,259,2
1714,832,259,2
1715,833,259,2
1716,829,259,2
1717,830,260,2
1718,831,260,3
1719,832,260,3
1720,833,260,3
1721,829,260,3
1722,890,197,2
1723,890,198,3
1724,890,199,3
1725,890,200,1
1726,890,201,2
1727,890,202,2
1728,890,203,3
1729,890,204,1
1730,890,205,3
1731,890,207,1
1732,945,258,2
1733,892,197,2
1734,892,198,1
1735,943,258,3
1736,944,258,3
1737,892,199,2
1738,892,200,2
1739,892,201,1
1740,892,206,1
1741,892,207,1
1742,895,197,3
1743,895,198,2
1744,895,199,3
1745,895,200,2
1746,895,201,3
1747,895,202,1
1748,895,203,1
1749,895,204,2
1750,895,205,2
1751,895,207,1
1752,895,208,2
1753,899,197,2
1754,948,251,2
1755,899,198,2
1756,899,199,2
1757,899,200,2
1758,899,201,1
1759,899,202,1
1760,899,203,2
1761,899,204,1
1762,899,205,1
1763,899,206,2
1764,899,207,1
1765,899,208,1
1766,900,197,1
1767,949,259,2
1768,900,200,2
1769,900,202,1
1770,900,203,2
1771,900,204,1
1772,900,206,1
1773,949,257,3
1774,900,207,1
1775,948,256,3
1776,948,255,2
1777,948,254,3
1778,946,252,2
1779,977,209,2
1780,978,209,1
1781,979,209,2
1782,980,209,1
1783,976,210,1
1784,977,210,3
1785,978,210,1
1786,979,210,1
1787,980,210,1
1788,977,211,2
1789,978,211,2
1790,979,211,1
1791,980,211,3
1792,976,212,2
1793,977,212,2
1794,978,212,2
1795,979,212,1
1796,980,212,1
1797,977,213,1
1798,978,213,2
1799,979,213,2
1800,980,213,2
1801,977,214,1
1802,978,214,3
1803,979,214,3
1804,980,214,2
1805,977,215,1
1806,978,215,3
1807,979,215,2
1808,980,215,2
1809,976,216,3
1810,977,216,3
1811,978,216,3
1812,979,216,3
1813,980,216,3
1814,977,217,2
1815,978,217,2
1816,979,217,2
1817,980,217,1
1818,976,218,1
1819,977,218,2
1820,978,218,3
1821,979,218,2
1822,980,218,1
1823,976,219,2
1824,977,219,1
1825,978,219,2
1826,979,219,2
1827,980,219,1
1828,977,220,2
1829,978,220,1
1830,979,220,2
1831,991,209,2
1832,989,210,2
1833,991,210,2
1834,989,212,2
1835,991,212,2
1836,987,213,2
1837,988,213,2
1838,989,213,3
1839,990,213,2
1840,991,213,2
1841,991,214,3
1842,987,215,2
1843,989,215,2
1844,991,215,3
1845,991,216,2
1846,218,209,3
1847,947,209,3
1848,218,210,3
1849,218,211,1
1850,947,210,2
1851,219,209,3
1852,947,212,1
1853,220,209,3
1854,950,209,3
1855,950,210,3
1856,950,212,1
1857,950,213,1
1858,951,209,3
1859,951,210,3
1860,951,211,3
1861,951,212,2
1862,951,213,1
1863,954,209,3
1864,954,210,3
1865,954,211,2
1866,954,212,2
1867,954,213,2
1868,957,209,3
1869,957,210,3
1870,957,211,2
1871,957,212,1
1872,957,213,2
1873,975,209,3
1874,975,210,2
1875,975,211,2
1876,975,212,1
1877,975,213,2
1878,744,251,2
1879,745,251,3
1880,746,251,1
1881,748,251,3
1882,913,249,3
1883,912,249,2
1884,914,249,2
1885,913,250,3
1886,914,250,2
1887,915,250,2
1888,914,251,3
1889,916,251,3
1890,913,252,3
1891,914,252,2
1892,915,252,3
1893,916,252,3
1894,916,253,3
1895,913,254,3
1896,912,255,3
1897,916,257,2
1898,914,258,2
1899,912,259,1
1900,915,259,2
1901,915,260,1
1902,916,260,2
1903,912,256,2
1904,915,256,1
1905,433,190,3
1906,434,190,3
1907,435,190,3
1908,436,190,3
1909,437,190,3
1910,437,192,3
1911,433,192,3
1912,434,192,3
1913,435,192,3
1914,436,192,3
1915,1048,237,2
1916,1048,239,3
1917,1048,240,1
1918,1048,242,2
1919,1048,243,2
1920,1049,237,1
1921,1049,239,1
1922,1049,240,1
1923,1049,242,1
1924,1049,243,1
1925,564,150,2
1926,1050,237,2
1927,565,150,1
1928,1050,239,2
1929,1050,240,1
1930,1050,242,3
1931,1050,243,2
1932,1050,246,3
1933,1051,237,1
1934,1051,238,1
1935,1051,239,2
1936,566,150,1
1937,1051,240,1
1938,1051,241,1
1939,1051,242,1
1940,1051,243,1
1941,1051,246,1
1942,1052,237,1
1943,1052,239,3
1944,1052,240,2
1945,1052,241,1
1946,1052,242,2
1947,566,159,1
1948,1052,243,2
1949,567,159,1
1950,1052,247,1
1951,744,252,1
1952,568,150,1
1953,745,252,3
1954,746,252,2
1955,569,150,1
1956,569,153,1
1957,747,252,2
1958,748,252,3
1959,745,253,2
1960,747,253,1
1961,748,253,2
1962,800,241,3
1963,801,241,2
1964,802,241,1
1965,803,241,1
1966,804,241,2
1967,805,241,3
1968,800,242,2
1969,390,198,1
1970,801,242,1
1971,803,242,1
1972,804,242,1
1973,392,199,1
1974,392,200,1
1975,392,201,2
1976,800,243,1
1977,392,197,2
1978,392,198,1
1979,393,199,1
1980,394,202,1
1981,394,203,1
1982,394,197,1
1983,394,198,2
1984,394,200,1
1985,1057,200,1
1986,1057,201,1
1987,1058,197,3
1988,1057,202,2
1989,1057,203,1
1990,1059,197,3
1991,1057,197,1
1992,1057,198,1
1993,1057,199,2
1994,1058,198,3
1995,1058,199,3
1996,1058,200,2
1997,1058,201,2
1998,1058,202,3
1999,1058,203,2
2000,1058,204,3
2001,1058,205,2
2002,1058,206,2
2003,1058,207,2
2004,1058,208,3
2005,1059,208,3
2006,1059,198,3
2007,1059,199,3
2008,1059,200,2
2009,1059,201,2
2010,1059,202,3
2011,1059,203,3
2012,1059,204,3
2013,1059,205,2
2014,1059,206,3
2015,1059,207,3
2016,1060,197,3
2017,1060,198,3
2018,1060,199,3
2019,1060,200,2
2020,1060,201,2
2021,1060,202,3
2022,1060,203,2
2023,1060,204,3
2024,1060,205,3
2025,1060,206,3
2026,1060,207,3
2027,1060,208,3
2028,1061,197,3
2029,1061,198,3
2030,1061,199,3
2031,1061,200,3
2032,1061,201,2
2033,1061,202,2
2034,1061,203,3
2035,1061,204,3
2036,1061,205,2
2037,1061,206,2
2038,1061,207,2
2039,1061,208,3
2040,1062,197,3
2041,1062,198,3
2042,747,255,2
2043,1062,199,3
2044,1062,200,2
2045,1062,201,2
2046,748,255,2
2047,1062,202,3
2048,1062,203,2
2049,1062,204,3
2050,1062,205,3
2051,1062,206,3
2052,1062,207,3
2053,1062,208,3
2054,744,257,2
2055,745,257,3
2056,746,257,1
2057,747,257,3
2058,748,257,2
2059,744,258,2
2060,745,258,3
2061,746,258,1
2062,747,258,2
2063,748,258,3
2064,744,259,2
2065,801,244,1
2066,745,259,2
2067,802,244,1
2068,803,244,1
2069,804,244,1
2070,805,244,2
2071,800,245,2
2072,804,245,2
2073,805,245,1
2074,747,259,1
2075,748,259,2
2076,800,246,2
2077,801,246,2
2078,802,246,3
2079,745,260,2
2080,803,246,2
2081,804,246,2
2082,805,246,2
2083,800,247,1
2084,801,247,2
2085,802,247,1
2086,803,247,2
2087,804,247,2
2088,747,260,1
2089,748,260,2
2090,723,227,1
2091,724,227,1
2092,725,227,1
2093,726,227,1
2094,721,228,1
2095,722,228,2
2096,723,228,1
2097,724,228,1
2098,725,228,3
2099,726,228,3
2100,721,229,2
2101,721,230,1
2102,800,248,1
2103,721,231,3
2104,801,248,2
2105,722,231,3
2106,802,248,1
2107,803,248,2
2108,804,248,1
2109,805,248,1
2110,723,231,1
2111,801,243,1
2112,802,243,2
2113,721,232,1
2114,803,243,2
2115,804,243,2
2116,722,232,2
2117,906,260,3
2118,902,260,3
2119,903,260,3
2120,905,260,2
2121,904,260,3
2122,903,253,2
2123,904,253,3
2124,906,253,2
2125,901,249,2
2126,1081,197,3
2127,1082,197,3
2128,1083,197,3
2129,1084,197,3
2130,1085,197,3
2131,1081,198,2
2132,1082,198,2
2133,1083,198,3
2134,1084,198,3
2135,1085,198,3
2136,1081,199,3
2137,1082,199,3
2138,1083,199,3
2139,1084,199,3
2140,1085,199,2
2141,1081,200,3
2142,1082,200,2
2143,1083,200,2
2144,1084,200,3
2145,1085,200,3
2146,1081,201,3
2147,1082,201,2
2148,1083,201,2
2149,1084,201,3
2150,1085,201,3
2151,1081,202,2
2152,1082,202,3
2153,1083,202,3
2154,1084,202,3
2155,1085,202,2
2156,1081,203,2
2157,1082,203,2
2158,1083,203,2
2159,1084,203,2
2160,1085,203,1
2161,1081,204,2
2162,1082,204,3
2163,1083,204,3
2164,1084,204,3
2165,1085,204,3
2166,1081,205,3
2167,1082,205,1
2168,1083,205,2
2169,1084,205,2
2170,1085,205,2
2171,1081,206,2
2172,1082,206,2
2173,1083,206,2
2174,1084,206,3
2175,1085,206,2
2176,1081,207,3
2177,1082,207,2
2178,1083,207,2
2179,1084,207,2
2180,1085,207,2
2181,1081,208,3
2182,1082,208,2
2183,1083,208,2
2184,1084,208,2
2185,1085,208,2
2186,1016,237,2
2187,1017,237,3
2188,1021,237,2
2189,1023,237,3
2190,1024,237,3
2191,1016,238,3
2192,1017,238,3
2193,1021,238,2
2194,1023,238,3
2195,1024,238,3
2196,1016,239,3
2197,1017,239,1
2198,1021,239,2
2199,1023,239,2
2200,1024,239,2
2201,1016,240,1
2202,1017,240,2
2203,1021,240,2
2204,1023,240,3
2205,1024,240,3
2206,1016,241,2
2207,1017,241,1
2208,1021,241,2
2209,1023,241,3
2210,1024,241,3
2211,1016,242,1
2212,1017,242,1
2213,1115,249,3
2214,1117,249,3
2215,1118,249,2
2216,1121,249,3
2217,1123,249,3
2218,1124,249,1
2219,1021,242,2
2220,1115,250,3
2221,1023,242,3
2222,1024,242,3
2223,1117,250,3
2224,1016,243,2
2225,1017,243,1
2226,1118,250,1
2227,1021,243,1
2228,1023,243,3
2229,1024,243,3
2230,1121,250,2
2231,1016,244,1
2232,1123,250,2
2233,1021,244,1
2234,1023,244,2
2235,1024,244,2
2236,1124,250,1
2237,1017,245,2
2238,1021,245,1
2239,1023,245,1
2240,1024,245,1
2241,1016,246,1
2242,1021,246,2
2243,1023,246,1
2244,1024,246,2
2245,1016,247,2
2246,1017,247,1
2247,1021,247,3
2248,1023,247,2
2249,1024,247,3
2250,1016,248,3
2251,1017,248,1
2252,1021,248,1
2253,1023,248,3
2254,1024,248,3
2255,1115,251,1
2256,1117,251,1
2257,1118,251,2
2258,1121,251,3
2259,291,149,1
2260,1123,251,1
2261,292,149,2
2262,1124,251,1
2263,292,152,2
2264,293,149,1
2265,293,152,2
2266,293,155,1
2267,289,155,1
2268,290,155,1
2269,288,155,1
2270,105,178,3
2271,288,158,2
2272,288,161,2
2273,288,164,1
2274,288,167,1
2275,708,249,2
2276,710,249,3
2277,711,249,3
2278,712,249,3
2279,717,249,3
2280,708,250,3
2281,708,251,3
2282,710,251,1
2283,711,251,3
2284,712,251,3
2285,717,251,3
2286,709,249,2
2287,708,252,2
2288,1115,252,2
2289,1117,252,1
2290,1118,252,3
2291,1121,252,3
2292,1123,252,2
2293,1124,252,3
2294,1117,253,1
2295,1118,253,3
2296,1121,253,2
2297,1123,253,2
2298,1124,253,3
2299,1117,254,2
2300,1118,254,1
2301,1121,254,2
2302,1124,254,2
2303,1115,255,2
2304,1121,255,1
2305,1123,255,2
2306,1117,256,1
2307,1121,256,1
2308,1115,257,2
2309,1117,257,2
2310,1118,257,3
2311,1121,257,3
2312,1123,257,1
2313,1124,257,2
2314,1124,258,1
2315,1115,258,1
2316,1117,258,1
2317,1123,258,1
2318,1146,189,2
2319,1115,259,2
2320,1117,259,2
2321,1118,259,1
2322,1148,186,3
2323,1121,259,2
2324,1148,187,3
2325,1123,259,2
2326,1149,186,2
2327,1149,187,2
2328,1115,260,2
2329,1149,195,3
2330,1117,260,2
2331,1118,260,3
2332,1121,260,3
2333,1123,260,2
2334,1150,189,2
2335,1124,260,2
2336,1150,195,3
2337,1151,189,2
2338,1155,262,3
2339,1157,262,3
2340,1169,185,2
2341,1169,186,2
2342,1169,196,3
2343,1161,262,2
2344,1164,262,2
2345,1170,185,2
2346,1156,188,2
2347,1170,186,2
2348,1170,195,2
2349,1156,189,3
2350,1170,196,2
2351,1171,186,2
2352,1171,187,2
2353,1171,188,2
2354,1172,186,2
2355,1172,187,2
2356,1172,188,2
2357,1173,187,2
2358,1173,188,1
2359,1174,187,2
2360,1156,190,2
2361,1160,185,2
2362,1160,188,2
2363,1160,189,2
2364,1163,185,2
2365,1163,188,3
2366,1163,190,2
2367,1165,185,3
2368,1165,188,3
2369,288,170,1
2370,288,173,2
2371,288,176,3
2372,288,179,2
2373,288,182,2
2374,289,158,1
2375,289,161,1
2376,289,164,2
2377,289,167,1
2378,1166,188,3
2379,289,170,1
2380,1166,190,2
2381,290,152,1
2382,1167,188,2
2383,290,161,1
2384,1167,189,3
2385,290,164,2
2386,290,167,1
2387,1167,190,2
2388,290,158,1
2389,1167,195,2
2390,289,173,2
2391,289,176,1
2392,289,179,1
2393,289,182,2
2394,713,249,2
2395,714,249,1
2396,716,249,3
2397,718,249,2
2398,713,251,1
2399,587,149,2
2400,588,149,2
2401,713,250,3
2402,588,152,2
2403,714,250,2
2404,589,149,2
2405,589,158,2
2406,590,149,2
2407,591,149,2
2408,592,149,2
2409,718,251,3
2410,713,260,1
2411,715,260,2
2412,718,260,1
2413,718,259,1
2414,713,255,1
2415,714,255,1
2416,715,255,3
2417,716,255,2
2418,718,255,2
2419,718,254,2
2420,721,276,3
2421,722,276,3
2422,723,276,2
2423,724,276,2
2424,725,276,2
2425,726,276,1
2426,721,277,1
2427,721,278,2
2428,722,278,2
2429,723,278,2
2430,724,278,1
2431,725,278,2
2432,726,278,1
2433,1103,250,3
2434,1103,249,3
2435,856,151,2
2436,856,184,1
2437,856,154,3
2438,893,249,2
2439,894,249,2
2440,894,251,1
2441,894,253,3
2442,896,253,3
2443,897,249,3
2444,897,253,3
2445,1201,197,3
2446,1201,198,3
2447,1201,199,3
2448,1201,200,3
2449,1202,200,3
2450,1202,197,3
2451,1202,198,3
2452,1202,199,3
2453,1203,198,3
2454,1203,200,3
2455,1203,197,3
2456,1203,199,3
2457,1007,197,3
2458,1204,197,3
2459,1204,198,3
2460,1204,199,3
2461,1204,200,3
2462,1007,198,3
2463,1007,199,3
2464,1007,200,3
2465,1201,201,2
2466,1201,202,2
2467,1205,197,3
2468,1007,202,1
2469,1205,198,3
2470,1007,203,3
2471,1205,199,3
2472,1205,200,3
2473,1205,201,1
2474,1205,202,2
2475,1205,203,2
2476,1205,204,2
2477,1007,207,1
2478,1205,205,2
2479,1205,206,3
2480,1007,208,1
2481,1205,207,3
2482,1205,208,2
2483,1008,197,3
2484,1008,198,2
2485,1008,199,3
2486,1008,200,3
2487,1201,204,1
2488,1201,205,3
2489,1008,202,1
2490,1201,206,3
2491,1201,207,1
2492,1008,203,2
2493,1201,208,2
2494,1202,208,2
2495,1008,207,1
2496,1202,201,2
2497,1008,208,1
2498,1202,202,2
2499,1202,204,1
2500,1202,205,3
2501,1202,206,3
2502,1202,207,2
2503,1009,200,1
2504,1009,201,1
2505,1203,201,1
2506,1203,202,2
2507,1203,203,1
2508,1203,204,1
2509,1203,205,3
2510,1009,206,3
2511,1203,206,3
2512,1009,207,1
2513,1203,207,2
2514,1009,208,3
2515,1203,208,3
2516,1010,197,2
2517,1010,198,3
2518,1204,201,1
2519,1010,199,2
2520,1010,200,2
2521,1204,202,2
2522,1010,202,1
2523,1204,203,1
2524,1204,204,2
2525,1010,203,1
2526,1204,205,2
2527,1204,206,3
2528,1204,207,3
2529,1204,208,3
2530,1010,207,1
2531,1010,208,1
2532,1011,197,3
2533,1011,198,2
2534,1011,199,3
2535,1011,200,3
2536,1011,201,2
2537,1011,202,1
2538,1011,207,1
2539,1011,208,1
2540,1012,197,3
2541,1012,198,3
2542,1012,199,3
2543,1012,200,3
2544,1012,202,1
2545,1012,207,1
2546,1012,208,1
2547,931,237,3
2548,931,238,3
2549,931,239,3
2550,931,240,3
2551,931,241,3
2552,931,243,2
2553,931,244,1
2554,931,245,1
2555,931,246,1
2556,931,247,2
2557,931,248,1
2558,931,242,2
2559,932,237,3
2560,932,238,3
2561,932,239,3
2562,932,240,3
2563,932,241,3
2564,932,242,2
2565,932,243,2
2566,932,244,1
2567,932,245,1
2568,932,246,1
2569,932,247,2
2570,932,248,1
2571,933,237,3
2572,933,238,3
2573,933,239,3
2574,933,240,3
2575,933,241,3
2576,933,242,2
2577,366,224,2
2578,933,243,2
2579,933,244,1
2580,368,224,1
2581,933,245,1
2582,933,246,1
2583,369,224,3
2584,933,247,2
2585,933,248,1
2586,371,224,2
2587,934,237,3
2588,934,238,3
2589,934,239,3
2590,934,240,3
2591,934,241,3
2592,934,242,2
2593,934,243,2
2594,934,244,1
2595,934,245,1
2596,934,246,1
2597,934,247,2
2598,934,248,1
2599,935,237,3
2600,935,238,3
2601,935,239,3
2602,935,240,3
2603,935,241,3
2604,935,242,2
2605,935,243,2
2606,935,244,1
2607,935,245,1
2608,935,246,1
2609,935,247,2
2610,935,248,1
2611,936,237,3
2612,936,238,3
2613,936,239,3
2614,936,240,3
2615,936,241,3
2616,936,242,2
2617,936,243,2
2618,936,244,1
2619,936,245,1
2620,936,246,1
2621,936,247,2
2622,936,248,1
2623,1182,237,3
2624,1183,237,2
2625,1184,237,2
2626,1185,237,3
2627,1186,237,3
2628,1182,238,3
2629,1183,238,3
2630,1184,238,3
2631,1185,238,3
2632,1186,238,3
2633,1182,239,3
2634,1183,239,3
2635,1184,239,2
2636,1185,239,3
2637,1186,239,3
2638,1182,240,3
2639,1183,240,2
2640,1184,240,3
2641,367,224,1
2642,370,224,1
2643,366,225,2
2644,367,225,2
2645,368,225,1
2646,369,225,2
2647,370,225,1
2648,371,225,2
2649,1185,240,3
2650,366,226,2
2651,1186,240,3
2652,367,226,1
2653,368,226,2
2654,369,226,2
2655,370,226,1
2656,371,226,2
2657,1182,241,2
2658,727,197,3
2659,728,197,3
2660,729,197,3
2661,1183,241,2
2662,366,227,2
2663,730,197,3
2664,731,197,3
2665,367,227,1
2666,732,197,3
2667,1184,241,2
2668,727,198,3
2669,368,227,2
2670,728,198,3
2671,1185,241,3
2672,369,227,2
2673,729,198,3
2674,370,227,1
2675,730,198,3
2676,371,227,2
2677,731,198,3
2678,1186,241,3
2679,732,198,3
2680,366,228,2
2681,727,199,2
2682,728,199,2
2683,729,199,2
2684,730,199,2
2685,731,199,2
2686,732,199,2
2687,368,228,2
2688,727,205,1
2689,369,228,2
2690,728,205,1
2691,729,205,1
2692,370,228,2
2693,730,205,1
2694,371,228,1
2695,731,205,1
2696,732,205,1
2697,727,208,1
2698,728,208,1
2699,729,208,1
2700,730,208,1
2701,731,208,1
2702,368,229,1
2703,732,208,1
2704,370,229,1
2705,371,229,1
2706,366,230,1
2707,368,230,1
2708,370,230,1
2709,727,185,3
2710,728,185,3
2711,729,185,3
2712,730,185,3
2713,367,232,1
2714,731,185,3
2715,732,185,3
2716,368,232,1
2717,727,186,2
2718,369,232,1
2719,370,232,1
2720,371,232,1
2721,370,276,2
2722,371,276,2
2723,366,276,1
2724,366,277,2
2725,367,277,1
2726,728,186,2
2727,729,186,2
2728,368,277,1
2729,369,277,2
2730,730,186,2
2731,731,186,2
2732,370,277,1
2733,732,186,2
2734,371,277,1
2735,727,188,1
2736,728,188,1
2737,366,278,1
2738,729,188,1
2739,367,278,1
2740,730,188,1
2741,731,188,1
2742,368,278,1
2743,732,188,1
2744,370,278,1
2745,371,278,2
2746,727,192,1
2747,728,192,1
2748,729,192,1
2749,730,192,1
2750,731,192,1
2751,732,192,1
2752,727,193,1
2753,728,193,1
2754,729,193,1
2755,730,193,1
2756,731,193,1
2757,732,193,1
2758,727,262,2
2759,727,263,3
2760,728,262,2
2761,728,263,2
2762,729,262,3
2763,729,263,2
2764,730,262,3
2765,730,263,3
2766,731,262,3
2767,731,263,3
2768,732,263,3
2769,732,262,3
2770,727,209,3
2771,727,210,3
2772,728,209,3
2773,728,210,3
2774,729,209,3
2775,729,210,3
2776,730,209,3
2777,730,210,3
2778,731,209,3
2779,731,210,3
2780,732,209,3
2781,732,210,3
2782,811,157,3
2783,811,160,3
2784,812,151,3
2785,812,154,3
2786,812,157,3
2787,813,151,3
2788,813,154,3
2789,813,157,3
2790,814,151,3
2791,1224,272,2
2792,814,154,3
2793,815,151,3
2794,815,154,3
2795,816,151,3
2796,816,154,3
2797,1225,272,2
2798,1226,272,2
2799,1227,271,2
2800,1228,271,2
2801,346,209,2
2802,1259,249,1
2803,1256,249,2
2804,1256,250,2
2805,1257,249,1
2806,1257,250,3
2807,1258,250,3
2808,1258,251,2
2809,1258,253,1
2810,1258,252,3
2811,1259,250,2
2812,1259,251,3
2813,1259,252,3
2814,1259,253,2
2815,1262,249,1
2816,1262,251,1
2817,1262,254,3
2818,1262,255,1
2819,1262,256,2
2820,1262,260,3
2821,480,249,3
2822,481,249,3
2823,482,249,3
2824,485,249,1
2825,485,250,3
2826,480,250,3
2827,481,250,3
2828,480,251,3
2829,481,251,3
2830,482,250,3
2831,482,251,3
2832,483,249,2
2833,483,250,3
2834,483,251,3
2835,480,252,2
2836,481,252,3
2837,482,252,3
2838,483,252,2
2839,484,249,2
2840,1141,237,2
2841,1142,237,2
2842,1143,237,3
2843,1144,237,3
2844,1145,237,3
2845,1147,237,2
2846,1142,238,2
2847,1143,238,1
2848,1144,238,1
2849,1145,239,1
2850,1141,240,1
2851,1142,240,1
2852,1143,240,1
2853,1144,240,2
2854,1145,240,2
2855,1147,240,1
2856,1141,241,2
2857,1142,241,2
2858,1143,241,3
2859,1144,241,2
2860,750,150,3
2861,751,150,3
2862,752,150,3
2863,753,150,3
2864,754,153,3
2865,754,150,3
2866,755,150,3
2867,750,153,3
2868,751,153,3
2869,752,153,3
2870,1145,241,1
2871,753,153,3
2872,1147,241,1
2873,755,153,3
2874,1144,242,1
2875,1145,242,1
2876,750,156,1
2877,1141,243,1
2878,1142,243,1
2879,1143,243,2
2880,751,156,1
2881,1144,243,1
2882,1145,243,2
2883,752,156,1
2884,1147,243,2
2885,753,156,1
2886,754,156,1
2887,755,156,1
2888,1141,247,3
2889,750,159,2
2890,1142,247,3
2891,1143,247,1
2892,1144,247,1
2893,751,159,1
2894,752,159,1
2895,753,159,1
2896,754,159,1
2897,755,159,1
2898,750,174,1
2899,751,174,1
2900,752,174,1
2901,750,177,1
2902,750,180,1
2903,750,183,1
2904,753,183,1
2905,754,183,1
2906,752,180,1
2907,753,177,1
2908,752,183,1
2909,751,183,1
2910,755,183,1
2911,755,180,1
2912,1145,247,1
2913,1147,247,1
2914,486,224,3
2915,487,224,3
2916,1285,249,1
2917,1286,249,2
2918,1287,249,3
2919,1288,249,3
2920,1285,250,3
2921,1286,250,3
2922,1287,250,3
2923,1288,250,2
2924,1289,260,2
2925,488,224,3
2926,489,224,3
2927,490,224,3
2928,491,224,3
2929,1289,257,1
2930,486,225,3
2931,487,225,3
2932,1289,251,3
2933,1289,253,3
2934,1289,254,1
2935,1289,256,1
2936,1288,252,1
2937,1287,252,1
2938,1286,252,2
2939,1285,251,2
2940,1285,252,1
2941,1285,253,1
2942,1289,255,2
2943,378,224,3
2944,379,224,3
2945,380,224,1
2946,381,224,2
2947,382,224,3
2948,384,224,3
2949,378,225,3
2950,379,225,2
2951,380,225,2
2952,381,225,2
2953,382,225,2
2954,384,225,2
2955,378,226,3
2956,379,226,3
2957,380,226,2
2958,381,226,1
2959,382,226,3
2960,384,226,1
2961,378,227,3
2962,379,227,3
2963,380,227,2
2964,381,227,1
2965,382,227,2
2966,384,227,1
2967,378,228,3
2968,379,228,2
2969,380,228,1
2970,381,228,1
2971,382,228,2
2972,384,228,1
2973,378,229,1
2974,381,229,1
2975,382,229,1
2976,379,230,1
2977,381,230,1
2978,382,230,2
2979,378,231,2
2980,379,231,2
2981,382,231,1
2982,378,232,2
2983,379,232,1
2984,381,232,1
2985,382,232,1
2986,378,276,3
2987,379,276,2
2988,381,276,1
2989,382,276,1
2990,378,277,2
2991,379,277,1
2992,381,277,1
2993,382,277,1
2994,384,277,1
2995,378,278,2
2996,379,278,2
2997,381,278,1
2998,382,278,1
2999,243,185,3
3000,251,185,3
3001,250,186,2
3002,251,186,3
3003,250,188,2
3004,250,189,3
3005,250,192,2
3006,252,192,2
3007,721,281,3
3008,722,280,1
3009,722,281,3
3010,723,281,2
3011,723,283,1
3012,724,281,2
3013,724,287,1
3014,725,281,2
3015,725,282,1
3016,725,285,1
3017,726,281,3
3018,726,282,2
3019,726,284,1
3020,726,287,3
3021,1109,237,2
3022,1109,238,3
3023,1109,241,3
3024,1109,248,3
3025,1110,237,2
3026,1110,238,3
3027,1110,248,3
3028,1111,238,3
3029,1111,248,3
3030,1112,237,1
3031,1112,238,2
3032,1112,248,3
3033,1113,238,3
3034,1113,241,2
3035,1113,248,3
3036,366,209,3
3037,367,209,3
3038,368,209,3
3039,369,209,3
3040,370,209,3
3041,371,209,3
3042,366,210,3
3043,367,210,2
3044,368,210,2
3045,369,210,2
3046,370,210,3
3047,371,210,3
3048,366,211,1
3049,367,211,1
3050,368,211,2
3051,369,211,1
3052,370,211,3
3053,371,211,3
3054,366,212,3
3055,367,212,2
3056,368,212,2
3057,369,212,2
3058,370,212,3
3059,371,212,2
3060,366,213,3
3061,367,213,2
3062,368,213,2
3063,369,213,2
3064,370,213,2
3065,371,213,2
3066,366,214,2
3067,367,214,1
3068,368,214,2
3069,369,214,1
3070,370,214,2
3071,371,214,2
3072,366,215,2
3073,367,215,2
3074,368,215,2
3075,369,215,2
3076,370,215,2
3077,371,215,2
3078,366,216,1
3079,369,216,1
3080,370,216,1
3081,371,216,1
3082,366,217,2
3083,367,217,1
3084,368,217,1
3085,369,217,1
3086,370,217,2
3087,371,217,2
3088,366,218,3
3089,367,218,1
3090,368,218,2
3091,369,218,2
3092,370,218,2
3093,371,218,2
3094,366,219,3
3095,367,219,1
3096,368,219,2
3097,369,219,1
3098,370,219,2
3099,371,219,2
3100,366,220,1
3101,367,220,1
3102,368,220,1
3103,369,220,2
3104,370,220,2
3105,371,220,2
3106,378,209,3
3107,379,209,3
3108,380,209,2
3109,381,209,2
3110,382,209,3
3111,384,209,1
3112,378,210,3
3113,379,210,3
3114,380,210,2
3115,381,210,2
3116,382,210,3
3117,384,210,2
3118,378,211,2
3119,379,211,2
3120,380,211,1
3121,381,211,2
3122,382,211,3
3123,384,211,1
3124,378,212,3
3125,379,212,3
3126,380,212,2
3127,381,212,2
3128,382,212,2
3129,384,212,1
3130,378,213,3
3131,379,213,2
3132,380,213,2
3133,381,213,2
3134,382,213,2
3135,384,213,1
3136,378,214,2
3137,379,214,2
3138,380,214,1
3139,381,214,1
3140,382,214,2
3141,384,214,1
3142,378,215,3
3143,379,215,2
3144,380,215,1
3145,381,215,1
3146,382,215,3
3147,384,215,1
3148,378,216,2
3149,379,216,2
3150,380,216,1
3151,381,216,1
3152,382,216,1
3153,384,216,1
3154,378,217,2
3155,379,217,2
3156,380,217,1
3157,381,217,1
3158,382,217,2
3159,384,217,1
3160,378,218,3
3161,379,218,2
3162,380,218,1
3163,381,218,1
3164,382,218,2
3165,384,218,1
3166,378,219,3
3167,379,219,2
3168,380,219,1
3169,381,219,2
3170,382,219,2
3171,384,219,1
3172,378,220,3
3173,379,220,2
3174,380,220,1
3175,381,220,1
3176,382,220,2
3177,384,220,1
3178,486,197,3
3179,486,198,3
3180,486,199,2
3181,486,204,1
3182,486,205,1
3183,486,208,1
3184,487,197,3
3185,487,198,3
3186,487,199,2
3187,487,205,1
3188,487,208,1
3189,488,197,3
3190,488,198,3
3191,488,199,2
3192,488,205,1
3193,488,208,1
3194,489,197,3
3195,489,198,3
3196,489,199,2
3197,489,205,1
3198,489,208,1
3199,490,197,3
3200,490,198,3
3201,490,199,2
3202,490,205,1
3203,490,208,1
3204,491,197,3
3205,491,198,3
3206,491,199,2
3207,491,205,1
3208,491,208,1
3209,1322,263,2
3210,1320,262,1
3211,1330,209,3
3212,1334,209,3
3213,1330,210,3
3214,1334,210,3
3215,486,262,3
3216,487,262,3
3217,488,262,3
3218,489,262,3
3219,490,262,3
3220,491,262,3
3221,1334,212,3
3222,486,263,3
3223,487,263,3
3224,488,263,3
3225,489,263,3
3226,490,263,3
3227,491,263,3
3228,1331,213,3
3229,486,264,1
3230,487,264,1
3231,486,265,1
3232,487,265,1
3233,490,266,1
3234,491,266,1
3235,486,267,1
3236,487,267,1
3237,486,268,1
3238,486,271,1
3239,486,272,1
3240,486,273,1
3241,491,273,1
3242,490,273,1
3243,490,270,1
3244,488,225,3
3245,490,225,3
3246,491,225,3
3247,486,226,1
3248,487,226,1
3249,490,226,1
3250,489,225,3
3251,490,227,2
3252,491,227,2
3253,491,226,1
3254,490,228,1
3255,491,228,1
3256,486,230,1
3257,487,230,1
3258,486,276,1
3259,487,276,1
3260,486,277,1
3261,487,277,1
3262,490,277,1
3263,491,277,1
3264,161,273,1
3265,161,263,1
3266,161,264,1
3267,161,266,1
3268,161,267,1
3269,161,268,1
3270,161,269,1
3271,161,270,1
3272,161,271,1
3273,161,272,1
3274,161,262,1
3275,161,265,1
3276,162,262,2
3277,162,264,2
3278,162,266,1
3279,162,267,1
3280,162,269,1
3281,162,270,1
3282,162,271,2
3283,162,272,1
3284,162,273,2
3285,163,264,2
3286,163,267,1
3287,163,268,1
3288,163,269,1
3289,163,271,1
3290,163,272,1
3291,163,273,1
3292,164,264,1
3293,164,267,2
3294,164,268,1
3295,164,269,1
3296,164,270,1
3297,164,271,1
3298,164,272,1
3299,164,273,2
3300,165,262,2
3301,165,264,2
3302,165,266,1
3303,165,267,1
3304,165,268,1
3305,165,269,1
3306,165,271,1
3307,165,273,2
3308,166,262,1
3309,166,264,1
3310,166,266,1
3311,166,267,1
3312,166,269,1
3313,166,270,1
3314,166,271,2
3315,166,272,1
3316,166,273,1
3317,161,224,1
3318,161,225,1
3319,161,228,1
3320,161,229,1
3321,161,231,1
3322,161,232,1
3323,161,277,1
3324,161,278,1
3325,162,224,1
3326,162,229,1
3327,162,230,1
3328,162,231,1
3329,162,276,1
3330,163,228,1
3331,163,229,1
3332,163,231,1
3333,163,232,1
3334,163,277,1
3335,163,278,1
3336,164,226,1
3337,164,229,1
3338,164,230,1
3339,164,231,1
3340,164,232,1
3341,164,276,1
3342,164,277,1
3343,165,225,1
3344,165,226,1
3345,165,228,2
3346,165,229,1
3347,165,230,1
3348,165,232,1
3349,165,276,1
3350,165,278,2
3351,166,226,1
3352,166,228,1
3353,166,231,1
3354,166,232,2
3355,166,276,2
3356,166,277,1
3357,166,278,1
3358,161,237,2
3359,161,238,1
3360,161,239,1
3361,161,241,1
3362,161,242,1
3363,161,243,2
3364,161,244,2
3365,161,245,1
3366,161,247,1
3367,161,248,1
3368,162,237,1
3369,162,238,2
3370,162,239,1
3371,162,241,1
3372,162,242,2
3373,162,243,1
3374,162,244,1
3375,162,247,1
3376,162,248,1
3377,163,237,1
3378,163,238,1
3379,163,240,1
3380,163,241,1
3381,163,242,1
3382,163,243,1
3383,163,244,1
3384,163,245,2
3385,163,247,1
3386,163,248,1
3387,164,237,1
3388,164,239,1
3389,164,241,1
3390,164,242,1
3391,164,243,2
3392,164,244,1
3393,164,247,1
3394,164,248,1
3395,165,237,1
3396,165,238,1
3397,165,240,1
3398,165,241,1
3399,165,242,1
3400,165,245,1
3401,165,248,1
3402,166,237,1
3403,166,238,1
3404,166,239,1
3405,166,242,1
3406,166,243,1
3407,166,244,2
3408,166,245,1
3409,166,246,1
3410,166,247,2
3411,166,248,1
3412,161,280,1
3413,161,281,1
3414,161,282,1
3415,161,284,2
3416,161,285,2
3417,161,286,1
3418,161,287,1
3419,161,295,1
3420,161,296,1
3421,161,297,2
3422,162,280,1
3423,162,281,1
3424,162,282,1
3425,162,285,1
3426,162,293,1
3427,162,295,1
3428,162,297,1
3429,163,281,1
3430,163,287,1
3431,163,293,1
3432,163,295,1
3433,163,296,1
3434,163,297,1
3435,164,282,2
3436,164,285,1
3437,164,286,1
3438,164,287,1
3439,164,293,1
3440,165,280,1
3441,165,281,1
3442,165,285,1
3443,165,287,1
3444,166,280,1
3445,166,282,1
3446,166,285,1
3447,166,286,2
3448,166,287,1
3449,166,295,1
3450,857,151,3
3451,858,151,3
3452,859,151,3
3453,860,151,3
3454,861,151,2
3455,857,154,2
3456,858,154,2
3457,859,154,2
3458,485,253,3
3459,483,254,3
3460,483,255,3
3461,485,256,3
3462,481,258,2
3463,482,259,2
3464,485,260,2
3465,482,257,2
3466,252,265,2
3467,239,265,1
3468,243,264,2
3469,1354,252,3
3470,250,265,2
3471,251,265,2
3472,893,250,3
3473,1159,262,2
3474,1155,264,1
3475,1157,264,1
3476,1159,264,1
3477,1161,264,2
3478,1164,264,3
3479,1155,263,3
3480,1157,263,2
3481,1161,263,1
3482,1164,263,1
3483,1159,263,2
3484,1155,265,3
3485,1159,265,2
3486,1161,265,2
3487,1164,265,1
3488,1155,266,1
3489,1157,266,1
3490,1164,266,1
3491,1155,268,1
3492,1157,268,1
3493,1159,268,1
3494,1161,268,1
3495,1164,268,1
3496,1352,280,3
3497,1352,281,3
3498,1353,280,2
3499,1353,283,2
3500,1353,295,2
3501,1353,297,3
3502,1251,249,1
3503,1251,250,1
3504,1352,282,2
3505,1352,286,2
3506,1352,295,3
3507,1251,252,1
3508,1352,296,2
3509,1352,297,2
3510,1251,254,1
3511,1251,255,2
3512,1251,256,1
3513,1251,257,2
3514,1251,258,1
3515,1251,259,2
3516,1251,260,2
3517,1252,250,1
3518,1252,251,1
3519,1252,252,1
3520,1252,254,1
3521,1252,255,2
3522,1252,256,3
3523,1252,257,1
3524,1252,258,1
3525,1252,259,1
3526,1252,260,2
3527,460,250,3
3528,461,249,2
3529,462,251,2
3530,462,249,3
3531,463,249,2
3532,463,250,2
3533,463,251,3
3534,464,249,2
3535,464,250,2
3536,464,251,3
3537,465,250,3
3538,465,252,3
3539,290,170,1
3540,290,173,2
3541,290,176,2
3542,290,179,1
3543,290,182,3
3544,291,152,2
3545,291,155,2
3546,291,158,1
3547,291,161,1
3548,291,164,2
3549,291,167,2
3550,291,170,2
3551,291,173,2
3552,291,176,2
3553,291,179,1
3554,291,182,1
3555,292,155,2
3556,292,158,2
3557,292,161,2
3558,292,164,2
3559,292,167,1
3560,292,170,1
3561,292,173,1
3562,292,176,1
3563,292,179,1
3564,292,182,1
3565,293,158,1
3566,293,161,1
3567,293,164,1
3568,293,167,1
3569,293,170,1
3570,293,173,2
3571,293,176,1
3572,293,179,1
3573,293,182,2
3574,1104,249,3
3575,1105,249,2
3576,1106,249,1
3577,1107,249,3
3578,1108,249,1
3579,1104,250,3
3580,1105,250,1
3581,1106,250,1
3582,1108,250,2
3583,1103,251,2
3584,1104,251,1
3585,1105,251,1
3586,1107,251,3
3587,1108,251,1
3588,1103,253,3
3589,1104,253,2
3590,1105,253,3
3591,1106,253,2
3592,1107,253,1
3593,1103,252,1
3594,1105,252,1
3595,1106,252,1
3596,1107,252,1
3597,1108,253,1
3598,1103,254,1
3599,1381,237,2
3600,1381,240,2
3601,1381,238,3
3602,1381,239,1
3603,1381,241,2
3604,1382,237,1
3605,1382,238,3
3606,1382,239,1
3607,1382,240,2
3608,1382,241,1
3609,1383,237,1
3610,1383,238,2
3611,1383,240,3
3612,1383,241,1
3613,1383,243,1
3614,1383,244,1
3615,1384,237,1
3616,1384,238,3
3617,1384,242,1
3618,1384,243,1
3619,1384,244,1
3620,1384,239,2
3621,1384,240,3
3622,1385,237,1
3623,1385,238,2
3624,1385,239,3
3625,1385,240,2
3626,1385,241,2
3627,1385,242,1
3628,1385,243,2
3629,1386,237,1
3630,1386,238,2
3631,1386,239,3
3632,1386,240,1
3633,1386,241,2
3634,1386,242,1
3635,1386,244,1
3636,1383,239,1
3637,218,220,1
3638,218,219,1
3639,219,210,3
3640,219,219,1
3641,219,220,1
3642,220,210,3
3643,221,209,3
3644,221,210,3
3645,222,209,3
3646,222,210,3
3647,223,209,3
3648,223,210,3
3649,220,219,1
3650,220,220,1
3651,727,224,3
3652,728,224,3
3653,729,224,3
3654,730,224,3
3655,731,224,3
3656,732,224,3
3657,727,225,3
3658,728,225,3
3659,729,225,3
3660,730,225,3
3661,731,225,3
3662,732,225,3
3663,727,226,2
3664,728,226,2
3665,729,226,2
3666,730,226,2
3667,731,226,2
3668,732,226,2
3669,294,237,2
3670,243,249,2
3671,250,250,2
3672,251,251,2
3673,252,251,2
3674,239,252,1
3675,251,252,3
3676,126,249,3
3677,126,250,2
3678,126,251,2
3679,1253,250,1
3680,1253,251,1
3681,1253,252,1
3682,1253,253,1
3683,1253,255,1
3684,1253,257,2
3685,1253,258,1
3686,727,232,1
3687,728,232,1
3688,295,237,3
3689,729,232,1
3690,730,232,1
3691,731,232,1
3692,732,232,1
3693,727,278,1
3694,728,278,1
3695,729,278,1
3696,730,278,1
3697,731,278,1
3698,297,237,1
3699,732,278,1
3700,298,237,2
3701,299,237,3
3702,294,238,2
3703,295,238,3
3704,297,238,2
3705,298,238,2
3706,299,238,2
3707,295,239,1
3708,296,239,1
3709,297,239,1
3710,727,249,2
3711,728,249,2
3712,294,240,1
3713,295,240,3
3714,729,249,2
3715,296,240,2
3716,297,240,3
3717,298,240,2
3718,299,240,2
3719,730,249,2
3720,731,249,2
3721,732,249,2
3722,727,250,2
3723,728,250,2
3724,729,250,2
3725,730,250,2
3726,731,250,2
3727,732,250,2
3728,294,241,3
3729,295,241,3
3730,296,241,1
3731,297,241,1
3732,298,241,3
3733,299,241,3
3734,295,242,1
3735,296,242,1
3736,297,242,3
3737,299,242,1
3738,295,243,2
3739,296,243,1
3740,297,243,2
3741,298,243,1
3742,1253,259,1
3743,299,243,1
3744,1253,260,1
3745,295,244,1
3746,727,260,1
3747,728,260,1
3748,1254,252,1
3749,729,260,1
3750,730,260,1
3751,731,260,1
3752,732,260,1
3753,294,245,3
3754,295,245,3
3755,297,245,3
3756,296,245,3
3757,298,245,3
3758,299,245,3
3759,294,246,3
3760,295,246,3
3761,297,246,3
3762,298,246,3
3763,299,246,3
3764,295,247,1
3765,727,280,3
3766,296,247,1
3767,297,247,1
3768,728,280,3
3769,729,280,3
3770,730,280,3
3771,727,237,3
3772,731,280,3
3773,298,248,1
3774,728,237,3
3775,732,280,3
3776,299,248,1
3777,294,248,1
3778,729,237,3
3779,1254,254,1
3780,730,237,3
3781,727,281,1
3782,1254,255,1
3783,728,281,1
3784,1254,256,1
3785,729,281,1
3786,731,237,3
3787,730,281,1
3788,731,281,1
3789,1254,257,2
3790,732,281,1
3791,732,237,3
3792,1254,258,1
3793,1254,259,2
3794,1254,260,1
3795,727,284,1
3796,728,284,1
3797,727,238,2
3798,729,284,1
3799,730,284,1
3800,731,284,1
3801,1255,252,1
3802,732,284,1
3803,728,238,2
3804,729,238,2
3805,1255,254,1
3806,1255,255,1
3807,730,238,2
3808,1255,256,2
3809,731,238,2
3810,1255,257,1
3811,1255,258,1
3812,1255,259,1
3813,1092,249,2
3814,1255,260,1
3815,1374,249,1
3816,1092,251,1
3817,732,238,2
3818,1092,255,2
3819,1092,258,2
3820,727,240,1
3821,1374,252,1
3822,728,240,1
3823,1374,253,1
3824,729,240,1
3825,1374,255,1
3826,730,240,1
3827,1374,256,1
3828,731,240,1
3829,1374,257,2
3830,732,240,1
3831,1374,258,1
3832,1374,259,1
3833,1374,260,1
3834,1093,250,2
3835,1093,252,2
3836,1093,253,1
3837,727,247,1
3838,1093,255,1
3839,728,247,1
3840,729,247,1
3841,730,247,1
3842,731,247,1
3843,732,247,1
3844,731,248,1
3845,727,248,1
3846,1093,258,3
3847,728,248,1
3848,1093,260,1
3849,729,248,1
3850,1094,260,2
3851,730,248,1
3852,732,248,1
3853,1388,249,3
3854,1094,249,3
3855,1094,250,1
3856,1389,249,3
3857,1094,252,1
3858,1390,249,1
3859,1094,255,1
3860,1094,258,2
3861,1095,260,1
3862,1095,249,2
3863,1095,251,1
3864,1095,253,2
3865,1391,249,2
3866,1095,255,1
3867,1392,249,2
3868,1095,257,2
3869,1096,258,2
3870,1096,260,1
3871,1096,251,2
3872,1096,253,2
3873,1096,255,1
3874,1096,257,1
3875,1097,258,1
3876,1097,260,2
3877,1097,249,3
3878,1097,252,2
3879,1097,253,2
3880,1097,255,1
3881,1182,242,1
3882,1186,242,3
3883,1183,242,2
3884,1184,242,2
3885,1185,242,2
3886,1182,243,3
3887,1183,243,2
3888,1184,243,2
3889,1185,243,2
3890,1186,243,3
3891,1182,244,1
3892,1183,244,2
3893,1184,244,2
3894,1185,244,2
3895,1186,244,2
3896,1182,245,1
3897,1183,245,3
3898,1184,245,3
3899,1185,245,3
3900,1186,245,3
3901,1182,246,3
3902,1183,246,2
3903,1184,246,1
3904,1185,246,1
3905,1186,246,3
3906,1182,247,3
3907,1183,247,1
3908,1184,247,2
3909,1185,247,2
3910,1186,247,3
3911,1182,248,2
3912,1183,248,1
3913,1184,248,1
3914,1186,248,3
3915,1185,248,1
3916,486,249,3
3917,487,249,3
3918,488,249,3
3919,489,249,3
3920,490,249,3
3921,491,249,3
3922,486,250,3
3923,1040,185,3
3924,1037,186,1
3925,1038,186,2
3926,1039,186,3
3927,1040,186,2
3928,1041,186,1
3929,1042,186,2
3930,1042,187,3
3931,1042,188,2
3932,1037,189,1
3933,1038,189,1
3934,1040,189,2
3935,1042,190,2
3936,1040,191,2
3937,1040,192,1
3938,1042,193,1
3939,1040,194,3
3940,1042,195,1
3941,1042,196,2
3942,1040,196,2
3943,487,250,3
3944,488,250,3
3945,489,250,3
3946,490,250,3
3947,491,250,3
3948,486,251,2
3949,487,251,2
3950,488,251,2
3951,489,251,2
3952,490,251,2
3953,491,251,2
3954,486,257,1
3955,487,257,1
3956,488,257,1
3957,489,257,1
3958,490,257,1
3959,491,257,1
3960,486,260,1
3961,487,260,1
3962,488,260,1
3963,489,260,1
3964,490,260,1
3965,491,260,1
3966,254,185,3
3967,255,185,3
3968,255,186,3
3969,257,187,3
3970,257,188,3
3971,256,194,3
3972,253,196,3
3973,255,196,3
3974,196,224,3
3975,196,225,3
3976,196,226,2
3977,196,227,2
3978,196,228,2
3979,239,185,3
3980,196,276,1
3981,196,277,1
3982,243,186,3
3983,196,278,1
3984,243,187,3
3985,197,224,3
3986,197,225,3
3987,252,194,3
3988,197,226,2
3989,197,227,2
3990,197,228,2
3991,197,276,1
3992,197,277,1
3993,197,278,1
3994,198,224,3
3995,198,225,3
3996,198,226,1
3997,198,227,2
3998,198,228,2
3999,198,276,1
4000,198,277,1
4001,198,278,1
4002,199,224,3
4003,199,225,3
4004,199,226,2
4005,199,227,2
4006,199,228,2
4007,199,276,1
4008,199,277,1
4009,199,278,1
4010,200,224,3
4011,200,225,3
4012,200,226,1
4013,200,227,2
4014,200,228,2
4015,200,276,1
4016,200,277,1
4017,200,278,1
4018,1334,211,3
4019,1332,211,3
4020,1330,213,3
4021,1332,214,3
4022,1332,215,3
4023,1333,218,3
4024,167,224,3
4025,167,225,3
4026,167,226,3
4027,167,227,1
4028,167,228,1
4029,167,229,1
4030,167,230,3
4031,167,231,1
4032,167,276,1
4033,167,277,1
4034,167,278,1
4035,168,224,3
4036,168,225,3
4037,168,226,3
4038,168,227,2
4039,168,228,2
4040,168,229,1
4041,168,230,1
4042,168,276,1
4043,168,277,1
4044,168,278,1
4045,169,224,3
4046,169,225,3
4047,169,226,3
4048,169,227,2
4049,169,228,2
4050,169,276,1
4051,169,277,1
4052,169,278,1
4053,170,224,3
4054,170,225,3
4055,170,226,3
4056,170,227,2
4057,170,228,2
4058,170,230,1
4059,170,276,1
4060,170,277,1
4061,170,278,1
4062,171,224,3
4063,171,225,3
4064,171,226,3
4065,171,227,2
4066,171,228,1
4067,171,230,1
4068,171,276,1
4069,171,277,1
4070,171,278,1
4071,172,224,3
4072,172,225,3
4073,172,226,3
4074,172,227,2
4075,172,228,1
4076,172,230,1
4077,172,276,1
4078,172,277,1
4079,172,278,1
4080,173,224,3
4081,174,224,3
4082,175,224,3
4083,176,224,3
4084,177,224,3
4085,173,225,3
4086,174,225,3
4087,175,225,3
4088,176,225,3
4089,177,225,3
4090,173,226,3
4091,174,226,3
4092,175,226,3
4093,176,226,3
4094,177,226,3
4095,173,227,3
4096,174,227,3
4097,175,227,3
4098,176,227,3
4099,177,227,3
4100,173,228,3
4101,174,228,3
4102,175,228,3
4103,176,228,3
4104,177,228,3
4105,173,229,1
4106,174,229,1
4107,175,229,1
4108,176,229,1
4109,177,229,1
4110,173,230,1
4111,174,230,1
4112,175,230,1
4113,176,230,1
4114,177,230,1
4115,173,232,2
4116,174,232,2
4117,175,232,2
4118,176,232,2
4119,177,232,2
4120,173,276,1
4121,174,276,1
4122,175,276,1
4123,176,276,1
4124,177,276,1
4125,173,278,1
4126,174,278,1
4127,175,278,1
4128,176,278,1
4129,177,278,1
4130,1388,250,2
4131,1389,250,2
4132,1390,250,3
4133,1391,250,3
4134,1392,250,3
4135,1388,251,2
4136,1389,251,1
4137,1390,251,2
4138,1391,251,3
4139,1392,251,2
4140,1388,252,1
4141,1389,252,1
4142,1390,252,2
4143,1391,252,3
4144,1392,252,3
4145,1388,253,1
4146,1389,253,1
4147,1390,253,2
4148,1391,253,3
4149,1392,253,2
4150,1390,254,1
4151,1391,254,3
4152,1392,254,1
4153,1388,255,2
4154,1389,255,2
4155,1390,255,1
4156,1391,255,3
4157,1392,255,3
4158,1391,256,1
4159,1392,256,1
4160,1390,257,2
4161,1391,257,2
4162,1392,257,2
4163,1389,258,1
4164,1390,258,1
4165,1391,258,2
4166,1392,258,2
4167,1388,259,2
4168,1389,259,1
4169,1390,259,1
4170,1391,259,2
4171,1392,259,2
4172,1388,260,2
4173,1389,260,1
4174,1390,260,1
4175,1391,260,3
4176,1392,260,2
4177,1251,262,1
4178,1318,209,3
4179,366,249,3
4180,367,249,3
4181,1318,211,2
4182,1318,212,3
4183,1318,213,2
4184,1318,214,1
4185,1318,216,3
4186,1318,218,1
4187,1319,209,3
4188,368,249,3
4189,1319,210,2
4190,1319,212,2
4191,1319,213,2
4192,369,249,3
4193,1319,214,1
4194,370,249,3
4195,1319,215,2
4196,371,249,3
4197,1319,216,3
4198,1319,217,2
4199,1319,218,1
4200,1319,219,2
4201,1319,220,1
4202,1445,209,2
4203,366,250,2
4204,1445,210,2
4205,367,250,3
4206,1445,211,2
4207,368,250,1
4208,1445,212,2
4209,1445,213,1
4210,369,250,3
4211,1445,214,2
4212,1445,215,2
4213,1445,216,3
4214,1445,217,2
4215,370,250,1
4216,1445,218,2
4217,371,250,3
4218,1446,209,3
4219,1446,210,2
4220,1446,211,1
4221,1446,212,2
4222,1446,213,2
4223,1446,214,2
4224,1446,215,2
4225,1446,216,3
4226,1446,217,2
4227,1446,218,2
4228,1446,219,1
4229,1446,220,1
4230,1447,209,3
4231,1447,210,2
4232,1447,211,1
4233,1447,212,1
4234,1447,213,2
4235,1447,214,1
4236,1447,215,2
4237,1447,216,3
4238,1447,217,1
4239,1447,218,1
4240,1447,219,1
4241,1447,220,1
4242,497,262,3
4243,498,262,2
4244,499,262,3
4245,500,262,1
4246,502,262,3
4247,497,263,1
4248,498,263,2
4249,499,263,1
4250,500,263,2
4251,502,263,2
4252,502,264,3
4253,497,264,1
4254,907,249,2
4255,499,264,2
4256,500,264,1
4257,502,265,2
4258,498,265,2
4259,908,249,3
4260,500,265,1
4261,502,266,3
4262,498,266,2
4263,499,266,1
4264,497,266,2
4265,500,266,1
4266,907,250,3
4267,908,250,1
4268,497,265,1
4269,909,250,3
4270,911,250,3
4271,907,251,3
4272,1245,237,3
4273,907,252,2
4274,1399,237,2
4275,909,252,3
4276,911,252,1
4277,1246,237,2
4278,910,253,2
4279,1269,237,2
4280,1270,237,1
4281,907,257,2
4282,1271,237,2
4283,910,257,1
4284,1245,238,3
4285,910,258,3
4286,1246,238,2
4287,1269,238,3
4288,907,259,1
4289,1270,238,2
4290,1271,238,1
4291,1399,238,3
4292,1245,239,1
4293,1245,240,3
4294,1246,240,1
4295,1269,240,1
4296,1270,240,1
4297,1271,240,2
4298,1399,240,2
4299,1245,241,3
4300,1246,241,3
4301,1269,241,3
4302,1270,241,2
4303,1271,241,3
4304,1399,241,2
4305,1245,242,1
4306,1246,242,2
4307,1245,244,1
4308,1246,244,1
4309,1269,244,1
4310,1270,244,1
4311,1271,244,1
4312,1399,244,1
4313,1245,245,3
4314,1246,245,3
4315,1269,245,3
4316,1270,245,3
4317,1271,245,3
4318,1399,245,3
4319,1245,246,2
4320,1246,246,2
4321,1269,246,2
4322,1270,246,2
4323,1271,246,1
4324,1399,246,1
4325,1245,247,3
4326,1246,247,3
4327,1269,247,3
4328,1270,247,2
4329,1271,247,3
4330,1399,247,3
4331,1245,248,1
4332,1246,248,2
4333,1269,248,2
4334,1270,248,2
4335,1271,248,2
4336,1399,248,2
4337,1358,249,2
4338,1358,250,1
4339,1358,251,3
4340,1358,252,1
4341,1358,253,1
4342,1358,254,3
4343,1358,256,3
4344,1358,258,3
4345,1358,259,1
4346,1358,260,2
4347,1358,255,2
4348,1359,251,1
4349,806,237,3
4350,239,249,1
4351,251,249,2
4352,252,250,1
4353,250,251,3
4354,243,251,2
4355,250,252,3
4356,252,255,2
4357,252,260,2
4358,250,260,1
4359,253,249,3
4360,254,249,2
4361,255,249,2
4362,253,250,3
4363,254,250,2
4364,253,251,2
4365,254,252,2
4366,257,253,2
4367,257,255,1
4368,256,255,1
4369,256,257,2
4370,1359,253,2
4371,1360,251,3
4372,1360,252,1
4373,1360,254,2
4374,1361,249,1
4375,1361,252,3
4376,1361,253,3
4377,1362,253,3
4378,1362,254,2
4379,1362,256,1
4380,1362,260,3
4381,647,238,2
4382,642,237,3
4383,642,238,3
4384,642,239,3
4385,642,240,3
4386,642,241,3
4387,642,242,2
4388,642,243,3
4389,642,244,2
4390,642,245,2
4391,642,246,2
4392,642,247,1
4393,642,248,2
4394,643,237,3
4395,643,238,3
4396,643,239,3
4397,643,240,3
4398,643,241,2
4399,643,242,1
4400,643,243,2
4401,643,244,1
4402,643,245,2
4403,643,246,2
4404,643,247,1
4405,643,248,2
4406,644,248,1
4407,644,237,3
4408,644,238,3
4409,644,239,2
4410,644,240,2
4411,644,241,2
4412,644,242,1
4413,644,243,1
4414,644,244,1
4415,644,245,2
4416,644,246,1
4417,644,247,1
4418,645,248,1
4419,645,237,3
4420,645,239,3
4421,645,240,2
4422,645,241,2
4423,645,242,1
4424,645,243,1
4425,645,244,1
4426,645,245,2
4427,645,246,2
4428,645,247,1
4429,646,248,3
4430,646,237,2
4431,646,238,2
4432,646,239,3
4433,646,240,3
4434,646,241,2
4435,646,242,3
4436,646,243,3
4437,646,244,3
4438,646,245,3
4439,646,246,3
4440,646,247,2
4441,647,248,3
4442,647,237,2
4443,647,239,2
4444,647,240,2
4445,647,241,2
4446,647,242,3
4447,647,243,3
4448,647,244,3
4449,647,245,3
4450,647,246,3
4451,647,247,3
4452,645,238,3
4453,486,185,3
4454,487,185,3
4455,488,185,3
4456,489,185,3
4457,490,185,3
4458,491,185,3
4459,486,186,3
4460,487,186,3
4461,488,186,3
4462,489,186,3
4463,490,186,3
4464,491,186,3
4465,486,187,2
4466,487,187,2
4467,488,187,2
4468,489,187,2
4469,490,187,2
4470,491,187,2
4471,409,280,3
4472,411,280,3
4473,486,193,1
4474,487,193,1
4475,413,280,3
4476,488,193,1
4477,414,280,3
4478,489,193,1
4479,490,193,1
4480,491,193,1
4481,415,280,3
4482,416,280,3
4483,409,281,3
4484,486,196,1
4485,411,281,3
4486,487,196,1
4487,413,281,3
4488,488,196,1
4489,414,281,3
4490,489,196,1
4491,415,281,3
4492,490,196,1
4493,416,281,3
4494,491,196,1
4495,409,282,2
4496,411,282,2
4497,413,282,2
4498,414,282,2
4499,415,282,2
4500,416,282,2
4501,409,285,1
4502,411,285,1
4503,413,285,1
4504,414,285,1
4505,415,285,1
4506,416,285,1
4507,409,295,1
4508,411,295,1
4509,413,295,1
4510,414,295,1
4511,415,295,1
4512,416,295,1
4513,409,297,2
4514,411,297,2
4515,413,297,2
4516,414,297,2
4517,415,297,2
4518,416,297,2
4519,490,189,3
4520,491,189,3
4521,486,188,2
4522,487,188,2
4523,488,188,2
4524,489,188,2
4525,490,188,2
4526,491,188,2
4527,486,237,3
4528,487,237,3
4529,488,237,3
4530,489,237,3
4531,490,237,3
4532,491,237,3
4533,486,238,3
4534,487,238,3
4535,488,238,3
4536,489,238,3
4537,490,238,3
4538,491,238,3
4539,486,239,3
4540,487,239,3
4541,490,239,2
4542,491,239,2
4543,486,240,2
4544,487,240,2
4545,489,240,2
4546,486,248,2
4547,487,248,2
4548,1092,253,3
4549,1454,249,3
4550,1455,249,3
4551,1456,249,3
4552,1457,249,3
4553,1458,249,3
4554,1459,249,3
4555,1454,250,3
4556,1455,250,3
4557,1456,250,3
4558,1457,250,3
4559,1458,250,3
4560,1464,186,3
4561,1463,186,2
4562,1460,187,1
4563,1461,187,2
4564,1462,187,2
4565,1463,187,1
4566,1464,187,2
4567,1463,188,2
4568,1464,190,3
4569,1464,191,1
4570,1463,193,1
4571,1464,194,1
4572,1463,195,2
4573,1463,196,3
4574,881,249,2
4575,881,250,3
4576,1043,209,2
4577,1044,209,2
4578,1045,209,3
4579,1046,209,2
4580,1047,209,3
4581,1043,210,2
4582,1044,210,2
4583,1044,211,2
4584,1044,212,2
4585,1044,213,3
4586,1044,214,1
4587,1044,215,2
4588,1044,217,1
4589,1044,216,1
4590,1044,218,1
4591,1044,219,2
4592,1044,220,2
4593,448,185,1
4594,1045,211,2
4595,452,186,3
4596,452,189,2
4597,453,188,3
4598,455,188,2
4599,455,189,2
4600,456,189,3
4601,1045,215,1
4602,456,188,2
4603,458,188,2
4604,458,195,3
4605,1223,263,2
4606,1223,272,2
4607,1224,266,3
4608,1225,271,2
4609,1226,263,3
4610,1226,269,2
4611,1228,272,3
4612,1228,266,2
4613,887,249,1
4614,887,251,3
4615,887,252,2
4616,888,250,2
4617,888,251,3
4618,888,252,2
4619,889,252,3
4620,889,249,2
4621,891,249,2
4622,891,252,2
4623,891,253,2
4624,891,250,3
4625,898,251,3
4626,898,252,2
4627,898,260,2
4628,708,253,3
4629,1115,185,3
4630,710,253,2
4631,717,253,1
4632,127,249,3
4633,127,250,3
4634,127,251,2
4635,711,255,2
4636,127,252,1
4637,127,253,1
4638,128,249,3
4639,128,250,3
4640,128,251,3
4641,128,252,2
4642,710,257,2
4643,128,253,2
4644,711,257,1
4645,717,257,2
4646,129,249,3
4647,129,250,3
4648,708,258,3
4649,129,251,2
4650,129,252,2
4651,711,258,2
4652,129,253,2
4653,129,254,3
4654,711,259,2
4655,712,259,2
4656,717,259,3
4657,709,260,1
4658,710,260,1
4659,717,260,1
4660,1187,249,2
4661,1187,250,2
4662,1188,251,3
4663,1188,252,1
4664,1189,251,2
4665,1189,250,2
4666,1189,253,1
4667,1189,260,1
4668,1190,251,1
4669,1190,253,1
4670,1190,254,1
4671,1191,249,3
4672,377,197,3
4673,372,197,3
4674,373,197,3
4675,374,197,3
4676,375,197,3
4677,376,197,3
4678,372,198,3
4679,373,198,3
4680,374,198,3
4681,375,198,3
4682,376,198,2
4683,377,198,3
4684,375,199,2
4685,1459,250,3
4686,377,199,3
4687,1454,251,3
4688,1455,251,3
4689,372,200,1
4690,1456,251,3
4691,374,200,2
4692,375,200,2
4693,374,201,1
4694,377,202,2
4695,1457,251,3
4696,377,203,3
4697,1458,251,3
4698,1459,251,3
4699,1454,252,3
4700,372,207,1
4701,1455,252,3
4702,374,207,1
4703,1456,252,3
4704,1457,252,2
4705,372,208,1
4706,1458,252,2
4707,373,208,1
4708,1459,252,3
4709,374,208,1
4710,1454,253,1
4711,375,208,1
4712,1455,253,2
4713,376,208,1
4714,1456,253,2
4715,1457,253,2
4716,377,208,1
4717,1458,253,1
4718,1459,253,1
4719,1454,254,1
4720,1455,254,2
4721,1456,254,1
4722,1457,254,2
4723,1458,254,1
4724,1459,254,2
4725,1454,255,3
4726,1455,255,2
4727,1456,255,2
4728,1457,255,2
4729,1458,255,1
4730,1459,255,1
4731,1454,257,1
4732,1455,257,1
4733,1456,257,1
4734,1457,257,1
4735,1458,257,1
4736,1459,257,1
4737,1455,258,1
4738,1456,258,1
4739,1457,258,1
4740,1458,258,1
4741,1459,258,1
4742,1454,259,2
4743,1455,259,2
4744,1456,259,2
4745,1457,259,2
4746,1458,259,2
4747,1459,259,2
4748,1454,260,3
4749,1455,260,3
4750,1456,260,3
4751,1457,260,3
4752,1458,260,3
4753,1459,260,3
4754,372,262,3
4755,373,262,3
4756,374,262,3
4757,375,262,3
4758,376,262,3
4759,377,262,3
4760,372,263,2
4761,373,263,3
4762,374,263,2
4763,375,263,1
4764,376,263,2
4765,373,264,1
4766,375,264,2
4767,376,264,3
4768,377,264,2
4769,372,265,2
4770,373,265,2
4771,374,265,3
4772,375,265,3
4773,376,265,2
4774,1493,309,2
4775,372,266,2
4776,373,266,1
4777,375,266,1
4778,376,266,1
4779,1493,310,1
4780,375,267,1
4781,376,267,2
4782,376,268,1
4783,373,270,1
4784,374,271,1
4785,1493,311,1
4786,375,271,1
4787,1493,312,2
4788,1493,313,1
4789,1493,314,1
4790,1493,316,1
4791,1493,317,2
4792,1493,319,3
4793,1494,309,2
4794,1494,310,3
4795,1494,311,1
4796,1494,312,2
4797,1494,313,3
4798,1494,315,1
4799,1503,309,3
4800,1503,310,1
4801,1503,312,2
4802,1503,313,1
4803,1503,316,2
4804,1503,317,1
4805,1503,318,1
4806,1504,309,2
4807,1428,249,3
4808,1429,249,3
4809,1431,249,3
4810,1504,310,1
4811,1432,249,3
4812,1504,311,3
4813,1430,249,3
4814,1504,312,1
4815,1428,250,3
4816,1504,314,2
4817,1504,316,1
4818,1429,250,3
4819,1504,317,1
4820,1504,319,2
4821,1430,250,3
4822,1431,250,3
4823,1506,319,1
4824,1432,250,3
4825,1428,251,3
4826,1429,251,3
4827,1506,309,2
4828,1430,251,3
4829,1431,251,3
4830,1432,251,3
4831,1428,252,3
4832,1429,252,3
4833,1506,311,2
4834,1506,312,2
4835,1430,252,3
4836,1431,252,3
4837,1506,313,1
4838,1432,252,3
4839,1428,253,3
4840,1429,253,3
4841,1430,253,3
4842,1431,253,2
4843,1432,253,2
4844,1428,258,3
4845,1429,258,3
4846,1430,258,3
4847,1431,258,3
4848,1432,258,3
4849,1428,260,2
4850,1429,260,3
4851,1430,260,2
4852,1431,260,2
4853,1432,260,2
4854,1506,315,1
4855,1506,316,3
4856,1506,318,1
4857,1507,309,2
4858,1507,310,3
4859,1507,311,2
4860,1507,312,2
4861,1507,313,2
4862,1507,314,1
4863,1507,316,2
4864,1507,317,1
4865,1507,319,1
4866,1508,309,1
4867,1508,310,1
4868,1508,311,3
4869,1508,312,2
4870,1508,313,1
4871,1508,315,1
4872,1508,316,3
4873,1508,318,1
4874,1509,309,1
4875,1509,310,2
4876,1509,311,2
4877,1509,312,3
4878,1510,309,3
4879,1510,310,2
4880,1509,313,1
4881,1510,311,1
4882,1509,314,1
4883,1510,313,2
4884,1510,314,1
4885,1510,317,2
4886,1510,319,1
4887,1511,309,3
4888,1511,310,2
4889,1511,311,2
4890,1509,315,1
4891,1509,316,2
4892,1511,312,3
4893,1511,313,3
4894,1511,314,3
4895,1509,319,1
4896,1511,317,3
4897,1511,319,2
4898,1512,309,2
4899,1512,310,3
4900,1512,311,2
4901,1512,314,3
4902,1512,317,2
4903,1512,319,2
4904,1513,309,1
4905,1513,312,1
4906,1513,313,1
4907,1513,314,3
4908,1513,317,1
4909,1513,319,1
4910,1514,319,2
4911,1514,309,3
4912,1514,310,3
4913,1514,311,3
4914,1514,312,2
4915,1514,313,3
4916,1514,314,2
4917,1514,317,3
4918,1494,317,3
4919,1495,309,2
4920,1495,311,3
4921,1495,317,2
4922,1496,309,2
4923,1496,311,2
4924,1496,317,2
4925,1497,309,2
4926,1497,311,2
4927,1497,317,3
4928,1498,309,2
4929,1243,224,2
4930,1498,310,1
4931,1498,311,2
4932,1243,225,2
4933,1498,317,3
4934,1244,224,2
4935,1247,224,2
4936,1248,224,3
4937,1249,224,3
4938,1250,224,2
4939,1244,225,3
4940,1247,225,2
4941,1248,225,3
4942,1249,225,3
4943,1250,225,2
4944,1243,226,2
4945,1244,226,2
4946,1247,226,2
4947,1248,226,2
4948,1249,226,2
4949,1250,226,2
4950,1243,227,2
4951,1244,227,3
4952,1247,227,3
4953,1248,227,3
4954,1249,227,2
4955,1250,227,3
4956,1243,228,2
4957,1244,228,2
4958,1247,228,2
4959,1248,228,3
4960,1249,228,3
4961,1250,228,2
4962,1243,229,2
4963,1244,229,2
4964,1247,229,2
4965,1248,229,2
4966,1249,229,3
4967,1250,229,2
4968,1243,230,2
4969,1244,230,3
4970,1247,230,2
4971,1248,230,2
4972,1249,230,2
4973,1250,230,2
4974,1243,231,3
4975,1244,231,2
4976,1247,231,2
4977,1248,231,3
4978,1249,231,3
4979,1250,231,2
4980,1243,232,3
4981,1244,232,2
4982,1247,232,2
4983,1248,232,3
4984,1249,232,2
4985,1250,232,1
4986,1243,276,3
4987,1244,276,2
4988,1247,276,3
4989,1248,276,3
4990,1249,276,2
4991,1250,276,2
4992,1243,277,2
4993,1244,277,3
4994,1247,277,2
4995,1248,277,2
4996,1249,277,2
4997,1250,277,1
4998,1157,267,1
4999,1157,271,1
5000,1159,271,1
5001,1161,271,1
5002,1164,271,1
5003,1155,271,1
5004,1155,272,1
5005,1157,272,1
5006,1159,272,1
5007,1161,272,1
5008,1164,272,1
5009,1155,273,1
5010,1157,273,1
5011,1159,273,1
5012,1161,273,1
5013,1164,273,1
5014,1488,224,2
5015,1488,225,2
5016,1488,227,1
5017,1489,227,3
5018,1490,227,2
5019,1490,224,2
5020,1243,278,2
5021,1244,278,2
5022,1247,278,2
5023,1248,278,3
5024,1249,278,3
5025,1250,278,2
5026,1197,309,1
5027,1195,310,2
5028,715,251,2
5029,716,258,2
5030,715,257,2
5031,714,258,2
5032,714,252,1
5033,716,253,1
5034,718,256,1
5035,1191,252,2
5036,1192,250,3
5037,1192,253,2
5038,1192,260,1
5039,1188,258,2
5040,1188,257,3
5041,1189,259,1
5042,1293,309,2
5043,1293,310,3
5044,1293,311,3
5045,1293,312,2
5046,1293,313,1
5047,1293,318,2
5048,1294,309,3
5049,1294,310,2
5050,1137,249,3
5051,1138,249,1
5052,1139,249,2
5053,1140,249,2
5054,1136,249,3
5055,1137,250,3
5056,1138,250,2
5057,1139,250,3
5058,1140,250,2
5059,1136,252,1
5060,1137,252,2
5061,1138,252,1
5062,1139,252,1
5063,1136,253,1
5064,1137,253,2
5065,1140,253,3
5066,1140,257,1
5067,1140,258,1
5068,1140,259,2
5069,1294,311,1
5070,1295,319,2
5071,1295,309,1
5072,1295,310,3
5073,1295,311,2
5074,1295,312,2
5075,1295,317,1
5076,1296,309,3
5077,1296,310,2
5078,1296,311,3
5079,1296,317,2
5080,1296,319,1
5081,1297,319,3
5082,1297,309,2
5083,1297,310,1
5084,1297,311,2
5085,1297,317,1
5086,1298,309,2
5087,1298,310,3
5088,1298,312,1
5089,1298,316,1
5090,1298,317,1
5091,1298,318,2
5092,1526,249,3
5093,1526,250,2
5094,1526,251,3
5095,1526,253,3
5096,1526,254,2
5097,1526,258,3
5098,1526,259,3
5099,1527,259,3
5100,1527,260,2
5101,1527,249,2
5102,1527,250,1
5103,1527,251,1
5104,1527,255,3
5105,1527,256,3
5106,1527,257,2
5107,1527,258,1
5108,1528,259,3
5109,1528,260,3
5110,1528,249,2
5111,1528,251,3
5112,1528,253,3
5113,1528,254,2
5114,1528,257,3
5115,1528,258,3
5116,1529,260,2
5117,1529,249,3
5118,1529,250,3
5119,1529,251,3
5120,1529,253,2
5121,1529,254,2
5122,1529,255,1
5123,1529,257,2
5124,1529,258,1
5125,1529,259,3
5126,1194,309,2
5127,1194,310,2
5128,1194,311,2
5129,1194,312,2
5130,1194,317,1
5131,1194,318,3
5132,1194,319,1
5133,1195,309,2
5134,1195,311,1
5135,1195,312,2
5136,1195,317,2
5137,1195,318,1
5138,1195,319,1
5139,1196,317,2
5140,1196,318,2
5141,1196,319,3
5142,1196,309,2
5143,1196,310,2
5144,1197,317,1
5145,1197,318,2
5146,1197,319,2
5147,1198,313,1
5148,1198,317,1
5149,1198,318,3
5150,1198,319,2
5151,1198,309,2
5152,1198,310,1
5153,1199,310,2
5154,1199,311,1
5155,1199,312,1
5156,1199,316,1
5157,1199,317,1
5158,1199,318,2
5159,268,185,3
5160,1530,186,2
5161,271,196,3
5162,269,187,3
5163,270,189,2
5164,1468,285,3
5165,1465,280,2
5166,1466,281,2
5167,1468,282,3
5168,1469,282,2
5169,1465,283,2
5170,1467,285,2
5171,1467,293,3
5172,1468,293,2
5173,1469,293,2
5174,1469,296,3
5175,1465,296,2
5176,1466,296,2
5177,1466,297,1
5178,1468,297,2
5179,1467,295,1
5180,1531,209,3
5181,1531,212,2
5182,1047,210,1
5183,1043,211,1
5184,1047,211,2
5185,1045,212,1
5186,1046,212,1
5187,1047,212,2
5188,1046,213,1
5189,1047,213,1
5190,1043,215,1
5191,1047,215,1
5192,1047,219,1
5193,1045,220,1
5194,1047,220,1
5195,366,280,3
5196,367,280,3
5197,368,280,3
5198,369,280,3
5199,370,280,3
5200,371,280,3
5201,366,281,2
5202,368,281,3
5203,370,281,3
5204,371,281,3
5205,559,209,3
5206,822,237,3
5207,823,237,2
5208,823,246,3
5209,824,237,2
5210,824,238,2
5211,824,239,1
5212,824,240,2
5213,822,238,1
5214,822,239,2
5215,822,240,2
5216,822,241,1
5217,822,242,1
5218,822,244,2
5219,822,245,1
5220,822,246,1
5221,822,243,2
5222,822,247,1
5223,1537,264,3
5224,823,238,3
5225,823,239,2
5226,823,240,2
5227,823,241,1
5228,823,242,1
5229,823,243,1
5230,823,244,1
5231,823,245,3
5232,823,247,2
5233,823,248,2
5234,822,248,3
5235,824,241,3
5236,824,242,2
5237,824,243,1
5238,824,244,2
5239,824,245,2
5240,824,246,3
5241,824,247,1
5242,1537,266,2
5243,824,248,1
5244,825,237,1
5245,825,238,2
5246,825,239,3
5247,1537,263,3
5248,825,240,3
5249,1543,262,3
5250,825,241,2
5251,825,242,2
5252,1547,262,2
5253,825,243,2
5254,1543,268,2
5255,1547,263,3
5256,825,244,1
5257,1547,264,3
5258,825,245,2
5259,825,246,2
5260,1543,263,1
5261,1543,264,1
5262,825,247,1
5263,825,248,1
5264,1544,262,3
5265,1548,266,3
5266,1544,263,3
5267,1544,267,2
5268,1545,270,1
5269,826,237,2
5270,826,238,2
5271,1548,262,2
5272,826,239,1
5273,1545,263,2
5274,826,240,3
5275,826,241,2
5276,1548,263,3
5277,826,242,1
5278,826,243,3
5279,1550,262,3
5280,826,244,1
5281,1550,263,3
5282,1545,264,1
5283,826,245,2
5284,1551,262,3
5285,826,246,2
5286,826,247,1
5287,826,248,2
5288,1546,268,2
5289,1546,262,2
5290,1546,263,3
5291,827,237,1
5292,1546,265,1
5293,827,238,2
5294,1551,263,2
5295,1551,264,3
5296,827,239,3
5297,827,240,2
5298,827,241,1
5299,827,242,2
5300,827,243,1
5301,1552,262,3
5302,827,244,2
5303,827,245,1
5304,1552,263,2
5305,827,246,3
5306,1552,265,3
5307,827,247,2
5308,827,248,3
5309,372,237,2
5310,931,262,3
5311,931,263,2
5312,373,237,3
5313,931,264,3
5314,378,249,3
5315,379,249,3
5316,374,237,3
5317,380,249,3
5318,931,265,3
5319,381,249,3
5320,931,266,2
5321,931,267,1
5322,382,249,3
5323,931,268,1
5324,931,272,2
5325,932,262,3
5326,932,263,2
5327,932,264,3
5328,378,280,3
5329,775,262,1
5330,932,265,2
5331,379,280,3
5332,932,266,2
5333,380,280,3
5334,381,280,3
5335,382,280,3
5336,384,280,3
5337,771,263,2
5338,772,263,1
5339,771,262,1
5340,932,267,2
5341,772,262,3
5342,932,269,1
5343,932,271,2
5344,773,262,2
5345,933,262,3
5346,933,263,3
5347,933,264,3
5348,773,263,1
5349,774,263,1
5350,772,264,1
5351,774,264,2
5352,771,265,1
5353,773,265,3
5354,1547,237,2
5355,775,265,3
5356,1547,240,2
5357,1114,262,1
5358,1548,237,2
5359,1548,238,3
5360,772,266,3
5361,1548,239,2
5362,773,266,2
5363,1548,240,3
5364,1114,264,3
5365,933,272,2
5366,1550,241,2
5367,1114,265,2
5368,774,266,1
5369,934,266,1
5370,1550,238,3
5371,934,268,2
5372,771,267,2
5373,934,270,1
5374,1551,238,3
5375,934,272,1
5376,934,262,3
5377,934,263,3
5378,934,264,3
5379,1114,266,3
5380,1552,239,2
5381,1114,268,3
5382,1114,269,1
5383,1552,242,3
5384,1114,271,1
5385,934,265,2
5386,1116,262,2
5387,1116,263,3
5388,1116,265,2
5389,934,267,2
5390,1116,266,3
5391,934,269,2
5392,1116,267,1
5393,1116,268,3
5394,1116,270,2
5395,1547,238,3
5396,935,262,2
5397,1116,271,2
5398,935,263,3
5399,935,264,1
5400,935,266,2
5401,935,271,1
5402,936,262,3
5403,936,263,2
5404,936,264,3
5405,936,266,2
5406,936,267,1
5407,936,268,2
5408,936,273,1
5409,1551,237,2
5410,1551,240,3
5411,1299,262,3
5412,1300,262,1
5413,1302,262,3
5414,1303,262,2
5415,1304,262,1
5416,1119,262,2
5417,1299,263,1
5418,1119,263,3
5419,1119,264,3
5420,1119,265,2
5421,1300,263,1
5422,1119,266,2
5423,1302,263,1
5424,1119,267,3
5425,1119,268,3
5426,1119,269,3
5427,1119,270,2
5428,1119,271,3
5429,1119,272,2
5430,1119,273,2
5431,1120,273,2
5432,1299,264,1
5433,1120,262,3
5434,1120,263,2
5435,1120,264,3
5436,1120,265,3
5437,1300,266,1
5438,1568,237,3
5439,1120,266,2
5440,1120,267,3
5441,1569,237,3
5442,1120,268,3
5443,1301,265,2
5444,1120,269,2
5445,1570,237,3
5446,1574,197,3
5447,1120,270,3
5448,1120,271,2
5449,1571,237,2
5450,1120,272,3
5451,1304,264,1
5452,1572,237,2
5453,1573,237,3
5454,1122,273,3
5455,1122,262,2
5456,1568,238,3
5457,1122,263,2
5458,1122,264,3
5459,1569,238,3
5460,1122,265,3
5461,1570,238,3
5462,1122,266,2
5463,1571,238,3
5464,1122,267,3
5465,1572,238,3
5466,1122,268,3
5467,1122,269,1
5468,1573,238,3
5469,1122,270,2
5470,1122,271,3
5471,1568,239,1
5472,1122,272,3
5473,1569,239,1
5474,1125,273,1
5475,1125,262,2
5476,1299,268,1
5477,1125,263,2
5478,1570,239,1
5479,1125,264,3
5480,1125,265,3
5481,1571,239,2
5482,1125,266,2
5483,1572,239,2
5484,1301,268,2
5485,1125,267,2
5486,1573,239,2
5487,1125,268,3
5488,1125,269,3
5489,1568,240,3
5490,1125,270,3
5491,1569,240,3
5492,1125,271,2
5493,1570,240,3
5494,1125,272,3
5495,1571,240,3
5496,1572,240,3
5497,1573,240,3
5498,1302,265,2
5499,1556,224,2
5500,1568,241,2
5501,1569,241,2
5502,1570,241,2
5503,1300,265,3
5504,1571,241,2
5505,1572,241,2
5506,1573,241,2
5507,1568,242,1
5508,1299,266,1
5509,1303,264,1
5510,1300,267,3
5511,981,237,2
5512,982,237,2
5513,1567,263,3
5514,1567,264,2
5515,983,237,3
5516,1567,266,3
5517,1567,267,1
5518,1567,268,2
5519,984,237,3
5520,1567,269,2
5521,1567,270,3
5522,1567,271,2
5523,985,237,2
5524,1567,272,3
5525,1567,273,1
5526,1580,262,2
5527,1580,263,2
5528,1580,264,3
5529,1580,265,1
5530,1580,266,3
5531,1580,267,3
5532,981,238,2
5533,1580,268,2
5534,1580,270,2
5535,982,238,2
5536,1580,271,3
5537,1580,272,3
5538,1580,273,3
5539,1581,262,2
5540,983,238,2
5541,984,238,2
5542,1581,263,1
5543,1581,264,3
5544,985,238,2
5545,1581,265,3
5546,1581,266,3
5547,1581,267,3
5548,1581,268,2
5549,1581,269,2
5550,981,239,1
5551,983,239,1
5552,984,239,1
5553,806,238,3
5554,161,197,1
5555,161,198,1
5556,161,199,1
5557,161,202,1
5558,161,203,1
5559,161,205,2
5560,161,206,1
5561,161,207,1
5562,161,208,1
5563,162,200,1
5564,162,203,1
5565,162,205,1
5566,162,206,1
5567,162,208,1
5568,163,197,1
5569,163,200,1
5570,163,202,1
5571,163,203,1
5572,163,204,1
5573,163,205,1
5574,163,207,1
5575,163,208,1
5576,164,199,1
5577,164,200,1
5578,164,202,1
5579,164,203,1
5580,164,204,2
5581,164,205,1
5582,164,207,1
5583,164,208,1
5584,165,197,1
5585,165,199,1
5586,165,201,1
5587,165,202,1
5588,165,203,1
5589,165,205,1
5590,165,206,1
5591,165,207,1
5592,165,208,1
5593,166,197,1
5594,166,198,1
5595,166,202,1
5596,166,203,1
5597,166,204,1
5598,166,205,2
5599,166,206,1
5600,166,208,1
5601,982,239,1
5602,985,239,1
5603,981,240,2
5604,982,240,2
5605,983,240,3
5606,984,240,3
5607,985,240,3
5608,981,241,1
5609,982,241,2
5610,983,241,2
5611,984,241,3
5612,985,241,3
5613,981,242,1
5614,1001,224,3
5615,1001,227,2
5616,1001,225,2
5617,1001,226,3
5618,1001,228,1
5619,1001,232,1
5620,1001,276,2
5621,1001,278,2
5622,1001,277,2
5623,1001,230,1
5624,1002,224,3
5625,1002,225,3
5626,1002,226,3
5627,1002,228,2
5628,1002,227,2
5629,1002,229,1
5630,1002,230,1
5631,1002,231,1
5632,1002,232,1
5633,1002,276,1
5634,1002,277,3
5635,1002,278,3
5636,1003,229,1
5637,1003,225,2
5638,1003,226,3
5639,1003,227,3
5640,1003,228,3
5641,1003,224,3
5642,1003,230,1
5643,1003,232,1
5644,1003,276,2
5645,1003,277,2
5646,1003,278,3
5647,1004,224,3
5648,1004,225,3
5649,1004,226,2
5650,1004,227,3
5651,1004,228,2
5652,1004,229,1
5653,1004,230,1
5654,1004,276,2
5655,1004,277,2
5656,1004,278,3
5657,1005,224,3
5658,1005,225,3
5659,1005,226,3
5660,1005,227,2
5661,1005,228,2
5662,1005,232,1
5663,1005,276,1
5664,1005,277,2
5665,1005,278,2
5666,1006,224,3
5667,1006,225,3
5668,1006,226,2
5669,1006,227,2
5670,1006,228,1
5671,1006,229,1
5672,1006,232,1
5673,1006,276,1
5674,1006,277,1
5675,1006,278,1
5676,366,320,3
5677,366,321,3
5678,371,323,2
5679,371,326,2
5680,367,320,3
5681,368,320,3
5682,369,320,2
5683,370,320,3
5684,371,320,3
5685,367,321,1
5686,368,321,1
5687,369,321,1
5688,370,321,2
5689,371,321,3
5690,378,320,3
5691,379,320,3
5692,380,320,3
5693,381,320,3
5694,382,320,3
5695,384,320,3
5696,1581,270,2
5697,1581,272,1
5698,1582,262,1
5699,1582,263,2
5700,1582,264,3
5701,1582,266,3
5702,1582,267,1
5703,1582,268,3
5704,1582,269,1
5705,1582,271,3
5706,1582,272,2
5707,1582,273,1
5708,1583,262,3
5709,1583,263,3
5710,1583,264,2
5711,1583,265,1
5712,1583,266,3
5713,1583,267,1
5714,1583,268,1
5715,1583,269,1
5716,1583,270,1
5717,1583,271,1
5718,1583,273,3
5719,1567,262,1
5720,1567,265,1
5721,1580,269,1
5722,1561,262,2
5723,1561,263,2
5724,1561,264,1
5725,1561,266,2
5726,1561,267,3
5727,1561,268,3
5728,1561,269,3
5729,1561,270,2
5730,1561,271,3
5731,1561,272,3
5732,1561,273,2
5733,1562,262,2
5734,1562,263,2
5735,1562,264,2
5736,1562,265,1
5737,1562,266,3
5738,1562,267,2
5739,1562,268,3
5740,1562,269,2
5741,1562,270,2
5742,1562,271,3
5743,1562,272,3
5744,1562,273,2
5745,1563,262,2
5746,1563,265,2
5747,1563,266,1
5748,1563,267,3
5749,1563,268,2
5750,1563,269,3
5751,1563,270,1
5752,1563,271,3
5753,1563,272,3
5754,1563,273,3
5755,1564,262,3
5756,1564,263,2
5757,1564,264,2
5758,1564,265,3
5759,1564,266,3
5760,1564,267,2
5761,1564,268,3
5762,1564,269,3
5763,1564,270,2
5764,1564,271,3
5765,1564,272,3
5766,1564,273,2
5767,1565,262,3
5768,1565,263,2
5769,1565,264,2
5770,1565,265,1
5771,1565,266,2
5772,1565,267,2
5773,1565,268,3
5774,1565,270,1
5775,1565,271,2
5776,1565,272,3
5777,1565,273,2
5778,1566,263,1
5779,1566,264,2
5780,1566,266,2
5781,1566,267,3
5782,1566,268,3
5783,1566,269,2
5784,1566,270,1
5785,1566,271,2
5786,1566,272,1
5787,1566,273,3
5788,1566,262,1
5789,1566,265,1
5790,1563,264,1
5791,1025,271,1
5792,1025,272,1
5793,1026,267,1
5794,1027,269,1
5795,1029,262,1
5796,969,224,3
5797,969,225,2
5798,969,226,2
5799,969,227,1
5800,969,228,1
5801,969,229,3
5802,969,230,3
5803,969,231,1
5804,970,232,1
5805,970,276,1
5806,969,232,1
5807,969,276,1
5808,969,278,2
5809,969,277,2
5810,970,224,2
5811,970,225,2
5812,970,226,3
5813,970,227,2
5814,970,228,2
5815,970,229,2
5816,970,230,3
5817,970,231,2
5818,970,277,3
5819,970,278,1
5820,971,224,3
5821,971,225,2
5822,971,226,3
5823,971,227,2
5824,971,228,2
5825,971,229,3
5826,971,230,3
5827,971,231,1
5828,971,232,1
5829,971,277,2
5830,971,278,2
5831,972,276,1
5832,972,224,3
5833,972,225,2
5834,972,226,2
5835,972,227,1
5836,972,228,2
5837,972,229,3
5838,972,230,3
5839,972,231,2
5840,972,277,2
5841,972,278,2
5842,972,232,1
5843,973,224,3
5844,973,225,3
5845,973,226,3
5846,973,227,3
5847,973,228,3
5848,973,229,2
5849,973,230,3
5850,973,231,1
5851,973,232,1
5852,973,276,2
5853,973,277,2
5854,973,278,1
5855,974,224,3
5856,974,225,2
5857,974,226,3
5858,974,227,2
5859,974,228,2
5860,974,229,3
5861,974,230,3
5862,974,231,3
5863,974,232,2
5864,974,276,1
5865,974,277,2
5866,974,278,3
5867,1233,224,3
5868,1234,224,2
5869,1236,224,1
5870,1233,225,2
5871,1234,225,2
5872,1235,225,1
5873,1234,226,1
5874,1235,226,1
5875,1233,227,2
5876,1234,227,1
5877,1236,227,1
5878,1234,228,1
5879,1237,228,1
5880,1235,276,1
5881,1235,278,1
5882,1233,230,1
5883,1236,225,2
5884,1236,276,1
5885,1237,227,1
5886,559,197,2
5887,563,197,2
5888,559,198,2
5889,563,198,2
5890,559,199,2
5891,560,199,2
5892,561,199,2
5893,563,199,2
5894,559,200,2
5895,560,200,2
5896,563,200,2
5897,559,201,2
5898,560,201,2
5899,561,201,2
5900,562,201,2
5901,563,201,2
5902,563,202,2
5903,562,202,2
5904,559,203,2
5905,561,203,1
5906,562,203,2
5907,563,203,2
5908,559,207,1
5909,559,208,2
5910,515,320,2
5911,515,321,3
5912,516,321,3
5913,517,321,3
5914,518,321,3
5915,519,321,3
5916,515,322,2
5917,516,322,2
5918,517,322,2
5919,518,322,2
5920,519,322,2
5921,515,323,3
5922,516,323,3
5923,517,323,3
5924,518,323,3
5925,519,323,3
5926,515,324,2
5927,516,324,3
5928,517,324,2
5929,518,324,3
5930,519,324,2
5931,516,326,1
5932,517,326,1
5933,518,326,1
5934,519,326,1
5935,515,326,1
5936,516,329,1
5937,517,329,1
5938,519,329,1
5939,515,330,3
5940,516,330,2
5941,517,330,3
5942,518,330,3
5943,519,330,3
5944,982,242,2
5945,983,242,2
5946,984,242,2
5947,985,242,2
5948,981,243,1
5949,982,243,1
5950,983,243,1
5951,984,243,1
5952,985,243,1
5953,981,244,1
5954,982,244,1
5955,983,244,1
5956,984,244,1
5957,985,244,1
5958,981,245,2
5959,982,245,2
5960,983,245,2
5961,984,245,2
5962,985,245,2
5963,981,246,3
5964,982,246,2
5965,983,246,2
5966,984,246,2
5967,985,246,2
5968,981,247,2
5969,982,247,2
5970,983,247,2
5971,984,247,2
5972,985,247,2
5973,981,248,3
5974,982,248,3
5975,983,248,3
5976,984,248,3
5977,985,248,3
5978,136,320,1
5979,137,320,1
5980,138,320,1
5981,139,320,1
5982,136,321,3
5983,137,321,3
5984,138,321,3
5985,139,321,3
5986,140,321,3
5987,135,321,3
5988,136,322,3
5989,137,322,3
5990,138,322,3
5991,139,322,3
5992,140,322,3
5993,135,322,3
5994,136,323,3
5995,137,323,3
5996,138,323,3
5997,139,323,3
5998,140,323,3
5999,135,323,3
6000,140,320,1
6001,135,320,1
6002,136,324,1
6003,137,324,1
6004,138,324,1
6005,139,324,1
6006,140,324,1
6007,135,324,1
6008,136,325,2
6009,137,325,3
6010,138,325,3
6011,139,325,3
6012,140,325,3
6013,135,325,3
6014,136,326,2
6015,137,326,2
6016,138,326,2
6017,139,326,2
6018,135,326,2
6019,140,326,2
6020,136,327,1
6021,137,327,1
6022,138,327,1
6023,139,327,1
6024,140,327,1
6025,135,327,1
6026,136,328,1
6027,137,328,1
6028,138,328,1
6029,139,328,1
6030,140,328,1
6031,135,328,1
6032,136,329,2
6033,137,329,1
6034,138,329,1
6035,139,329,2
6036,140,329,2
6037,135,329,1
6038,136,330,2
6039,137,330,2
6040,138,330,2
6041,139,330,2
6042,140,330,2
6043,135,330,2
6044,136,331,1
6045,137,331,1
6046,138,331,1
6047,139,331,1
6048,140,331,1
6049,135,331,1
6050,1065,298,3
6051,1066,298,3
6052,1067,298,3
6053,1069,298,3
6054,1065,299,1
6055,532,320,2
6056,1066,299,1
6057,1067,299,1
6058,1069,299,1
6059,1029,209,2
6060,1065,301,1
6061,1025,209,2
6062,1066,301,1
6063,1067,301,1
6064,1026,209,1
6065,1069,301,1
6066,1029,210,1
6067,1065,302,1
6068,1066,302,1
6069,1026,211,1
6070,1067,302,1
6071,1025,211,1
6072,1069,302,1
6073,533,320,2
6074,1025,213,2
6075,534,320,3
6076,535,320,2
6077,536,320,1
6078,537,320,2
6079,1027,215,1
6080,1028,215,1
6081,1025,215,1
6082,534,321,2
6083,1026,215,1
6084,535,321,3
6085,536,321,2
6086,1026,218,1
6087,1026,219,1
6088,536,322,1
6089,534,323,2
6090,1029,219,2
6091,537,324,3
6092,1025,220,2
6093,1026,220,2
6094,536,326,1
6095,534,328,2
6096,536,331,1
6097,1575,197,3
6098,1576,197,3
6099,1578,197,3
6100,1579,197,3
6101,1574,198,2
6102,1575,198,3
6103,1576,198,3
6104,1577,198,1
6105,1579,198,3
6106,1576,199,3
6107,806,240,2
6108,806,241,1
6109,806,244,2
6110,806,246,2
6111,807,237,3
6112,807,238,3
6113,807,240,3
6114,807,241,2
6115,807,246,2
6116,808,240,2
6117,808,241,2
6118,808,243,2
6119,808,246,2
6120,809,240,2
6121,1575,200,3
6122,809,241,2
6123,1576,200,3
6124,1578,200,1
6125,1579,200,1
6126,809,243,1
6127,1574,201,3
6128,809,246,2
6129,1575,201,2
6130,1576,201,2
6131,810,237,1
6132,1577,201,1
6133,810,238,2
6134,810,239,1
6135,810,240,3
6136,810,241,3
6137,810,243,2
6138,810,246,2
6139,810,247,2
6140,1579,201,3
6141,1574,202,3
6142,1575,202,2
6143,1576,202,2
6144,1577,202,3
6145,1579,202,3
6146,1574,203,3
6147,1577,203,1
6148,1578,203,1
6149,1574,204,3
6150,1575,204,3
6151,1576,204,3
6152,184,237,2
6153,1577,204,3
6154,184,238,3
6155,1578,204,2
6156,184,240,2
6157,184,241,3
6158,721,249,2
6159,184,246,2
6160,184,247,1
6161,723,249,2
6162,1574,205,3
6163,185,237,3
6164,724,249,1
6165,185,238,3
6166,725,249,2
6167,185,240,2
6168,185,241,2
6169,726,249,3
6170,185,246,2
6171,185,247,2
6172,721,250,1
6173,186,237,2
6174,186,238,2
6175,186,240,3
6176,186,241,2
6177,186,246,2
6178,187,237,3
6179,187,238,3
6180,723,250,1
6181,187,240,1
6182,187,241,1
6183,726,250,2
6184,187,246,2
6185,721,251,2
6186,188,237,1
6187,188,238,2
6188,725,251,2
6189,188,240,2
6190,724,251,2
6191,188,241,3
6192,188,246,2
6193,189,237,3
6194,723,251,2
6195,189,238,3
6196,726,251,3
6197,189,240,3
6198,189,241,3
6199,189,246,2
6200,722,252,1
6201,189,247,1
6202,726,253,3
6203,1575,205,3
6204,725,253,2
6205,1576,205,3
6206,724,253,2
6207,723,253,1
6208,721,254,1
6209,1578,205,3
6210,1579,205,3
6211,722,254,2
6212,1574,206,3
6213,723,254,1
6214,1575,206,3
6215,1576,206,1
6216,1577,206,3
6217,721,256,2
6218,1578,206,1
6219,1579,206,3
6220,1574,207,3
6221,1575,207,3
6222,721,258,2
6223,1576,207,3
6224,726,258,2
6225,1577,207,3
6226,724,258,2
6227,1578,207,2
6228,1579,207,3
6229,1574,208,3
6230,1575,208,3
6231,1576,208,3
6232,1577,208,2
6233,1578,208,1
6234,438,320,1
6235,440,320,1
6236,1579,208,3
6237,441,320,1
6238,444,320,1
6239,445,320,1
6240,446,320,1
6241,438,321,1
6242,440,321,1
6243,441,321,1
6244,444,321,1
6245,445,321,1
6246,446,321,1
6247,438,322,3
6248,440,322,3
6249,441,322,3
6250,444,322,3
6251,445,322,3
6252,446,322,3
6253,438,323,2
6254,440,323,2
6255,441,323,2
6256,444,323,2
6257,445,323,2
6258,446,323,2
6259,438,325,3
6260,440,325,3
6261,441,325,3
6262,444,325,3
6263,445,325,3
6264,446,325,3
6265,438,326,2
6266,440,326,2
6267,441,326,2
6268,444,326,2
6269,445,326,2
6270,446,326,2
6271,438,327,1
6272,440,327,1
6273,441,327,1
6274,444,327,1
6275,445,327,1
6276,446,327,1
6277,438,324,1
6278,440,324,1
6279,441,324,1
6280,444,324,1
6281,445,324,1
6282,446,324,1
6283,438,328,1
6284,440,328,1
6285,441,328,1
6286,444,328,1
6287,445,328,1
6288,1374,262,2
6289,1252,262,1
6290,1253,262,1
6291,1254,262,1
6292,1255,262,1
6293,1251,263,1
6294,446,328,1
6295,1252,263,1
6296,1253,263,1
6297,1254,263,2
6298,1255,263,1
6299,1374,263,1
6300,498,199,1
6301,500,199,1
6302,500,200,1
6303,500,201,1
6304,1574,224,3
6305,1575,224,3
6306,1576,224,3
6307,1577,224,3
6308,502,197,3
6309,1578,224,3
6310,502,198,2
6311,178,320,2
6312,179,320,2
6313,1579,224,2
6314,502,199,3
6315,180,320,2
6316,181,320,2
6317,182,320,2
6318,502,200,2
6319,183,320,2
6320,1574,225,1
6321,178,321,1
6322,1575,225,2
6323,179,321,1
6324,180,321,1
6325,1576,225,2
6326,181,321,1
6327,1577,225,1
6328,182,321,1
6329,183,321,1
6330,1578,225,1
6331,502,201,3
6332,1579,225,1
6333,178,323,3
6334,1574,226,1
6335,179,323,3
6336,180,323,3
6337,1575,226,2
6338,181,323,3
6339,1576,226,2
6340,182,323,3
6341,1577,226,1
6342,183,323,3
6343,1578,226,2
6344,178,324,1
6345,1579,226,1
6346,179,324,1
6347,180,324,1
6348,181,324,1
6349,182,324,1
6350,183,324,1
6351,882,237,3
6352,882,238,2
6353,882,239,2
6354,1574,227,1
6355,882,240,3
6356,1575,227,1
6357,882,241,2
6358,1576,227,2
6359,1577,227,1
6360,882,242,1
6361,178,328,3
6362,179,328,3
6363,1578,227,2
6364,882,243,2
6365,180,328,3
6366,882,244,1
6367,1579,227,1
6368,181,328,3
6369,182,328,3
6370,882,245,1
6371,183,328,3
6372,882,246,1
6373,1574,228,3
6374,882,247,2
6375,882,248,1
6376,1575,228,3
6377,178,331,1
6378,179,331,1
6379,1576,228,3
6380,883,238,3
6381,180,331,1
6382,1577,228,3
6383,181,331,1
6384,1578,228,3
6385,883,239,1
6386,182,331,1
6387,1579,228,3
6388,183,331,1
6389,883,240,2
6390,883,241,2
6391,1574,229,2
6392,1575,229,3
6393,883,242,1
6394,1576,229,3
6395,1577,229,2
6396,883,246,1
6397,1578,229,3
6398,883,247,2
6399,1579,229,3
6400,883,248,2
6401,1574,230,1
6402,883,237,1
6403,1575,230,2
6404,1576,230,2
6405,1577,230,1
6406,1578,230,1
6407,1579,230,2
6408,1574,231,3
6409,884,237,2
6410,1575,231,2
6411,1576,231,3
6412,884,238,2
6413,884,239,1
6414,1577,231,2
6415,884,240,1
6416,884,241,1
6417,884,242,1
6418,1578,231,3
6419,1579,231,3
6420,884,247,1
6421,1574,232,3
6422,884,248,1
6423,1575,232,3
6424,885,237,1
6425,885,238,2
6426,1576,232,3
6427,885,239,1
6428,1577,232,3
6429,885,240,2
6430,885,241,1
6431,1578,232,3
6432,885,242,1
6433,885,243,1
6434,1579,232,3
6435,885,244,1
6436,885,245,1
6437,1574,276,2
6438,885,247,1
6439,885,248,1
6440,1575,276,2
6441,886,237,1
6442,886,238,1
6443,1576,276,2
6444,886,239,1
6445,886,240,1
6446,886,241,2
6447,886,242,1
6448,886,243,1
6449,886,244,1
6450,886,245,1
6451,1577,276,3
6452,1578,276,2
6453,886,246,1
6454,1579,276,2
6455,1574,277,1
6456,1575,277,2
6457,1576,277,2
6458,1577,277,2
6459,1578,277,2
6460,1579,277,1
6461,1574,278,2
6462,1575,278,2
6463,1576,278,2
6464,1577,278,2
6465,1578,278,1
6466,1579,278,2
6467,986,338,3
6468,1025,239,1
6469,1025,243,1
6470,986,339,2
6471,986,340,3
6472,986,341,3
6473,986,342,2
6474,986,343,3
6475,994,338,3
6476,994,339,3
6477,994,340,3
6478,994,341,2
6479,994,342,2
6480,994,343,3
6481,1013,338,3
6482,1013,339,3
6483,1013,340,3
6484,1013,341,2
6485,1013,342,2
6486,1013,343,3
6487,993,338,3
6488,993,339,3
6489,993,340,3
6490,993,341,2
6491,993,342,3
6492,993,343,3
6493,992,338,3
6494,992,339,3
6495,992,340,3
6496,1027,237,1
6497,992,341,3
6498,1027,238,1
6499,992,342,3
6500,1027,239,1
6501,992,343,3
6502,1014,338,3
6503,1014,339,3
6504,1014,340,3
6505,1027,243,1
6506,1014,341,2
6507,1014,342,3
6508,1014,343,3
6509,1028,244,1
6510,1606,209,2
6511,1608,209,2
6512,1612,209,2
6513,1612,210,1
6514,1606,210,2
6515,1608,212,1
6516,1611,331,1
6517,1608,215,1
6518,1611,320,1
6519,1610,215,1
6520,1611,322,1
6521,1612,217,1
6522,1606,218,1
6523,1612,331,1
6524,1612,219,1
6525,1606,220,1
6526,1610,220,1
6527,1611,217,1
6528,385,186,2
6529,385,187,3
6530,385,188,2
6531,385,189,3
6532,385,190,2
6533,385,196,3
6534,386,186,2
6535,386,187,3
6536,386,188,2
6537,386,189,3
6538,386,190,3
6539,386,196,3
6540,387,185,2
6541,387,186,2
6542,387,187,3
6543,387,188,2
6544,387,189,3
6545,387,190,3
6546,387,196,3
6547,388,185,2
6548,388,186,2
6549,388,187,3
6550,388,188,3
6551,388,189,3
6552,388,190,3
6553,388,196,2
6554,389,185,2
6555,389,186,2
6556,389,187,2
6557,389,188,2
6558,389,189,2
6559,389,190,2
6560,389,196,3
6561,391,185,3
6562,391,186,3
6563,391,187,3
6564,391,188,3
6565,391,189,3
6566,391,190,3
6567,391,196,3
6568,395,185,2
6569,395,186,3
6570,395,187,3
6571,395,188,2
6572,395,189,2
6573,395,190,2
6574,395,196,3
6575,396,185,2
6576,396,186,2
6577,396,187,3
6578,396,188,2
6579,396,189,3
6580,396,190,3
6581,396,196,3
6582,397,185,2
6583,397,186,2
6584,397,187,3
6585,397,188,2
6586,397,189,3
6587,397,190,3
6588,397,196,3
6589,398,185,2
6590,398,186,3
6591,398,187,3
6592,398,188,2
6593,398,189,3
6594,398,190,2
6595,398,196,3
6596,399,185,2
6597,399,186,2
6598,399,187,2
6599,399,188,2
6600,399,189,3
6601,399,190,3
6602,399,196,3
6603,1606,320,3
6604,1608,320,2
6605,1610,320,2
6606,287,262,2
6607,1307,263,2
6608,1309,263,1
6609,1308,264,3
6610,1307,266,2
6611,287,267,2
6612,1308,268,3
6613,1637,338,3
6614,1637,339,2
6615,1305,271,3
6616,1637,340,2
6617,1306,271,2
6618,1637,341,3
6619,1637,343,2
6620,1639,338,3
6621,1639,339,3
6622,1639,340,3
6623,1639,341,1
6624,1639,342,1
6625,1640,338,3
6626,1640,339,3
6627,1640,340,2
6628,1640,341,2
6629,1640,342,1
6630,1640,343,3
6631,1641,338,2
6632,1606,321,2
6633,1641,339,3
6634,1641,340,2
6635,1641,341,1
6636,1641,342,2
6637,1641,343,2
6638,1612,320,2
6639,1608,321,1
6640,1610,321,1
6641,1642,338,3
6642,1611,321,2
6643,1642,339,2
6644,1612,321,1
6645,1642,340,2
6646,1606,322,1
6647,1642,341,2
6648,1612,322,3
6649,1642,342,1
6650,1642,343,2
6651,1611,323,1
6652,1612,323,2
6653,1643,338,3
6654,1606,324,2
6655,1643,339,1
6656,1608,324,3
6657,1643,340,2
6658,1610,324,1
6659,1611,324,1
6660,1612,324,3
6661,1643,341,2
6662,1206,332,3
6663,1608,325,1
6664,1610,325,1
6665,1643,342,3
6666,1207,333,3
6667,1612,325,1
6668,1643,343,3
6669,1606,326,1
6670,1610,326,1
6671,1210,334,2
6672,1637,342,1
6673,1611,326,2
6674,1612,326,2
6675,1639,343,2
6676,1612,327,1
6677,1606,328,2
6678,1608,328,2
6679,1612,328,1
6680,1606,329,2
6681,1608,329,1
6682,1610,330,1
6683,1611,330,1
6684,1211,335,2
6685,1612,330,1
6686,1606,331,1
6687,1608,331,1
6688,1212,332,3
6689,1213,332,3
6690,1211,332,2
6691,593,321,3
6692,594,323,2
6693,595,324,3
6694,596,324,2
6695,597,324,3
6696,1689,262,3
6697,1690,262,1
6698,1691,262,2
6699,1692,262,2
6700,1694,262,3
6701,1694,263,3
6702,1690,263,1
6703,1694,264,3
6704,1689,264,2
6705,480,320,3
6706,1691,264,2
6707,1694,265,3
6708,481,321,3
6709,1690,265,1
6710,482,322,3
6711,1690,266,1
6712,1691,266,1
6713,1694,267,1
6714,1689,267,1
6715,1694,268,2
6716,1691,268,1
6717,483,326,3
6718,1692,270,1
6719,917,332,3
6720,919,332,3
6721,920,332,2
6722,921,332,2
6723,922,332,3
6724,923,332,3
6725,917,333,3
6726,919,333,3
6727,922,333,2
6728,917,334,2
6729,919,334,3
6730,920,334,2
6731,921,334,1
6732,922,334,3
6733,923,334,2
6734,917,335,3
6735,919,335,3
6736,920,335,2
6737,921,335,2
6738,922,335,2
6739,917,336,3
6740,919,336,3
6741,920,336,3
6742,921,336,2
6743,922,336,3
6744,923,336,3
6745,917,337,3
6746,919,337,3
6747,920,337,1
6748,921,337,1
6749,922,337,2
6750,1694,273,1
6751,923,337,2
6752,925,332,3
6753,926,332,3
6754,927,332,3
6755,928,332,3
6756,929,332,2
6757,930,332,3
6758,925,333,3
6759,926,333,2
6760,927,333,2
6761,930,333,3
6762,925,334,3
6763,926,334,3
6764,927,334,3
6765,928,334,3
6766,929,334,1
6767,930,334,3
6768,925,335,1
6769,1688,149,2
6770,926,335,1
6771,1688,158,2
6772,927,335,1
6773,928,335,1
6774,1695,161,1
6775,930,335,3
6776,1697,164,1
6777,1697,152,1
6778,1697,155,1
6779,925,337,3
6780,1689,197,3
6781,1690,197,2
6782,926,337,2
6783,927,337,2
6784,928,337,2
6785,929,337,1
6786,930,337,3
6787,1694,197,3
6788,1689,198,1
6789,1690,198,1
6790,1694,198,3
6791,1689,199,2
6792,1692,199,1
6793,1694,199,3
6794,1694,200,3
6795,1689,203,1
6796,1694,206,1
6797,1694,207,1
6798,1694,208,1
6799,1596,327,3
6800,559,240,1
6801,560,240,2
6802,561,237,2
6803,562,240,2
6804,563,240,2
6805,1644,338,2
6806,1644,339,2
6807,1644,340,3
6808,1644,341,1
6809,1644,343,2
6810,1645,338,2
6811,1645,339,3
6812,1645,340,2
6813,1645,342,1
6814,1645,343,2
6815,1646,338,1
6816,1646,340,2
6817,1644,342,2
6818,1648,338,3
6819,1648,339,1
6820,1648,340,2
6821,1648,341,2
6822,1648,343,1
6823,1651,338,3
6824,1651,339,2
6825,1651,340,2
6826,1651,341,2
6827,1651,342,2
6828,1651,343,1
6829,1653,338,3
6830,1653,339,2
6831,1653,340,2
6832,1653,341,2
6833,1653,342,2
6834,1653,343,1
6835,1655,332,3
6836,1655,333,2
6837,1655,334,2
6838,1655,335,1
6839,1655,337,1
6840,1656,332,2
6841,1656,333,2
6842,1656,334,1
6843,1656,337,1
6844,1657,332,2
6845,1657,333,1
6846,1657,334,2
6847,1657,335,2
6848,1657,337,1
6849,1658,332,3
6850,1658,333,3
6851,1658,334,2
6852,1658,335,3
6853,1658,336,2
6854,1658,337,2
6855,1659,332,1
6856,1659,333,3
6857,1659,334,2
6858,1659,335,2
6859,1015,224,3
6860,1018,224,3
6861,1019,224,3
6862,1020,224,3
6863,1022,224,3
6864,1387,224,3
6865,1015,225,3
6866,1018,225,3
6867,1019,225,3
6868,1020,225,3
6869,1022,225,3
6870,1387,225,3
6871,1015,226,1
6872,1018,226,2
6873,1019,226,2
6874,1020,226,2
6875,1022,226,2
6876,1387,226,2
6877,1015,227,1
6878,1018,227,1
6879,1019,227,1
6880,1020,227,1
6881,1022,227,1
6882,1387,227,1
6883,783,150,2
6884,784,153,3
6885,937,151,1
6886,938,151,1
6887,940,154,1
6888,937,157,1
6889,938,160,2
6890,939,160,1
6891,941,166,1
6892,776,150,2
6893,777,153,2
6894,778,153,1
6895,778,162,2
6896,779,162,2
6897,780,162,2
6898,781,162,3
6899,779,159,1
6900,780,156,3
6901,300,149,1
6902,301,152,2
6903,302,152,1
6904,302,161,2
6905,301,161,1
6906,303,158,1
6907,303,161,2
6908,304,155,3
6909,304,161,2
6910,305,161,3
6911,497,237,2
6912,498,237,1
6913,499,237,1
6914,498,238,1
6915,499,238,3
6916,500,238,3
6917,502,238,3
6918,500,239,1
6919,502,239,1
6920,497,240,1
6921,498,240,2
6922,499,240,2
6923,500,240,1
6924,502,240,2
6925,498,241,1
6926,499,241,1
6927,498,242,1
6928,500,242,1
6929,502,242,1
6930,502,243,2
6931,497,247,3
6932,498,247,3
6933,499,247,2
6934,500,247,2
6935,502,247,3
6936,571,224,1
6937,572,224,2
6938,573,224,2
6939,574,224,2
6940,575,224,2
6941,576,225,2
6942,576,226,2
6943,576,276,2
6944,571,227,1
6945,571,228,2
6946,571,276,3
6947,572,226,3
6948,572,227,2
6949,572,228,1
6950,573,226,3
6951,573,225,2
6952,573,227,2
6953,573,228,1
6954,574,226,3
6955,574,227,2
6956,574,228,1
6957,575,226,3
6958,575,227,2
6959,575,228,1
6960,583,226,3
6961,583,228,3
6962,584,226,3
6963,584,228,3
6964,585,226,2
6965,585,228,3
6966,586,228,3
6967,1351,228,3
6968,583,224,1
6969,584,224,1
6970,585,224,2
6971,586,224,2
6972,1351,224,2
6973,577,229,2
6974,577,230,1
6975,577,276,3
6976,577,278,1
6977,578,225,2
6978,578,230,2
6979,578,276,3
6980,579,227,1
6981,579,277,2
6982,579,278,2
6983,580,230,2
6984,580,277,3
6985,580,278,1
6986,581,230,1
6987,581,231,2
6988,581,232,2
6989,581,276,3
6990,582,226,1
6991,582,231,1
6992,582,232,3
6993,582,276,2
6994,582,277,1
6995,860,154,1
6996,861,154,2
6997,857,163,1
6998,858,163,2
6999,859,163,1
7000,860,163,2
7001,861,163,1
7002,858,184,1
7003,857,184,1
7004,859,184,1
7005,860,184,1
7006,861,184,1
7007,727,320,3
7008,728,320,3
7009,729,320,3
7010,730,320,3
7011,731,320,3
7012,732,320,3
7013,727,321,3
7014,728,321,3
7015,729,321,3
7016,730,321,3
7017,731,321,3
7018,732,321,3
7019,486,320,3
7020,486,321,3
7021,486,322,2
7022,486,323,3
7023,487,320,3
7024,488,320,3
7025,489,320,3
7026,490,320,3
7027,491,320,3
7028,487,321,3
7029,488,321,3
7030,489,321,3
7031,490,321,3
7032,491,321,3
7033,487,322,2
7034,488,322,2
7035,489,322,2
7036,490,322,2
7037,491,322,2
7038,486,328,1
7039,487,328,1
7040,488,328,1
7041,489,328,1
7042,490,328,1
7043,491,328,1
7044,486,331,1
7045,487,331,1
7046,488,331,1
7047,489,331,1
7048,490,331,1
7049,491,331,1
7050,721,320,1
7051,721,321,1
7052,721,323,2
7053,721,329,2
7054,726,329,3
7055,722,320,1
7056,722,321,2
7057,726,324,3
7058,1569,243,1
7059,1569,244,1
7060,1569,245,2
7061,1569,246,2
7062,1569,247,1
7063,1569,242,1
7064,1568,246,1
7065,1568,247,1
7066,1570,248,1
7067,1568,248,1
7068,1570,242,1
7069,1570,243,1
7070,1571,242,2
7071,1571,243,2
7072,1571,245,1
7073,1571,246,1
7074,1571,247,2
7075,1571,248,3
7076,1572,243,1
7077,1572,244,3
7078,1572,245,1
7079,1572,246,1
7080,1572,247,3
7081,1572,248,1
7082,1573,242,3
7083,1573,243,3
7084,1573,244,1
7085,1573,245,1
7086,1573,246,1
7087,1573,247,2
7088,1573,248,3
7089,721,209,2
7090,721,210,1
7091,721,212,1
7092,721,213,2
7093,722,209,3
7094,722,210,2
7095,722,213,1
7096,722,217,2
7097,722,219,3
7098,723,209,1
7099,723,210,1
7100,723,214,1
7101,724,209,3
7102,724,210,3
7103,724,212,1
7104,725,209,1
7105,725,210,1
7106,725,211,1
7107,725,212,2
7108,725,213,1
7109,726,209,3
7110,726,210,2
7111,726,211,2
7112,726,213,3
7113,726,219,3
7114,1730,265,2
7115,1251,264,2
7116,372,192,2
7117,1252,264,1
7118,372,195,2
7119,373,185,3
7120,373,188,2
7121,373,192,2
7122,373,194,1
7123,373,195,3
7124,1253,264,1
7125,374,185,3
7126,1254,264,3
7127,1255,264,1
7128,1374,264,2
7129,1132,320,1
7130,1133,320,2
7131,1134,320,3
7132,1135,320,2
7133,1131,320,2
7134,1131,321,3
7135,1469,285,1
7136,1699,285,3
7137,1469,286,1
7138,1465,293,2
7139,1699,296,3
7140,1633,338,2
7141,619,321,3
7142,619,322,2
7143,620,324,3
7144,622,331,3
7145,622,323,3
7146,623,324,2
7147,621,323,2
7148,624,320,3
7149,625,331,2
7150,626,320,3
7151,627,320,3
7152,628,320,2
7153,629,320,2
7154,613,320,2
7155,614,320,2
7156,614,321,2
7157,615,321,2
7158,617,324,2
7159,616,321,2
7160,618,321,2
7161,484,322,3
7162,485,325,2
7163,480,280,3
7164,481,281,3
7165,482,282,2
7166,483,283,2
7167,1592,320,3
7168,1593,320,3
7169,1594,320,1
7170,1595,320,2
7171,1596,320,3
7172,1596,321,3
7173,1592,321,2
7174,1593,321,2
7175,1594,321,2
7176,1595,321,2
7177,1596,322,3
7178,1592,322,2
7179,1593,322,3
7180,1595,322,2
7181,1593,323,2
7182,1594,323,1
7183,1595,323,3
7184,1596,323,3
7185,1592,323,2
7186,1592,324,3
7187,1593,324,3
7188,1594,324,1
7189,1595,324,2
7190,1596,324,3
7191,1596,325,3
7192,1592,325,2
7193,1593,325,3
7194,1594,325,1
7195,1595,325,2
7196,1592,326,3
7197,1593,326,3
7198,1594,326,1
7199,1595,326,2
7200,1595,327,2
7201,1592,327,3
7202,1593,327,3
7203,1594,327,2
7204,1592,328,3
7205,1593,328,2
7206,1594,328,2
7207,1595,328,2
7208,1596,328,3
7209,1592,329,2
7210,1593,329,2
7211,1594,329,1
7212,1595,329,2
7213,1596,329,2
7214,1596,330,1
7215,1592,330,2
7216,1593,330,2
7217,1594,330,1
7218,1595,330,1
7219,1592,331,3
7220,1593,331,3
7221,1594,331,1
7222,1595,331,2
7223,1596,331,2
7224,1596,326,3
7225,1594,322,1
7226,760,185,3
7227,1628,298,2
7228,760,186,3
7229,1628,299,3
7230,760,187,3
7231,1628,300,1
7232,760,188,3
7233,760,189,3
7234,760,190,3
7235,760,191,2
7236,760,195,2
7237,763,185,3
7238,763,186,3
7239,763,187,1
7240,763,188,3
7241,763,189,3
7242,763,190,2
7243,763,195,1
7244,764,185,3
7245,764,186,3
7246,1628,306,1
7247,764,187,3
7248,764,188,3
7249,764,189,2
7250,1629,298,3
7251,764,190,1
7252,1629,299,2
7253,764,191,1
7254,1629,301,3
7255,1629,303,2
7256,765,185,3
7257,1629,306,1
7258,1629,307,2
7259,1630,298,3
7260,1630,299,2
7261,1630,301,2
7262,1630,302,3
7263,1630,304,3
7264,1630,306,2
7265,1631,298,3
7266,1631,299,2
7267,1631,301,3
7268,1538,185,3
7269,1538,186,3
7270,765,186,3
7271,1538,187,2
7272,765,187,3
7273,1538,188,2
7274,1538,189,2
7275,765,188,3
7276,765,189,3
7277,765,190,2
7278,1539,185,2
7279,1539,186,3
7280,1539,187,3
7281,1539,188,2
7282,1539,189,2
7283,765,195,1
7284,1540,185,3
7285,1540,186,3
7286,766,185,3
7287,1540,187,2
7288,766,186,3
7289,1540,188,2
7290,1540,189,1
7291,766,187,3
7292,766,188,3
7293,1541,185,3
7294,766,189,3
7295,766,190,2
7296,766,195,2
7297,768,185,3
7298,768,186,3
7299,1631,302,2
7300,768,187,3
7301,1541,186,2
7302,1541,187,3
7303,1541,188,2
7304,768,188,3
7305,1541,189,1
7306,1542,185,3
7307,1542,186,1
7308,1542,187,1
7309,768,189,3
7310,1542,189,1
7311,768,190,2
7312,768,195,2
7313,1743,209,3
7314,1743,210,1
7315,1743,212,2
7316,1743,213,3
7317,1743,219,1
7318,1744,209,3
7319,1744,210,3
7320,1744,211,1
7321,1744,212,2
7322,1744,213,3
7323,1744,219,1
7324,1745,209,3
7325,1745,210,3
7326,1549,185,3
7327,1549,186,2
7328,1745,211,2
7329,1549,187,3
7330,1745,212,1
7331,1549,188,2
7332,1745,213,3
7333,1745,219,2
7334,1549,189,2
7335,1549,190,2
7336,1549,191,1
7337,1746,209,3
7338,1746,210,3
7339,1746,211,1
7340,1746,212,2
7341,1549,193,3
7342,1746,213,3
7343,1746,219,1
7344,1747,209,3
7345,1747,211,2
7346,1553,185,3
7347,1747,213,1
7348,1553,187,2
7349,1553,188,2
7350,1553,189,2
7351,1747,219,1
7352,1553,193,2
7353,1554,185,2
7354,1748,209,3
7355,1554,186,3
7356,1554,187,2
7357,1748,210,3
7358,1554,188,1
7359,1554,189,2
7360,1748,211,3
7361,1187,186,1
7362,1554,193,2
7363,1748,212,3
7364,1555,185,2
7365,1748,213,2
7366,1555,186,3
7367,1187,190,2
7368,1555,187,3
7369,1555,188,3
7370,1555,189,2
7371,1187,192,2
7372,1555,191,2
7373,1555,193,3
7374,1748,219,1
7375,1188,185,3
7376,1188,186,3
7377,1188,187,3
7378,1188,188,3
7379,1188,190,3
7380,1188,191,3
7381,1188,193,2
7382,1188,195,3
7383,1188,196,3
7384,1189,185,3
7385,1189,186,3
7386,1189,187,3
7387,1189,188,3
7388,1189,189,3
7389,1189,190,3
7390,1189,191,2
7391,1754,262,3
7392,1754,263,3
7393,1754,266,1
7394,1189,192,2
7395,1755,273,1
7396,1756,273,1
7397,1756,263,3
7398,1757,263,3
7399,1757,265,2
7400,1757,272,1
7401,1758,262,1
7402,1758,263,3
7403,1758,266,2
7404,1758,273,1
7405,1759,263,2
7406,1759,265,2
7407,1189,195,2
7408,1189,196,3
7409,1190,186,3
7410,1190,187,3
7411,1190,188,3
7412,1190,189,2
7413,1190,190,3
7414,1190,191,2
7415,1190,192,1
7416,1190,195,2
7417,1190,196,3
7418,1191,185,2
7419,1191,186,3
7420,1191,187,3
7421,1191,188,3
7422,1191,189,3
7423,1191,190,2
7424,1191,191,1
7425,1191,195,2
7426,1191,196,3
7427,1192,185,3
7428,1192,186,3
7429,1192,187,3
7430,1192,188,3
7431,1192,189,2
7432,1192,190,3
7433,1192,191,3
7434,1192,192,3
7435,1192,195,2
7436,1192,196,3
7437,1760,209,3
7438,1760,210,3
7439,1760,218,2
7440,1760,220,2
7441,1761,218,2
7442,1761,220,2
7443,1761,209,3
7444,1761,210,3
7445,1762,210,3
7446,1762,209,3
7447,1762,220,2
7448,1762,218,2
7449,1763,218,2
7450,1763,220,2
7451,1763,209,3
7452,1763,210,3
7453,1764,209,3
7454,1764,210,3
7455,1764,218,2
7456,1764,220,2
7457,1765,209,3
7458,1765,210,3
7459,1765,218,2
7460,1765,220,2
7461,636,320,3
7462,637,321,3
7463,638,323,1
7464,639,324,2
7465,640,326,1
7466,641,325,1
7467,1208,185,3
7468,1208,186,2
7469,1209,186,3
7470,1209,187,2
7471,1209,188,1
7472,1115,186,3
7473,1115,187,2
7474,1117,188,2
7475,1117,185,3
7476,1117,186,3
7477,1117,187,3
7478,1118,185,3
7479,1118,186,3
7480,1118,187,3
7481,1118,188,3
7482,1121,185,2
7483,1121,186,3
7484,1121,187,3
7485,1121,188,2
7486,1123,185,2
7487,1123,186,3
7488,1123,187,3
7489,1123,188,3
7490,1124,186,3
7491,1124,187,3
7492,1124,188,3
7493,1124,189,2
7494,1214,185,2
7495,1214,186,3
7496,1214,187,3
7497,1208,187,3
7498,1773,334,3
7499,1215,185,2
7500,1215,186,3
7501,1774,333,2
7502,1775,334,3
7503,1215,187,3
7504,1209,185,2
7505,1776,336,2
7506,1215,188,2
7507,1216,188,3
7508,1217,188,3
7509,1216,185,2
7510,1216,186,2
7511,1216,187,3
7512,1217,187,3
7513,1217,186,2
7514,1217,185,2
7515,1214,188,1
7516,1777,334,3
7517,1427,185,2
7518,1427,186,3
7519,1427,187,3
7520,1532,186,3
7521,1532,187,3
7522,1533,186,3
7523,1533,187,3
7524,1534,186,3
7525,1534,187,3
7526,1535,186,3
7527,1535,187,3
7528,1536,186,3
7529,1536,187,3
7530,1536,188,2
7531,1536,189,2
7532,1535,189,3
7533,1534,189,3
7534,1535,188,2
7535,1534,188,2
7536,1773,333,2
7537,1778,241,1
7538,1779,241,1
7539,1779,245,1
7540,1780,245,1
7541,1780,241,1
7542,1781,241,1
7543,1781,242,1
7544,1782,242,1
7545,1782,243,2
7546,1767,185,3
7547,1768,187,2
7548,1768,191,3
7549,1768,192,3
7550,1767,188,2
7551,1769,186,2
7552,1769,187,2
7553,1769,190,2
7554,1770,187,2
7555,1770,188,2
7556,1771,186,2
7557,1771,187,2
7558,1771,188,2
7559,1772,185,1
7560,1772,186,1
7561,1772,187,2
7562,1251,265,2
7563,1251,266,2
7564,1251,267,2
7565,1251,268,2
7566,1252,268,3
7567,1253,268,2
7568,1254,268,2
7569,1255,268,2
7570,1374,268,2
7571,1252,265,2
7572,1251,269,2
7573,1251,270,2
7574,1251,271,2
7575,1251,272,2
7576,1251,273,2
7577,1253,265,2
7578,1254,265,2
7579,1255,265,2
7580,1374,265,2
7581,1252,266,2
7582,1252,267,2
7583,1252,269,2
7584,1252,270,2
7585,1252,271,2
7586,1252,272,2
7587,1252,273,3
7588,1253,266,2
7589,1253,267,2
7590,1253,269,2
7591,1253,270,2
7592,1253,271,3
7593,1253,272,1
7594,1253,273,2
7595,1254,266,2
7596,1254,267,2
7597,1254,269,3
7598,1254,270,2
7599,1254,271,2
7600,1254,272,1
7601,1254,273,3
7602,1255,266,2
7603,1255,267,2
7604,1255,269,3
7605,1255,270,2
7606,1255,271,2
7607,1255,272,1
7608,1255,273,3
7609,1374,266,2
7610,1374,267,2
7611,1374,269,2
7612,1374,270,2
7613,1374,271,2
7614,1374,272,2
7615,1374,273,2
7616,1368,224,2
7617,1369,224,2
7618,1370,224,3
7619,1371,224,2
7620,1372,224,3
7621,1440,224,2
7622,1371,225,3
7623,1372,225,3
7624,1440,226,2
7625,1368,226,2
7626,1369,226,3
7627,1370,226,3
7628,1371,226,3
7629,1372,226,2
7630,1369,227,1
7631,1370,227,1
7632,1371,227,1
7633,1372,227,1
7634,1440,227,2
7635,1251,197,2
7636,1252,197,2
7637,1253,197,2
7638,1254,197,2
7639,1374,197,2
7640,1369,228,1
7641,1370,228,1
7642,1371,228,1
7643,1372,228,2
7644,1440,228,1
7645,1255,197,3
7646,1369,229,1
7647,1251,198,3
7648,1252,198,2
7649,1253,198,2
7650,1254,198,3
7651,1255,198,1
7652,1374,198,2
7653,1251,199,2
7654,1251,200,2
7655,1251,201,2
7656,1251,202,2
7657,1251,203,2
7658,1251,204,2
7659,1251,205,2
7660,1251,206,3
7661,1251,207,2
7662,1251,208,3
7663,1252,199,2
7664,1252,200,2
7665,1252,201,2
7666,1252,202,3
7667,1252,203,2
7668,1252,204,2
7669,1252,205,2
7670,1252,206,2
7671,1252,207,2
7672,1252,208,2
7673,1253,199,2
7674,1253,200,1
7675,1253,201,3
7676,1253,202,2
7677,1253,203,2
7678,1253,204,3
7679,1253,205,2
7680,1253,206,2
7681,1253,207,2
7682,1253,208,1
7683,1254,199,2
7684,1254,200,2
7685,1254,201,2
7686,1254,202,2
7687,1254,203,2
7688,1254,204,3
7689,1254,205,2
7690,1254,206,2
7691,1254,207,2
7692,1254,208,2
7693,1255,199,3
7694,1370,229,2
7695,1255,200,2
7696,1371,229,2
7697,1372,229,2
7698,1440,229,3
7699,1255,201,2
7700,1368,229,1
7701,1255,202,3
7702,1255,203,3
7703,1255,204,3
7704,1255,205,2
7705,1255,206,2
7706,1255,207,2
7707,1255,208,2
7708,1374,199,2
7709,1374,208,2
7710,1374,207,2
7711,1374,206,2
7712,1374,205,3
7713,1374,204,2
7714,1374,203,2
7715,1374,202,3
7716,1374,201,3
7717,1374,200,2
7718,1252,249,2
7719,1253,249,2
7720,1254,249,2
7721,1255,249,2
7722,1254,250,2
7723,1254,251,2
7724,1254,253,1
7725,1374,254,1
7726,1251,251,1
7727,1251,253,1
7728,1252,253,2
7729,1253,254,2
7730,1253,256,3
7731,1255,250,2
7732,1255,251,2
7733,1255,253,3
7734,1374,250,2
7735,1374,251,2
7736,1251,320,1
7737,1252,320,2
7738,1253,320,2
7739,1251,321,2
7740,1251,322,2
7741,1251,323,1
7742,1251,324,2
7743,1251,325,2
7744,1251,326,2
7745,1251,327,1
7746,1251,328,2
7747,1251,329,1
7748,1251,330,2
7749,1251,331,2
7750,1252,321,2
7751,1252,322,3
7752,1252,323,1
7753,1252,324,2
7754,1252,325,2
7755,1252,326,1
7756,1252,327,2
7757,1252,328,1
7758,1252,329,2
7759,1252,330,2
7760,1252,331,2
7761,1254,320,2
7762,1255,320,1
7763,1374,320,2
7764,1253,321,2
7765,1253,322,2
7766,1253,323,1
7767,1253,324,2
7768,1253,325,2
7769,1253,326,2
7770,1253,327,2
7771,1253,328,1
7772,1253,329,1
7773,1253,330,2
7774,1253,331,2
7775,1254,321,2
7776,1254,322,2
7777,1254,323,1
7778,1254,324,2
7779,1254,325,2
7780,1254,326,2
7781,1254,327,2
7782,1254,328,2
7783,1254,329,1
7784,1254,330,2
7785,1254,331,3
7786,1255,321,2
7787,1255,322,2
7788,1255,323,3
7789,1255,324,2
7790,1255,325,2
7791,1255,326,2
7792,1255,327,2
7793,1255,328,2
7794,1255,329,2
7795,1255,330,2
7796,1255,331,2
7797,1374,321,3
7798,1374,331,2
7799,1374,330,2
7800,1374,329,2
7801,1374,328,2
7802,1374,327,2
7803,1374,326,2
7804,1374,325,1
7805,1374,324,2
7806,1374,323,2
7807,1374,322,2
7808,1251,185,2
7809,1252,185,1
7810,1253,185,2
7811,1254,185,2
7812,1255,185,2
7813,1374,185,2
7814,1251,186,2
7815,1251,187,2
7816,1251,188,1
7817,1251,189,2
7818,1251,190,3
7819,1251,191,2
7820,1251,192,2
7821,1251,193,2
7822,1251,194,3
7823,1251,195,3
7824,1251,196,2
7825,1252,196,2
7826,1253,196,2
7827,1254,196,2
7828,1255,196,2
7829,1374,196,2
7830,1252,195,2
7831,1252,194,1
7832,1252,193,1
7833,1252,192,2
7834,1253,195,2
7835,1253,194,2
7836,1253,193,2
7837,1253,192,1
7838,1254,195,2
7839,1254,194,2
7840,1254,193,2
7841,1254,192,2
7842,1255,195,1
7843,1255,194,2
7844,1255,193,1
7845,1255,192,2
7846,1374,195,2
7847,1374,194,2
7848,1374,193,2
7849,1374,192,2
7850,1252,186,2
7851,1374,191,1
7852,1252,187,1
7853,1252,188,2
7854,1252,189,2
7855,1252,190,1
7856,1252,191,2
7857,1253,186,2
7858,1254,186,2
7859,1255,186,2
7860,1374,186,2
7861,1253,187,2
7862,1253,188,2
7863,1253,189,1
7864,1253,190,1
7865,1253,191,2
7866,1254,187,2
7867,1255,187,2
7868,1374,187,2
7869,1254,188,2
7870,1254,189,2
7871,1254,190,2
7872,1254,191,2
7873,1255,188,1
7874,1374,188,2
7875,1374,189,2
7876,1374,190,2
7877,1255,189,2
7878,1255,190,2
7879,1255,191,1
7880,480,237,3
7881,481,237,1
7882,482,237,1
7883,483,237,2
7884,485,237,1
7885,480,238,2
7886,481,238,2
7887,482,238,1
7888,483,238,1
7889,484,238,1
7890,485,238,1
7891,480,239,2
7892,481,239,2
7893,482,239,1
7894,483,239,1
7895,484,239,2
7896,480,240,2
7897,481,240,1
7898,482,240,2
7899,483,240,1
7900,484,240,1
7901,480,241,2
7902,481,241,3
7903,482,241,3
7904,483,241,1
7905,484,241,2
7906,485,241,3
7907,480,242,1
7908,481,242,1
7909,482,242,1
7910,483,242,2
7911,484,242,1
7912,485,242,1
7913,480,243,1
7914,482,243,1
7915,483,243,2
7916,485,243,1
7917,480,244,1
7918,483,244,2
7919,485,244,1
7920,482,245,1
7921,480,246,1
7922,481,246,1
7923,482,246,1
7924,484,246,1
7925,481,247,1
7926,482,247,2
7927,483,247,1
7928,485,247,1
7929,480,247,2
7930,480,248,3
7931,481,248,2
7932,482,248,2
7933,483,248,1
7934,485,248,1
7935,1335,224,3
7936,1267,262,2
7937,1267,263,3
7938,1267,264,2
7939,1267,265,2
7940,1267,266,2
7941,1321,264,2
7942,1267,267,2
7943,1267,268,3
7944,1323,263,2
7945,1267,269,2
7946,1267,270,1
7947,1267,271,2
7948,1267,273,2
7949,1267,272,1
7950,1324,265,3
7951,952,330,2
7952,952,329,3
7953,952,322,2
7954,953,322,3
7955,953,326,1
7956,955,322,3
7957,955,326,3
7958,956,322,3
7959,956,326,3
7960,958,322,3
7961,958,326,3
7962,1805,186,2
7963,1805,185,1
7964,1805,188,2
7965,1805,190,1
7966,1805,196,1
7967,1806,185,2
7968,1806,186,3
7969,1806,187,2
7970,1806,188,2
7971,1806,189,1
7972,1806,190,2
7973,1806,192,1
7974,1807,185,2
7975,1807,186,2
7976,1807,187,3
7977,1807,188,2
7978,1807,189,1
7979,1807,190,1
7980,1807,196,2
7981,1808,185,2
7982,1808,186,2
7983,1808,187,2
7984,1808,188,3
7985,1808,189,3
7986,1808,196,1
7987,1809,196,1
7988,1809,186,3
7989,1809,187,1
7990,1809,189,2
7991,1809,190,2
7992,1809,192,2
7993,1810,196,3
7994,1810,188,3
7995,1810,190,2
7996,1810,191,3
7997,1810,192,1
7998,1810,193,3
7999,1810,194,2
8000,1810,195,2
8001,1815,299,1
8002,1823,150,1
8003,1823,159,1
8004,1823,162,1
8005,1823,168,1
8006,1823,171,1
8007,1823,180,1
8008,1823,183,1
8009,789,210,3
8010,790,210,3
8011,791,210,3
8012,792,210,3
8013,793,210,3
8014,788,211,1
8015,789,211,1
8016,790,211,1
8017,791,211,1
8018,792,211,1
8019,793,211,1
8020,788,212,3
8021,789,212,3
8022,790,212,3
8023,791,212,3
8024,792,212,3
8025,793,212,3
8026,788,213,2
8027,789,213,2
8028,790,213,2
8029,791,213,2
8030,792,213,2
8031,793,213,2
8032,788,220,2
8033,789,220,2
8034,790,220,2
8035,791,220,2
8036,792,220,2
8037,793,220,2
8038,719,160,1
8039,719,163,1
8040,719,166,1
8041,719,169,2
8042,719,172,1
8043,1335,225,3
8044,363,166,1
8045,364,166,1
8046,365,166,1
8047,753,174,1
8048,754,174,1
8049,755,174,1
8050,1268,262,3
8051,1268,263,2
8052,1268,264,1
8053,1268,265,2
8054,1268,267,1
8055,1268,268,2
8056,1268,269,1
8057,1268,271,3
8058,1268,272,1
8059,1268,273,2
8060,1273,262,3
8061,1273,263,2
8062,1273,264,1
8063,1273,265,2
8064,1273,267,1
8065,1273,268,2
8066,1273,269,1
8067,1273,270,2
8068,1273,271,3
8069,1273,272,1
8070,1273,273,2
8071,1274,262,3
8072,1274,263,3
8073,1274,264,3
8074,1274,265,2
8075,1274,266,2
8076,1274,267,1
8077,1274,268,1
8078,1274,269,2
8079,1274,270,1
8080,1274,271,2
8081,1274,272,2
8082,1275,262,3
8083,1275,263,3
8084,1275,264,2
8085,1275,265,3
8086,1275,266,1
8087,1275,267,1
8088,1275,268,2
8089,1275,269,2
8090,1275,270,1
8091,1275,271,3
8092,1275,272,2
8093,1275,273,1
8094,1731,262,3
8095,1731,263,3
8096,1731,264,3
8097,1731,265,3
8098,1731,266,2
8099,1731,267,2
8100,1731,268,1
8101,1731,269,2
8102,1731,270,2
8103,1731,271,2
8104,1731,272,2
8105,1731,273,1
8106,1111,237,2
8107,1111,240,2
8108,1111,239,2
8109,1109,243,2
8110,1109,239,2
8111,1109,240,3
8112,1109,242,2
8113,1109,245,1
8114,1109,246,2
8115,1109,247,2
8116,1110,239,2
8117,1110,240,2
8118,1110,241,2
8119,1110,242,1
8120,1110,243,1
8121,1110,245,3
8122,1110,246,2
8123,1113,237,1
8124,1113,239,1
8125,1113,240,1
8126,1113,242,3
8127,1113,243,2
8128,1113,244,3
8129,1113,245,3
8130,1113,246,3
8131,1113,247,1
8132,1111,241,1
8133,1111,242,1
8134,1111,243,2
8135,1111,245,3
8136,1111,246,3
8137,1111,247,1
8138,1112,239,2
8139,1112,240,2
8140,1112,241,3
8141,1112,242,1
8142,1112,243,3
8143,1112,245,3
8144,1112,246,2
8145,1112,247,1
8146,251,189,3
8147,252,189,3
8148,1730,194,3
8149,946,321,1
8150,948,322,2
8151,946,323,1
8152,948,325,3
8153,946,326,1
8154,948,326,3
8155,948,327,3
8156,949,328,3
8157,943,329,3
8158,944,329,2
8159,945,329,2
8160,949,331,2
8161,946,258,1
8162,1821,151,1
8163,813,160,3
8164,812,160,3
8165,814,160,3
8166,815,160,3
8167,816,160,3
8168,812,184,1
8169,813,184,1
8170,814,184,1
8171,815,184,1
8172,816,184,1
8173,1834,298,3
8174,1835,299,2
8175,1835,301,2
8176,1836,299,3
8177,1836,301,1
8178,1836,302,1
8179,1838,299,1
8180,1838,300,3
8181,1837,305,3
8182,1837,308,1
8183,1053,178,2
8184,1055,178,2
8185,1054,178,3
8186,1056,178,3
8187,1063,178,3
8188,1064,178,3
8189,1791,197,3
8190,1792,197,2
8191,1791,198,3
8192,1792,198,1
8193,1792,199,1
8194,1791,199,3
8195,1791,200,3
8196,1792,200,1
8197,1791,201,3
8198,1796,202,3
8199,1793,202,3
8200,1794,202,3
8201,1795,202,3
8202,1793,204,3
8203,1795,204,3
8204,1796,204,3
8205,1794,204,3
8206,1793,205,3
8207,1794,205,3
8208,1795,205,3
8209,1796,205,3
8210,1793,206,3
8211,1794,206,3
8212,1795,206,3
8213,1796,206,3
8214,1793,207,3
8215,1794,207,3
8216,1795,207,3
8217,1796,207,3
8218,1791,208,2
8219,1792,208,2
8220,1793,208,2
8221,1794,208,2
8222,1795,208,2
8223,1796,208,2
8224,384,249,3
8225,1131,322,2
8226,1131,324,1
8227,721,322,3
8228,1826,151,1
8229,1325,320,3
8230,1326,320,1
8231,721,330,1
8232,721,331,2
8233,1326,323,1
8234,1328,323,1
8235,1778,207,2
8236,1779,207,2
8237,1780,208,2
8238,1329,324,1
8239,1781,207,2
8240,1782,207,2
8241,1325,321,3
8242,1326,321,3
8243,1327,321,3
8244,1168,320,2
8245,1328,321,3
8246,1329,321,3
8247,1327,322,1
8248,1152,320,1
8249,1153,320,3
8250,1154,320,3
8251,1158,320,2
8252,1162,320,2
8253,1152,321,3
8254,1153,321,3
8255,1416,344,2
8256,1154,321,2
8257,1419,344,2
8258,1416,345,2
8259,1416,346,3
8260,1158,321,3
8261,1419,345,2
8262,1419,346,3
8263,1162,321,2
8264,1168,321,2
8265,1420,344,2
8266,1420,345,2
8267,1420,346,3
8268,1422,344,2
8269,1422,345,2
8270,1422,346,3
8271,1423,344,2
8272,1423,345,3
8273,1423,346,3
8274,1444,348,3
8275,1153,322,3
8276,1439,347,3
8277,1158,322,3
8278,1441,347,3
8279,1442,347,3
8280,1443,347,3
8281,1444,347,3
8282,1439,348,3
8283,1152,323,3
8284,1441,348,2
8285,1442,348,3
8286,1443,348,3
8287,1152,331,1
8288,1153,323,2
8289,1682,344,2
8290,1682,345,3
8291,1154,323,2
8292,1683,344,1
8293,1683,345,2
8294,1683,346,3
8295,1685,344,3
8296,1685,345,2
8297,1685,346,2
8298,1686,344,2
8299,1686,345,3
8300,1686,346,3
8301,1687,344,2
8302,1687,345,2
8303,1687,346,2
8304,1162,322,3
8305,1168,323,3
8306,603,344,3
8307,603,345,2
8308,603,346,1
8309,604,344,3
8310,604,345,2
8311,604,346,1
8312,605,344,2
8313,605,345,2
8314,605,346,2
8315,606,344,3
8316,606,345,2
8317,606,346,1
8318,607,344,3
8319,607,345,2
8320,607,346,2
8321,608,344,3
8322,608,345,3
8323,608,346,2
8324,609,346,1
8325,609,344,3
8326,609,345,2
8327,610,344,3
8328,610,345,3
8329,610,346,1
8330,611,344,3
8331,611,345,3
8332,611,346,1
8333,612,344,3
8334,612,345,3
8335,612,346,1
8336,598,344,3
8337,598,345,3
8338,598,346,2
8339,599,344,3
8340,599,345,2
8341,599,346,1
8342,600,344,3
8343,600,345,3
8344,600,346,1
8345,601,344,3
8346,601,345,3
8347,601,346,1
8348,602,344,3
8349,602,345,3
8350,602,346,1
8351,1439,349,2
8352,1441,349,3
8353,1442,349,3
8354,1443,349,2
8355,1444,349,1
8356,1778,211,3
8357,1779,217,2
8358,1779,211,3
8359,224,346,3
8360,1781,217,2
8361,1618,347,3
8362,1619,347,3
8363,1620,347,3
8364,225,345,2
8365,1780,209,3
8366,1621,347,3
8367,224,344,3
8368,1622,347,3
8369,224,345,3
8370,1618,348,3
8371,225,344,2
8372,1619,348,3
8373,225,346,1
8374,1620,348,3
8375,226,344,2
8376,1621,348,2
8377,1622,348,2
8378,226,346,1
8379,227,344,2
8380,227,346,1
8381,1618,349,3
8382,228,344,3
8383,228,345,3
8384,228,346,3
8385,1619,349,3
8386,229,344,3
8387,229,345,2
8388,229,346,1
8389,679,320,2
8390,680,320,3
8391,1620,349,3
8392,1621,349,3
8393,1622,349,3
8394,236,344,3
8395,236,345,2
8396,236,346,3
8397,237,344,2
8398,237,346,2
8399,238,344,2
8400,238,346,3
8401,240,344,3
8402,240,346,2
8403,241,344,3
8404,241,345,2
8405,241,346,2
8406,242,344,3
8407,242,345,2
8408,242,346,1
8409,1363,347,2
8410,1364,347,3
8411,1366,347,3
8412,1367,347,3
8413,1367,348,3
8414,1363,348,1
8415,1364,348,3
8416,1365,347,3
8417,230,347,3
8418,230,348,3
8419,1365,348,3
8420,230,349,3
8421,1366,348,3
8422,231,347,3
8423,231,348,3
8424,1363,349,1
8425,231,349,2
8426,1364,349,3
8427,1365,349,3
8428,232,347,2
8429,232,349,2
8430,1366,349,3
8431,233,347,2
8432,1367,349,3
8433,233,349,1
8434,234,347,3
8435,234,348,3
8436,234,349,3
8437,235,347,3
8438,235,348,2
8439,235,349,1
8440,1839,347,3
8441,1840,347,3
8442,1841,347,3
8443,1842,347,3
8444,1843,347,3
8445,1839,348,3
8446,1840,348,3
8447,1841,348,3
8448,1842,348,3
8449,1843,348,3
8450,1839,349,3
8451,1840,349,3
8452,1841,349,3
8453,1842,349,2
8454,1843,349,2
8455,244,347,3
8456,244,348,3
8457,244,349,3
8458,245,347,3
8459,245,349,3
8460,246,347,3
8461,246,349,3
8462,247,347,3
8463,247,349,3
8464,248,347,3
8465,248,348,3
8466,248,349,3
8467,249,347,3
8468,249,348,3
8469,249,349,3
8470,681,321,2
8471,679,321,3
8472,679,323,1
8473,679,328,3
8474,679,329,2
8475,680,322,2
8476,1584,249,3
8477,680,329,2
8478,1585,249,3
8479,681,329,2
8480,682,329,2
8481,683,329,2
8482,1065,300,2
8483,1584,250,3
8484,681,320,3
8485,1585,250,3
8486,681,323,2
8487,1584,251,2
8488,1585,251,2
8489,682,321,2
8490,126,252,1
8491,1584,252,2
8492,1585,252,2
8493,126,253,1
8494,1584,253,1
8495,1815,298,3
8496,1585,253,1
8497,1336,224,2
8498,1337,224,2
8499,1338,224,3
8500,1339,224,2
8501,1340,224,1
8502,682,320,3
8503,683,320,3
8504,1340,225,1
8505,683,321,2
8506,683,322,2
8507,1066,300,2
8508,1067,300,2
8509,1069,300,2
8510,1815,300,2
8511,1815,301,1
8512,1815,302,1
8513,1132,322,3
8514,1132,324,1
8515,1132,326,2
8516,253,264,1
8517,1132,329,1
8518,355,209,3
8519,254,265,1
8520,1132,331,2
8521,255,265,2
8522,256,265,1
8523,1132,321,2
8524,358,209,3
8525,257,266,1
8526,1132,323,1
8527,1132,325,1
8528,355,210,1
8529,357,210,1
8530,358,210,2
8531,1404,210,1
8532,1848,298,3
8533,1849,298,3
8534,1850,298,3
8535,1851,298,3
8536,1852,298,3
8537,356,212,3
8538,1848,299,3
8539,357,212,2
8540,1849,299,3
8541,1850,299,3
8542,1851,299,3
8543,1852,299,3
8544,358,212,2
8545,359,212,1
8546,1848,300,3
8547,1404,212,2
8548,1849,300,3
8549,1850,300,3
8550,1851,300,3
8551,1852,300,3
8552,1848,301,3
8553,1849,301,3
8554,1850,301,3
8555,1851,301,3
8556,355,213,1
8557,1852,301,3
8558,1848,302,2
8559,1849,302,2
8560,358,213,2
8561,1850,302,2
8562,1852,302,2
8563,359,213,1
8564,1404,213,1
8565,1848,303,2
8566,1849,303,2
8567,1850,303,2
8568,1851,303,2
8569,1851,302,2
8570,1852,303,2
8571,1852,305,3
8572,1851,305,3
8573,356,210,1
8574,1850,306,2
8575,1849,306,2
8576,1848,306,2
8577,1606,262,2
8578,1612,262,3
8579,1608,262,1
8580,1611,262,2
8581,1606,263,1
8582,1606,265,2
8583,1608,265,2
8584,1612,265,1
8585,1606,266,1
8586,1606,269,1
8587,1606,270,2
8588,1606,271,1
8589,1606,272,1
8590,1606,273,2
8591,1608,266,1
8592,1608,269,1
8593,1608,270,1
8594,1608,271,1
8595,1608,272,1
8596,1608,273,2
8597,1610,264,1
8598,1610,266,1
8599,1610,267,1
8600,1610,268,1
8601,1610,272,1
8602,1611,264,1
8603,1611,269,1
8604,1611,270,1
8605,1611,273,1
8606,1612,266,1
8607,1612,267,1
8608,1612,270,1
8609,1612,271,1
8610,1612,273,1
8611,480,197,3
8612,481,197,3
8613,482,197,3
8614,483,197,3
8615,484,197,1
8616,485,197,2
8617,480,198,3
8618,481,198,3
8619,482,198,3
8620,483,198,3
8621,484,198,2
8622,485,198,1
8623,480,199,3
8624,481,199,3
8625,480,200,2
8626,480,202,1
8627,480,203,2
8628,480,204,2
8629,480,205,1
8630,480,206,2
8631,480,207,1
8632,480,208,3
8633,481,201,3
8634,481,202,2
8635,481,200,3
8636,481,203,3
8637,481,207,2
8638,481,208,2
8639,481,204,3
8640,481,205,3
8641,481,206,3
8642,482,199,2
8643,482,201,2
8644,482,202,2
8645,482,203,2
8646,482,200,3
8647,482,204,3
8648,482,205,3
8649,482,206,3
8650,482,207,3
8651,482,208,3
8652,483,206,2
8653,483,207,2
8654,483,208,3
8655,483,199,3
8656,483,200,3
8657,483,201,3
8658,483,202,3
8659,483,203,3
8660,483,204,3
8661,483,205,3
8662,484,199,3
8663,484,200,2
8664,484,201,1
8665,484,202,3
8666,484,204,3
8667,484,205,2
8668,484,206,3
8669,484,207,2
8670,484,208,2
8671,485,199,1
8672,485,200,1
8673,485,201,2
8674,485,203,1
8675,485,204,3
8676,1606,237,2
8677,485,205,2
8678,485,206,2
8679,1606,238,1
8680,485,207,2
8681,485,208,2
8682,485,202,1
8683,1606,240,2
8684,502,185,2
8685,1606,244,1
8686,1606,245,2
8687,1606,246,1
8688,1606,247,1
8689,1606,248,2
8690,1606,241,1
8691,1608,237,1
8692,1608,240,2
8693,1608,241,1
8694,1608,244,1
8695,1608,245,1
8696,1608,246,1
8697,1608,247,1
8698,1608,248,2
8699,1610,239,1
8700,1610,241,1
8701,1610,238,1
8702,1610,242,1
8703,1610,243,1
8704,1610,247,1
8705,1611,237,2
8706,1611,239,1
8707,1611,244,1
8708,1611,238,1
8709,1611,245,1
8710,1611,248,1
8711,1612,248,1
8712,1612,246,1
8713,1612,245,1
8714,1612,242,1
8715,1612,241,1
8716,1612,240,1
8717,1612,237,3
8718,500,187,1
8719,500,188,1
8720,721,280,2
8721,721,282,2
8722,721,285,1
8723,721,287,3
8724,721,297,1
8725,722,282,2
8726,722,283,1
8727,722,284,2
8728,722,285,1
8729,722,287,2
8730,723,282,2
8731,723,285,1
8732,723,287,2
8733,723,297,1
8734,724,282,2
8735,480,262,3
8736,724,283,2
8737,724,297,2
8738,480,263,2
8739,725,287,1
8740,480,264,2
8741,725,297,3
8742,726,297,3
8743,480,265,2
8744,480,266,2
8745,480,267,2
8746,480,268,3
8747,480,269,2
8748,480,270,1
8749,1499,309,3
8750,1499,310,2
8751,1500,309,2
8752,1501,311,3
8753,723,320,2
8754,723,321,1
8755,1502,309,1
8756,723,322,2
8757,1502,311,2
8758,723,331,1
8759,1502,312,2
8760,1505,309,2
8761,1505,310,2
8762,1505,311,2
8763,1505,313,2
8764,1500,311,3
8765,1500,312,2
8766,1500,313,3
8767,1501,312,2
8768,1501,313,3
8769,1133,323,1
8770,1134,321,2
8771,1134,322,2
8772,1134,323,1
8773,1134,324,3
8774,724,320,1
8775,1134,325,1
8776,724,321,1
8777,724,322,2
8778,1134,328,1
8779,723,329,2
8780,724,329,2
8781,724,331,1
8782,725,320,1
8783,1336,225,3
8784,725,329,2
8785,1218,320,2
8786,1135,321,1
8787,1337,225,2
8788,1219,320,2
8789,1135,323,3
8790,1338,225,2
8791,1339,225,2
8792,1335,226,3
8793,1218,321,2
8794,1336,226,2
8795,1218,322,1
8796,1337,226,2
8797,1135,327,1
8798,1218,323,1
8799,1338,226,1
8800,1339,226,3
8801,1218,329,1
8802,1219,321,2
8803,1219,322,1
8804,1219,323,1
8805,1340,226,1
8806,1220,320,3
8807,1220,321,3
8808,1220,322,2
8809,1220,323,2
8810,1335,227,3
8811,1221,320,3
8812,1291,320,1
8813,1221,321,2
8814,1291,321,2
8815,1336,227,1
8816,1337,227,3
8817,1338,227,2
8818,1339,227,2
8819,1340,227,1
8820,1222,320,3
8821,1222,321,2
8822,1238,320,3
8823,1239,320,3
8824,1240,320,3
8825,1241,320,3
8826,1337,228,2
8827,1242,320,2
8828,1238,321,2
8829,1025,320,2
8830,1239,321,1
8831,1338,228,1
8832,1240,321,2
8833,1241,321,1
8834,1242,321,2
8835,1068,321,3
8836,1026,320,1
8837,1068,322,1
8838,1027,320,2
8839,1068,325,1
8840,1068,326,3
8841,1028,320,1
8842,1068,327,3
8843,1068,328,1
8844,1068,331,1
8845,1070,320,3
8846,1070,321,3
8847,1070,322,2
8848,1070,323,2
8849,1070,324,3
8850,1070,325,2
8851,1070,326,2
8852,1070,328,2
8853,1071,320,1
8854,1071,321,2
8855,1026,321,1
8856,1027,321,1
8857,1071,323,2
8858,1028,321,1
8859,1071,324,1
8860,1335,232,1
8861,1071,326,1
8862,1071,329,2
8863,1072,323,2
8864,1072,324,3
8865,1072,326,2
8866,1072,328,1
8867,1072,329,1
8868,1337,232,1
8869,1073,321,1
8870,1073,322,2
8871,1338,232,1
8872,1339,232,1
8873,1340,232,1
8874,1073,323,2
8875,1680,262,1
8876,1336,232,1
8877,1073,327,1
8878,1073,329,3
8879,1073,330,1
8880,1315,264,3
8881,1864,197,2
8882,1074,327,3
8883,1865,197,3
8884,1074,328,3
8885,1866,197,3
8886,1074,329,3
8887,1867,197,2
8888,1868,197,2
8889,1864,198,2
8890,1865,198,2
8891,1866,198,2
8892,1867,198,2
8893,1868,198,2
8894,1684,265,2
8895,1864,199,2
8896,1865,199,2
8897,1866,199,2
8898,1867,199,2
8899,1316,263,1
8900,1868,199,2
8901,1864,200,2
8902,1865,200,2
8903,1866,200,2
8904,1867,200,2
8905,1868,200,2
8906,1864,201,3
8907,1865,201,3
8908,1866,201,3
8909,1867,201,3
8910,1676,262,2
8911,1868,201,3
8912,1864,202,1
8913,1865,202,1
8914,1322,266,2
8915,1866,202,2
8916,1867,202,1
8917,1681,268,3
8918,1868,202,1
8919,1864,203,3
8920,1865,203,3
8921,1866,203,3
8922,1867,203,3
8923,1868,203,3
8924,1864,204,2
8925,1865,204,2
8926,1866,204,2
8927,1867,204,2
8928,1868,204,2
8929,1864,205,3
8930,1865,205,3
8931,1866,205,3
8932,1320,269,1
8933,1867,205,3
8934,1868,205,3
8935,1864,206,2
8936,1865,206,1
8937,1866,206,2
8938,1322,271,1
8939,1867,206,3
8940,1868,206,3
8941,1864,207,3
8942,1865,207,3
8943,1866,207,3
8944,1867,207,3
8945,1324,272,3
8946,1868,207,3
8947,1864,208,1
8948,1865,208,3
8949,1866,208,3
8950,1867,208,2
8951,1027,322,1
8952,1868,208,2
8953,1028,322,1
8954,1026,323,1
8955,1027,323,1
8956,1026,324,1
8957,1028,324,1
8958,1025,325,1
8959,1026,326,1
8960,1028,326,1
8961,1028,327,1
8962,1025,328,1
8963,1029,328,1
8964,1025,329,1
8965,1025,330,1
8966,1025,331,1
8967,480,271,1
8968,480,272,1
8969,481,262,2
8970,481,263,2
8971,1028,331,1
8972,481,264,1
8973,481,265,2
8974,481,266,3
8975,481,267,1
8976,481,269,3
8977,481,270,1
8978,481,271,2
8979,481,273,3
8980,482,262,1
8981,482,263,2
8982,482,264,3
8983,482,265,2
8984,1027,330,3
8985,482,266,3
8986,482,267,2
8987,482,268,2
8988,482,269,2
8989,482,270,2
8990,482,271,3
8991,482,272,1
8992,438,331,1
8993,482,273,2
8994,440,331,1
8995,441,331,1
8996,444,331,1
8997,483,262,1
8998,483,263,2
8999,445,331,1
9000,446,331,1
9001,483,264,2
9002,483,265,3
9003,483,266,2
9004,483,267,1
9005,483,268,3
9006,483,269,1
9007,483,270,3
9008,483,271,2
9009,483,272,1
9010,483,273,3
9011,484,262,1
9012,484,263,2
9013,484,264,1
9014,484,265,2
9015,484,266,3
9016,484,267,2
9017,484,268,2
9018,484,269,1
9019,484,270,2
9020,484,271,2
9021,484,273,2
9022,485,262,1
9023,485,263,2
9024,485,264,3
9025,485,265,2
9026,485,266,2
9027,485,267,2
9028,485,268,1
9029,485,269,2
9030,485,270,2
9031,485,272,2
9032,485,273,2
9033,1025,280,1
9034,1557,224,2
9035,1558,224,2
9036,1559,224,3
9037,1560,224,3
9038,1556,225,3
9039,1557,225,3
9040,1558,225,3
9041,1559,225,2
9042,1560,225,2
9043,1556,226,2
9044,1557,226,3
9045,1558,226,3
9046,1559,226,2
9047,1560,226,3
9048,1560,227,2
9049,1556,227,1
9050,1557,227,2
9051,1558,227,1
9052,1559,227,3
9053,1559,228,1
9054,1560,228,2
9055,1556,228,1
9056,1557,228,1
9057,1558,228,1
9058,1556,229,3
9059,1557,229,3
9060,1558,229,3
9061,1559,229,3
9062,1560,229,3
9063,1560,230,2
9064,1556,230,2
9065,1557,230,1
9066,1558,230,2
9067,1559,230,2
9068,1556,231,2
9069,1557,231,2
9070,1558,231,3
9071,1559,231,2
9072,1560,231,2
9073,1556,232,1
9074,1557,232,2
9075,1558,232,3
9076,1559,232,2
9077,1560,232,2
9078,1556,276,2
9079,1026,280,1
9080,1557,276,2
9081,1027,280,1
9082,1558,276,3
9083,1559,276,3
9084,1028,280,1
9085,1560,276,2
9086,1029,280,2
9087,1556,277,2
9088,1557,277,2
9089,1558,277,3
9090,1559,277,2
9091,1560,277,3
9092,1026,281,2
9093,1556,278,3
9094,1557,278,2
9095,1558,278,1
9096,1027,281,1
9097,1559,278,2
9098,1560,278,2
9099,1028,281,1
9100,1029,281,2
9101,1114,263,1
9102,1368,225,3
9103,1369,225,1
9104,1370,225,3
9105,1440,225,1
9106,1417,344,3
9107,1424,347,3
9108,1418,344,3
9109,1421,344,2
9110,1787,344,2
9111,1789,344,3
9112,1789,345,2
9113,1418,345,1
9114,1421,345,1
9115,1787,345,2
9116,1417,346,3
9117,1418,346,3
9118,1421,346,3
9119,1787,346,2
9120,1789,346,2
9121,1417,345,3
9122,1425,347,3
9123,1426,347,2
9124,1788,347,2
9125,1790,347,3
9126,1425,348,1
9127,1426,348,1
9128,1788,348,2
9129,1790,348,2
9130,1424,349,3
9131,1425,349,3
9132,1426,349,3
9133,1788,349,3
9134,1790,349,3
9135,1411,347,3
9136,1412,347,3
9137,1413,347,2
9138,1414,347,2
9139,1415,347,2
9140,1411,348,1
9141,1412,348,1
9142,1413,348,2
9143,1415,348,2
9144,1411,349,2
9145,1412,349,1
9146,1413,349,3
9147,1414,349,2
9148,1415,349,2
9149,480,209,2
9150,480,210,2
9151,480,211,2
9152,481,211,2
9153,481,212,3
9154,481,213,2
9155,482,218,2
9156,483,219,2
9157,483,220,2
9158,484,220,2
9159,485,220,3
9160,547,320,3
9161,548,320,2
9162,549,320,2
9163,550,320,1
9164,551,320,2
9165,554,320,2
9166,547,321,2
9167,548,321,1
9168,1321,262,3
9169,549,321,2
9170,1323,267,1
9171,1321,273,2
9172,1323,270,3
9173,1323,268,3
9174,1324,269,1
9175,1321,267,1
9176,1320,272,1
9177,1323,264,3
9178,1320,266,2
9179,1322,273,3
9180,1321,270,1
9181,550,321,1
9182,554,321,2
9183,547,323,2
9184,1322,269,2
9185,548,323,2
9186,1324,262,2
9187,549,323,2
9188,1322,265,1
9189,550,323,2
9190,1323,273,1
9191,1320,264,1
9192,551,323,2
9193,1323,262,2
9194,554,323,2
9195,1324,267,2
9196,1324,273,2
9197,1320,273,2
9198,1321,268,1
9199,1320,267,2
9200,1321,265,1
9201,1324,263,1
9202,1323,271,1
9203,1322,267,2
9204,1322,262,1
9205,1321,272,2
9206,1320,271,2
9207,1323,266,1
9208,1853,320,2
9209,1854,320,2
9210,1857,320,2
9211,1853,321,3
9212,1854,321,2
9213,1260,262,1
9214,1260,264,2
9215,1260,267,2
9216,1260,268,2
9217,1260,271,1
9218,1260,272,2
9219,1261,262,2
9220,1261,263,2
9221,1261,264,1
9222,1261,265,1
9223,1261,267,1
9224,1261,268,2
9225,1261,270,1
9226,1261,272,1
9227,1263,262,2
9228,1263,263,1
9229,1263,268,1
9230,1263,270,2
9231,1264,262,3
9232,1264,263,2
9233,1264,264,1
9234,1264,265,1
9235,1264,267,1
9236,1264,269,2
9237,1264,271,2
9238,404,209,3
9239,1264,272,1
9240,404,210,1
9241,1265,272,2
9242,404,211,3
9243,1265,273,1
9244,1265,262,2
9245,404,217,3
9246,404,218,2
9247,404,219,3
9248,1265,263,1
9249,1265,265,2
9250,1265,266,2
9251,1265,267,1
9252,1265,269,1
9253,1266,262,2
9254,1266,264,1
9255,1266,267,1
9256,1266,269,2
9257,1368,227,1
9258,1368,228,1
9259,1368,230,2
9260,1369,230,2
9261,1370,230,2
9262,1371,230,3
9263,1371,232,2
9264,1725,209,3
9265,1369,232,2
9266,1370,232,3
9267,1372,232,3
9268,1726,211,3
9269,1440,232,1
9270,1726,212,1
9271,1440,276,2
9272,1726,213,3
9273,1726,214,2
9274,1368,276,2
9275,1726,215,3
9276,1369,276,2
9277,1726,216,2
9278,1726,217,2
9279,1370,276,2
9280,1371,276,2
9281,1726,218,2
9282,1726,219,2
9283,1372,276,3
9284,1726,220,1
9285,1727,209,3
9286,1440,277,2
9287,1727,210,3
9288,1727,211,2
9289,1368,277,2
9290,1727,212,2
9291,1370,277,1
9292,1727,213,2
9293,1371,277,2
9294,1727,214,3
9295,1405,262,2
9296,1372,277,2
9297,1727,215,2
9298,1727,216,2
9299,1727,217,2
9300,1727,218,2
9301,1727,219,1
9302,1727,220,2
9303,1406,262,2
9304,1407,262,2
9305,1440,278,2
9306,1728,209,3
9307,1408,262,2
9308,1728,210,3
9309,1368,278,2
9310,1369,278,3
9311,1728,211,3
9312,1409,262,2
9313,1370,278,2
9314,1410,262,2
9315,1728,212,2
9316,1371,278,2
9317,1728,213,3
9318,1372,278,2
9319,1728,214,3
9320,1728,215,2
9321,1405,263,1
9322,1728,216,2
9323,1406,263,1
9324,1728,217,2
9325,1372,230,3
9326,1728,218,2
9327,1728,219,2
9328,1409,263,1
9329,1728,220,2
9330,1440,230,2
9331,1410,263,1
9332,1729,209,3
9333,1729,210,2
9334,1410,264,1
9335,1729,211,3
9336,1405,264,1
9337,1729,212,2
9338,1407,265,1
9339,1729,214,2
9340,1408,265,1
9341,1729,215,2
9342,1368,231,1
9343,1729,216,2
9344,1369,231,1
9345,1729,217,2
9346,1370,231,1
9347,1729,218,2
9348,1729,219,2
9349,1371,231,1
9350,1372,231,2
9351,1440,231,2
9352,1729,220,1
9353,1368,232,2
9354,1667,263,1
9355,1729,213,3
9356,1369,277,1
9357,1726,210,3
9358,1726,209,3
9359,1667,267,2
9360,1667,269,3
9361,1667,270,3
9362,1725,210,2
9363,1405,268,1
9364,1667,271,3
9365,1725,211,2
9366,1725,212,2
9367,1667,272,1
9368,1406,268,1
9369,1725,213,3
9370,1407,268,1
9371,1725,214,3
9372,1667,273,2
9373,1408,268,1
9374,1725,215,2
9375,1409,268,1
9376,1725,216,2
9377,1410,268,1
9378,1725,217,2
9379,1725,218,2
9380,1725,219,2
9381,1725,220,1
9382,1405,272,1
9383,1406,272,1
9384,1668,269,1
9385,1407,272,1
9386,1408,272,1
9387,1668,270,1
9388,1409,272,1
9389,1410,272,1
9390,1668,271,3
9391,1668,273,1
9392,1669,273,2
9393,1669,262,1
9394,1491,224,1
9395,1491,227,2
9396,1669,263,1
9397,1492,224,3
9398,1669,267,1
9399,1669,268,1
9400,1492,225,2
9401,1669,270,2
9402,1492,226,2
9403,1669,271,3
9404,1492,227,3
9405,1669,272,1
9406,1670,262,1
9407,1670,263,1
9408,1670,264,1
9409,1670,267,2
9410,1670,268,1
9411,1670,269,3
9412,1670,270,3
9413,1670,271,3
9414,1670,273,1
9415,1671,262,1
9416,1671,263,2
9417,1671,264,2
9418,1671,265,1
9419,1671,267,1
9420,1671,269,2
9421,1671,270,3
9422,1671,271,3
9423,1671,272,2
9424,1671,273,2
9425,1672,273,1
9426,1672,264,2
9427,1672,265,1
9428,405,209,3
9429,405,210,2
9430,1672,267,1
9431,405,211,3
9432,1672,268,3
9433,1672,269,2
9434,1672,270,2
9435,1672,271,3
9436,1672,272,2
9437,405,217,3
9438,1521,224,1
9439,1521,225,1
9440,1522,224,1
9441,1523,224,1
9442,1524,224,2
9443,1525,224,2
9444,1522,225,1
9445,1523,225,1
9446,1524,225,2
9447,1525,225,3
9448,1521,226,3
9449,1522,226,3
9450,1523,226,3
9451,1524,226,3
9452,1525,226,3
9453,1502,317,1
9454,1521,227,3
9455,400,209,3
9456,1522,227,1
9457,1505,318,2
9458,401,209,3
9459,1523,227,1
9460,402,209,3
9461,1524,227,1
9462,403,209,3
9463,1872,209,3
9464,400,210,2
9465,1525,227,1
9466,1501,319,2
9467,401,210,2
9468,402,210,2
9469,403,210,2
9470,1872,210,2
9471,1525,229,1
9472,400,211,1
9473,401,211,1
9474,402,211,1
9475,1501,314,1
9476,403,211,1
9477,1872,211,1
9478,400,212,3
9479,1501,315,1
9480,401,212,3
9481,402,212,3
9482,403,212,3
9483,1872,212,3
9484,400,213,1
9485,401,213,1
9486,402,213,1
9487,1505,316,1
9488,403,213,1
9489,1872,213,1
9490,400,220,2
9491,401,220,2
9492,402,220,2
9493,403,220,2
9494,1872,220,2
9495,870,224,2
9496,871,224,2
9497,405,218,2
9498,405,219,3
9499,1521,230,1
9500,1522,230,1
9501,1523,230,1
9502,872,224,1
9503,1025,282,1
9504,406,209,2
9505,873,224,2
9506,1525,230,2
9507,874,224,3
9508,1524,230,1
9509,1027,282,2
9510,870,225,2
9511,406,210,2
9512,1028,282,3
9513,1521,232,2
9514,871,225,1
9515,1525,232,2
9516,1524,232,3
9517,873,225,2
9518,874,225,2
9519,1523,232,3
9520,1522,232,2
9521,872,225,1
9522,872,226,1
9523,873,226,1
9524,874,226,1
9525,870,226,2
9526,871,226,2
9527,1026,283,1
9528,1027,283,3
9529,1028,283,2
9530,1026,284,1
9531,406,212,2
9532,1489,224,1
9533,1028,284,1
9534,872,227,2
9535,1029,284,1
9536,1025,285,1
9537,1026,285,2
9538,1027,285,1
9539,1489,225,1
9540,1028,285,1
9541,1490,225,1
9542,1491,225,1
9543,406,213,1
9544,406,214,1
9545,406,215,1
9546,417,217,2
9547,406,217,2
9548,406,218,3
9549,406,219,2
9550,560,209,2
9551,407,209,2
9552,407,210,2
9553,407,211,2
9554,561,209,2
9555,407,212,2
9556,562,210,3
9557,407,213,2
9558,407,214,2
9559,563,211,2
9560,1488,278,1
9561,1489,278,1
9562,1490,278,3
9563,873,227,2
9564,1491,278,2
9565,874,227,2
9566,1492,278,1
9567,870,227,2
9568,871,227,2
9569,407,215,2
9570,873,228,2
9571,407,217,3
9572,407,218,3
9573,407,219,2
9574,1814,209,2
9575,1814,210,2
9576,1814,212,2
9577,1814,213,3
9578,1025,287,1
9579,1028,296,1
9580,1782,209,3
9581,1782,211,2
9582,874,228,3
9583,870,228,2
9584,871,228,2
9585,872,228,3
9586,870,229,1
9587,871,229,2
9588,872,229,1
9589,873,229,2
9590,874,229,3
9591,870,230,1
9592,871,230,1
9593,872,230,1
9594,873,230,2
9595,874,230,1
9596,870,231,3
9597,871,231,3
9598,872,231,2
9599,873,231,2
9600,874,231,2
9601,870,232,2
9602,871,232,3
9603,872,232,2
9604,873,232,2
9605,874,232,3
9606,1847,197,3
9607,874,276,2
9608,870,276,3
9609,1847,198,3
9610,871,276,3
9611,1847,199,3
9612,872,276,2
9613,873,276,3
9614,1847,200,3
9615,1847,201,2
9616,874,277,2
9617,1847,202,1
9618,870,277,2
9619,871,277,1
9620,872,277,1
9621,1847,203,1
9622,873,277,2
9623,873,278,2
9624,1847,204,2
9625,874,278,3
9626,1847,205,2
9627,870,278,1
9628,871,278,3
9629,1847,206,3
9630,872,278,2
9631,1847,207,2
9632,1847,208,2
9633,1855,321,3
9634,1855,323,3
9635,1856,323,3
9636,1856,326,3
9637,1814,217,3
9638,1814,218,3
9639,1814,219,3
9640,347,209,1
9641,348,209,3
9642,1844,209,1
9643,1845,209,2
9644,346,210,2
9645,347,210,1
9646,348,210,3
9647,1844,210,1
9648,346,211,3
9649,347,211,2
9650,348,211,2
9651,1611,280,1
9652,1606,281,2
9653,1606,282,1
9654,1611,282,1
9655,1612,282,3
9656,1611,283,1
9657,1610,284,1
9658,1611,284,1
9659,1608,285,1
9660,1610,285,1
9661,1606,286,1
9662,1610,286,1
9663,1611,286,2
9664,349,211,1
9665,1606,293,2
9666,1608,293,2
9667,1612,293,1
9668,1606,295,2
9669,1393,209,3
9670,1610,296,1
9671,1611,296,1
9672,1394,209,3
9673,1606,297,1
9674,1608,297,1
9675,1611,297,1
9676,1395,209,3
9677,1612,297,1
9678,1396,209,3
9679,1397,209,3
9680,1398,209,3
9681,1393,210,2
9682,1394,210,2
9683,1395,210,2
9684,1396,210,2
9685,1397,210,2
9686,1398,210,2
9687,1393,211,3
9688,1394,211,3
9689,1395,211,3
9690,1396,211,3
9691,1397,211,3
9692,1398,211,3
9693,1393,212,2
9694,1394,212,2
9695,1395,212,2
9696,1396,212,2
9697,1397,212,2
9698,1398,212,2
9699,1393,213,3
9700,1394,213,3
9701,1395,213,3
9702,1396,213,3
9703,1397,213,3
9704,1398,213,3
9705,1317,209,3
9706,1317,211,2
9707,1811,209,1
9708,1811,213,2
9709,1812,209,1
9710,1812,211,2
9711,1812,213,2
9712,1813,213,1
9713,1813,212,1
9714,1858,211,1
9715,1858,213,2
9716,1859,209,1
9717,1859,211,3
9718,1859,213,1
9719,1433,224,2
9720,1434,224,3
9721,1435,224,3
9722,1436,224,2
9723,1437,224,3
9724,1438,224,2
9725,1433,225,2
9726,1434,225,3
9727,1435,225,3
9728,1436,225,2
9729,1437,225,3
9730,1438,225,2
9731,1433,226,2
9732,1434,226,3
9733,1435,226,2
9734,1436,226,2
9735,1437,226,3
9736,1438,226,1
9737,1433,227,3
9738,1434,227,3
9739,1435,227,2
9740,1436,227,1
9741,1437,227,2
9742,1438,227,1
9743,1433,228,2
9744,1434,228,2
9745,1435,228,2
9746,1436,228,2
9747,1437,228,2
9748,1438,228,1
9749,1433,229,1
9750,1435,229,1
9751,1436,229,2
9752,1437,229,1
9753,1438,229,2
9754,1438,230,2
9755,1438,231,2
9756,1437,231,1
9757,1433,232,3
9758,1434,232,3
9759,1435,232,2
9760,1437,232,2
9761,1438,232,2
9762,1433,276,2
9763,1434,276,3
9764,1435,276,1
9765,1433,277,1
9766,1434,277,2
9767,1438,277,1
9768,1437,277,1
9769,1375,224,3
9770,1376,224,3
9771,1377,224,3
9772,1378,224,3
9773,1379,224,2
9774,1380,224,2
9775,1375,225,3
9776,1376,225,3
9777,1377,225,2
9778,1378,225,2
9779,1379,225,2
9780,1380,225,2
9781,1375,226,2
9782,1376,226,2
9783,1377,226,2
9784,1378,226,2
9785,1379,226,2
9786,1380,226,1
9787,1375,227,2
9788,1376,227,3
9789,1377,227,3
9790,1378,227,3
9791,1379,227,1
9792,1380,227,1
9793,1375,228,2
9794,1377,228,2
9795,1378,228,2
9796,1379,228,1
9797,1380,228,1
9798,1375,232,2
9799,1376,232,2
9800,1377,232,2
9801,1378,232,2
9802,1380,232,2
9803,1375,277,2
9804,1376,277,3
9805,1377,277,2
9806,1378,277,1
9807,1375,278,2
9808,1873,224,3
9809,1873,225,3
9810,1873,226,2
9811,1873,227,2
9812,1873,228,1
9813,1874,224,3
9814,1874,225,3
9815,1874,226,3
9816,1874,227,3
9817,1874,228,1
9818,1875,224,2
9819,1875,225,2
9820,1875,226,3
9821,1875,227,3
9822,1875,228,2
9823,1876,230,1
9824,1876,231,2
9825,1876,232,3
9826,1876,276,3
9827,1876,278,3
9828,1876,277,1
9829,1877,227,2
9830,1877,228,2
9831,1877,276,3
9832,1877,277,1
9833,1877,278,1
9834,1878,231,2
9835,1878,277,3
9836,1824,159,2
9837,1824,168,3
9838,1824,171,2
9839,1824,174,1
9840,497,192,1
9841,497,190,1
9842,497,195,1
9843,498,190,1
9844,498,192,1
9845,498,195,1
9846,498,196,1
9847,499,190,1
9848,499,192,1
9849,499,196,1
9850,500,189,1
9851,500,191,1
9852,500,194,1
9853,500,196,1
9854,502,186,2
9855,502,187,2
9856,502,188,2
9857,502,189,2
9858,502,192,1
9859,502,195,1
9860,502,196,1
9861,1393,215,2
9862,1394,215,2
9863,1395,215,2
9864,1396,215,2
9865,1397,215,2
9866,1398,215,2
9867,1398,217,3
9868,1393,218,2
9869,1394,218,2
9870,1395,218,2
9871,1396,218,2
9872,1397,218,2
9873,1025,240,2
9874,1398,218,2
9875,1025,241,1
9876,253,228,2
9877,1075,281,1
9878,1078,281,1
9879,1075,283,1
9880,1078,285,3
9881,1080,296,1
9882,1827,258,3
9883,1828,258,3
9884,1829,258,3
9885,1830,258,1
9886,1831,258,3
9887,1833,258,3
9888,1828,260,1
9889,1830,257,3
9890,1827,218,3
9891,1828,218,2
9892,1829,218,2
9893,1830,218,2
9894,1831,218,1
9895,1833,218,2
9896,1827,217,2
9897,1828,217,2
9898,1829,217,2
9899,1830,217,3
9900,1056,175,3
9901,1063,175,3
9902,1064,175,3
9903,1343,209,2
9904,1341,210,2
9905,1342,210,1
9906,1343,210,2
9907,1342,212,3
9908,1343,212,2
9909,1342,214,3
9910,1343,214,2
9911,1344,214,1
9912,1345,214,3
9913,1345,215,3
9914,1341,217,3
9915,1343,217,2
9916,1345,217,2
9917,1341,219,3
9918,1342,219,2
9919,1343,219,1
9920,1345,219,1
9921,1346,209,1
9922,1348,209,2
9923,1346,210,3
9924,1347,211,2
9925,1348,211,3
9926,1349,211,3
9927,1350,211,3
9928,1346,212,3
9929,1348,212,2
9930,1349,212,3
9931,1350,212,3
9932,1346,213,3
9933,1348,213,3
9934,1349,213,2
9935,1350,213,1
9936,1350,214,3
9937,1346,215,3
9938,1347,217,3
9939,1348,217,3
9940,1349,217,2
9941,1350,217,2
9942,1346,219,3
9943,1347,219,2
9944,1348,219,1
9945,1349,219,3
9946,1350,219,2
9947,1350,220,3
9948,1347,209,1
9949,1349,209,2
9950,1350,209,3
9951,1348,210,2
9952,253,226,3
9953,254,226,3
9954,253,229,3
9955,256,231,3
9956,254,276,3
9957,256,276,3
9958,255,277,3
9959,253,278,3
9960,254,278,2
9961,255,278,3
9962,257,278,3
9963,1783,185,1
9964,1783,186,3
9965,1884,185,1
9966,1884,186,3
9967,1784,186,2
9968,1785,186,3
9969,1786,186,3
9970,1786,185,1
9971,1785,187,2
9972,1786,187,2
9973,1784,188,2
9974,1785,188,2
9975,1786,188,3
9976,1890,237,2
9977,1890,238,3
9978,1887,239,3
9979,1860,257,2
9980,1889,239,2
9981,1860,258,3
9982,1890,239,3
9983,1860,259,1
9984,1885,237,3
9985,1861,249,1
9986,1886,237,2
9987,1861,253,2
9988,1885,238,3
9989,1885,239,2
9990,1861,258,3
9991,1885,240,3
9992,1885,241,2
9993,1861,259,1
9994,1885,242,2
9995,1885,243,2
9996,1885,244,2
9997,1885,245,3
9998,1885,246,2
9999,1885,247,2
10000,1885,248,2
10001,1886,248,2
10002,1886,238,3
10003,1886,239,3
10004,1886,240,3
10005,1886,241,3
10006,1886,242,2
10007,1886,243,2
10008,1886,244,2
10009,1886,245,2
10010,1886,246,2
10011,1886,247,2
10012,1887,248,3
10013,1887,237,2
10014,1887,238,3
10015,1887,240,3
10016,1887,241,3
10017,1887,242,2
10018,1887,243,2
10019,1887,244,2
10020,1887,245,2
10021,1887,246,2
10022,1887,247,2
10023,1888,248,3
10024,1888,237,3
10025,1888,238,3
10026,1888,239,3
10027,1888,240,3
10028,1888,241,3
10029,1888,242,2
10030,1888,243,2
10031,1888,244,3
10032,1888,245,3
10033,1888,246,3
10034,1888,247,2
10035,1889,248,3
10036,1889,237,2
10037,1889,238,2
10038,1889,240,2
10039,1889,241,2
10040,1889,242,2
10041,1889,243,3
10042,1889,244,3
10043,1889,245,3
10044,1889,246,3
10045,1889,247,3
10046,1890,248,3
10047,1890,240,2
10048,1890,241,2
10049,1890,242,3
10050,1890,243,3
10051,1890,244,3
10052,1890,245,3
10053,1890,246,3
10054,1890,247,3
10055,1892,186,3
10056,1892,187,3
10057,1892,190,3
10058,926,336,1
10059,1026,247,1
10060,876,224,3
10061,1515,320,2
10062,876,228,1
10063,1516,320,2
10064,1517,320,2
10065,1518,320,2
10066,1519,320,2
10067,1520,320,2
10068,877,224,1
10069,1515,321,3
10070,878,224,2
10071,879,224,1
10072,1516,321,3
10073,876,225,3
10074,877,225,2
10075,1517,321,2
10076,878,225,1
10077,876,226,3
10078,1518,321,2
10079,1519,321,2
10080,877,226,1
10081,1520,321,3
10082,878,226,1
10083,876,227,2
10084,1515,322,2
10085,1516,322,3
10086,1517,322,2
10087,1518,322,2
10088,1519,322,3
10089,1520,322,3
10090,1515,323,2
10091,1516,323,3
10092,1517,323,3
10093,1518,323,3
10094,1519,323,3
10095,1520,323,3
10096,1515,324,2
10097,1516,324,3
10098,1517,324,2
10099,1518,324,3
10100,1519,324,3
10101,1520,324,3
10102,1515,325,1
10103,1516,325,1
10104,1517,325,2
10105,1893,237,2
10106,1518,325,2
10107,1519,325,2
10108,1893,238,1
10109,1520,325,2
10110,477,263,3
10111,1515,326,2
10112,477,262,3
10113,477,264,1
10114,1894,237,2
10115,1516,326,3
10116,1895,237,2
10117,477,265,1
10118,1896,237,2
10119,1517,326,2
10120,477,266,1
10121,1897,237,2
10122,1518,326,2
10123,1519,326,2
10124,1898,237,2
10125,477,268,1
10126,1520,326,2
10127,477,271,1
10128,1515,327,2
10129,477,273,2
10130,1516,327,2
10131,1517,327,2
10132,1518,327,2
10133,478,262,1
10134,1894,238,1
10135,1519,327,2
10136,1895,238,1
10137,478,263,1
10138,1520,327,2
10139,1896,238,1
10140,478,265,2
10141,1897,238,3
10142,1515,328,2
10143,1898,238,3
10144,478,266,3
10145,1516,328,2
10146,1517,328,2
10147,478,268,1
10148,1518,328,2
10149,1519,328,2
10150,478,271,2
10151,1520,328,2
10152,478,273,1
10153,1515,329,2
10154,1516,329,2
10155,1517,329,2
10156,479,262,2
10157,1518,329,2
10158,479,263,2
10159,1519,329,2
10160,479,264,3
10161,1520,329,2
10162,479,265,3
10163,479,266,2
10164,1515,330,2
10165,1516,330,1
10166,1517,330,1
10167,1518,330,2
10168,1893,240,2
10169,1519,330,3
10170,1894,240,2
10171,1520,330,2
10172,1895,240,2
10173,479,268,1
10174,1896,240,2
10175,1515,331,1
10176,1897,240,2
10177,1516,331,2
10178,1898,240,2
10179,479,271,2
10180,1517,331,2
10181,1893,241,1
10182,1518,331,2
10183,1894,241,1
10184,1519,331,2
10185,1895,241,1
10186,1896,241,1
10187,1520,331,2
10188,1030,263,2
10189,1897,241,1
10190,1898,241,1
10191,1030,264,2
10192,1030,266,3
10193,1895,242,3
10194,1896,242,3
10195,1030,268,1
10196,1895,243,2
10197,1896,243,2
10198,1030,271,2
10199,1030,273,2
10200,1030,262,3
10201,1893,247,1
10202,1894,247,1
10203,1031,262,3
10204,1895,247,1
10205,1896,247,1
10206,1897,247,1
10207,1898,247,1
10208,1031,263,2
10209,1031,264,2
10210,1031,265,2
10211,1031,266,2
10212,1031,271,2
10213,560,197,2
10214,1031,267,1
10215,561,197,2
10216,562,197,2
10217,560,198,2
10218,561,198,2
10219,562,198,2
10220,562,199,2
10221,561,200,2
10222,562,200,2
10223,559,202,2
10224,560,202,2
10225,561,202,2
10226,560,203,2
10227,559,204,2
10228,560,204,2
10229,561,204,2
10230,562,204,2
10231,563,204,2
10232,559,205,2
10233,560,205,2
10234,561,205,2
10235,562,205,2
10236,563,205,2
10237,563,206,2
10238,559,206,2
10239,560,206,2
10240,561,206,2
10241,562,206,2
10242,560,207,1
10243,561,207,1
10244,562,207,1
10245,563,207,1
10246,563,208,2
10247,560,208,2
10248,561,208,2
10249,562,208,2
10250,637,320,3
10251,638,320,3
10252,639,320,3
10253,640,320,2
10254,641,320,2
10255,636,321,3
10256,638,321,3
10257,639,321,3
10258,640,321,3
10259,641,321,3
10260,1638,338,2
10261,1634,339,2
10262,1635,339,2
10263,1635,340,2
10264,1636,340,2
10265,1636,343,2
10266,1638,343,2
10267,1899,269,2
10268,1899,270,3
10269,1900,262,2
10270,1900,264,3
10271,1900,265,2
10272,1900,272,2
10273,1901,273,3
10274,1902,264,2
10275,1902,267,2
10276,1902,269,1
10277,1902,273,2
10278,1903,266,2
10279,1903,267,2
10280,1649,333,3
10281,1650,333,2
10282,1652,334,2
10283,343,209,2
10284,343,210,2
10285,1647,335,2
10286,1650,335,2
10287,343,211,3
10288,343,212,2
10289,1652,336,1
10290,1654,337,2
10291,343,213,2
10292,1647,337,2
10293,343,214,1
10294,344,209,1
10295,344,211,2
10296,1603,332,3
10297,1604,332,2
10298,344,216,1
10299,344,217,3
10300,1597,338,2
10301,1598,338,1
10302,344,219,2
10303,1599,338,1
10304,1600,338,1
10305,1601,338,1
10306,1602,338,1
10307,345,209,1
10308,345,212,2
10309,1310,210,3
10310,345,217,3
10311,1310,209,3
10312,1597,339,3
10313,1598,339,3
10314,1599,339,2
10315,1600,339,3
10316,345,219,2
10317,1601,339,1
10318,1602,339,1
10319,1613,209,1
10320,1613,210,1
10321,1613,211,2
10322,1613,212,1
10323,1613,217,3
10324,1311,210,3
10325,1846,209,2
10326,1311,212,3
10327,1846,210,1
10328,1846,212,3
10329,1846,217,3
10330,1597,340,3
10331,1846,219,1
10332,1598,340,2
10333,1312,209,2
10334,1599,340,2
10335,1312,211,2
10336,1600,340,2
10337,1312,212,2
10338,1601,340,1
10339,1602,340,2
10340,1597,341,2
10341,1598,341,2
10342,1599,341,2
10343,1600,341,2
10344,1313,212,2
10345,1601,341,2
10346,1602,341,2
10347,1597,342,3
10348,1598,342,2
10349,1599,342,2
10350,1600,342,3
10351,1314,212,2
10352,1601,342,2
10353,1602,342,1
10354,1597,343,2
10355,1598,343,2
10356,1599,343,2
10357,1600,343,2
10358,1601,343,1
10359,1602,343,1
10360,1921,298,2
10361,1921,299,3
10362,1921,301,3
10363,1921,302,2
10364,1921,305,2
10365,1899,262,1
10366,1605,332,3
10367,1922,332,1
10368,1923,332,1
10369,1603,333,3
10370,1604,333,2
10371,1605,333,3
10372,1922,333,1
10373,1923,333,1
10374,1603,334,3
10375,1604,334,3
10376,1605,334,3
10377,1922,334,1
10378,1923,334,1
10379,1603,335,2
10380,1604,335,2
10381,1605,335,2
10382,1922,335,1
10383,1923,335,1
10384,1603,336,2
10385,1604,336,2
10386,1605,336,2
10387,1922,336,3
10388,1923,336,3
10389,1603,337,2
10390,1604,337,2
10391,1605,337,2
10392,1922,337,1
10393,1923,337,2
10394,944,194,2
10395,946,194,1
10396,948,192,2
10397,346,212,2
10398,346,215,1
10399,347,212,2
10400,347,213,3
10401,960,332,3
10402,961,332,1
10403,962,333,3
10404,960,333,2
10405,962,334,3
10406,961,335,2
10407,963,336,2
10408,959,336,2
10409,959,337,2
10410,961,337,2
10411,963,337,3
10412,1924,265,2
10413,1925,262,1
10414,1925,265,2
10415,1926,263,1
10416,1927,262,1
10417,1927,265,2
10418,1929,266,3
10419,1928,262,1
10420,348,212,3
10421,348,213,3
10422,348,215,1
10423,348,220,2
10424,349,209,1
10425,349,210,2
10426,349,212,1
10427,943,194,3
10428,948,194,2
10429,349,215,1
10430,1844,211,2
10431,1844,214,1
10432,1844,215,2
10433,1844,220,1
10434,1845,210,1
10435,1845,211,2
10436,1930,262,1
10437,1931,262,1
10438,1845,212,1
10439,1932,262,1
10440,1933,262,1
10441,1845,214,1
10442,1934,262,1
10443,1935,262,1
10444,1845,215,2
10445,1930,265,2
10446,1931,265,2
10447,1933,265,2
10448,1935,265,2
10449,1845,220,1
10450,839,209,3
10451,840,209,3
10452,841,209,3
10453,842,209,3
10454,843,209,3
10455,844,209,3
10456,839,210,3
10457,840,210,3
10458,841,210,3
10459,842,210,2
10460,843,210,3
10461,844,210,3
10462,839,212,1
10463,839,213,1
10464,839,215,2
10465,1778,197,2
10466,1779,197,2
10467,1780,197,2
10468,1781,197,2
10469,1782,197,2
10470,1778,198,2
10471,1779,198,2
10472,840,212,1
10473,1780,198,2
10474,1781,198,2
10475,1782,198,2
10476,1778,199,2
10477,1779,199,2
10478,1780,199,2
10479,1781,199,2
10480,1782,199,2
10481,841,211,2
10482,1778,200,2
10483,1779,200,2
10484,843,212,2
10485,1780,200,2
10486,1781,200,2
10487,1782,200,2
10488,1778,201,2
10489,1779,201,2
10490,1780,201,2
10491,1781,201,2
10492,1782,201,2
10493,1778,202,2
10494,1779,202,2
10495,1780,202,2
10496,1781,202,2
10497,1782,202,2
10498,1778,203,2
10499,1779,203,2
10500,1780,203,2
10501,1781,203,2
10502,1782,203,2
10503,1782,204,2
10504,1778,204,2
10505,1779,204,2
10506,1780,204,2
10507,1781,204,2
10508,1778,205,2
10509,1779,205,2
10510,1780,205,2
10511,1781,205,2
10512,1782,205,2
10513,1778,206,2
10514,1779,206,2
10515,1780,206,2
10516,1781,206,2
10517,1782,206,2
10518,1780,207,2
10519,1778,208,2
10520,1779,208,2
10521,1781,208,2
10522,1782,208,2
10523,636,322,3
10524,637,322,3
10525,638,322,2
10526,639,322,2
10527,640,322,2
10528,641,322,2
10529,636,323,3
10530,637,323,3
10531,639,323,2
10532,640,323,2
10533,641,323,2
10534,636,325,3
10535,637,325,2
10536,638,325,2
10537,639,325,3
10538,640,325,2
10539,636,326,2
10540,637,326,2
10541,638,326,2
10542,639,326,2
10543,641,326,2
10544,636,327,2
10545,637,327,2
10546,638,327,2
10547,639,327,2
10548,640,327,2
10549,641,327,2
10550,636,328,2
10551,637,328,2
10552,638,328,3
10553,639,328,3
10554,640,328,2
10555,641,328,3
10556,636,329,2
10557,637,329,2
10558,638,329,3
10559,639,329,2
10560,640,329,2
10561,641,329,2
10562,636,330,2
10563,637,330,2
10564,638,330,3
10565,639,330,2
10566,640,330,3
10567,641,330,2
10568,749,151,1
10569,758,154,1
10570,756,157,1
10571,757,157,1
10572,757,163,1
10573,758,163,1
10574,749,163,1
10575,756,163,1
10576,757,166,1
10577,758,166,1
10578,1694,190,1
10579,756,166,1
10580,758,172,2
10581,720,172,2
10582,1936,197,3
10583,1937,197,3
10584,756,172,2
10585,1938,197,3
10586,1939,197,3
10587,1940,197,3
10588,719,175,3
10589,720,175,3
10590,636,331,2
10591,1936,198,3
10592,749,175,3
10593,756,175,3
10594,637,331,2
10595,1937,198,3
10596,757,175,3
10597,638,331,2
10598,1938,198,3
10599,639,331,2
10600,1939,198,3
10601,640,331,2
10602,641,331,2
10603,1940,198,2
10604,636,324,2
10605,719,178,1
10606,637,324,2
10607,638,324,2
10608,640,324,2
10609,1936,199,2
10610,749,178,1
10611,641,324,2
10612,1937,199,2
10613,757,178,1
10614,1938,199,2
10615,1939,199,2
10616,758,178,1
10617,1940,199,2
10618,758,181,1
10619,1936,200,2
10620,719,181,2
10621,720,181,1
10622,1937,200,2
10623,1938,200,2
10624,749,181,2
10625,756,181,3
10626,1939,200,2
10627,372,238,2
10628,757,181,3
10629,1827,276,2
10630,372,239,2
10631,372,240,3
10632,1936,201,1
10633,1828,276,2
10634,1937,201,2
10635,719,184,1
10636,1938,201,2
10637,1939,201,2
10638,1830,276,3
10639,749,184,1
10640,373,241,3
10641,1940,201,1
10642,1833,276,3
10643,1936,202,2
10644,757,184,1
10645,1936,203,2
10646,1936,204,2
10647,1937,202,2
10648,1831,276,1
10649,1937,203,2
10650,1937,204,2
10651,374,238,3
10652,1938,202,2
10653,1938,203,2
10654,1938,204,2
10655,1939,202,2
10656,1939,203,2
10657,1939,204,2
10658,1940,202,2
10659,374,241,2
10660,1940,203,2
10661,1940,204,2
10662,1827,277,1
10663,374,244,2
10664,1936,205,3
10665,1937,205,3
10666,1938,205,3
10667,374,247,1
10668,1939,205,3
10669,374,248,2
10670,1936,206,2
10671,1937,206,2
10672,375,237,2
10673,1938,206,2
10674,1939,206,2
10675,375,238,3
10676,1936,207,2
10677,1936,208,2
10678,1937,207,2
10679,1937,208,2
10680,1938,207,2
10681,1938,208,2
10682,1939,207,2
10683,1939,208,2
10684,375,239,2
10685,1940,206,1
10686,1940,207,2
10687,1940,208,2
10688,375,241,3
10689,375,244,1
10690,375,245,1
10691,758,175,2
10692,376,237,3
10693,376,238,1
10694,376,239,1
10695,376,241,2
10696,376,242,3
10697,376,243,3
10698,376,244,3
10699,376,245,1
10700,376,247,1
10701,1827,328,2
10702,1941,343,2
10703,377,238,1
10704,1827,329,2
10705,377,239,3
10706,1941,338,3
10707,1828,329,2
10708,1941,339,3
10709,1830,329,3
10710,1941,340,2
10711,377,242,3
10712,1831,329,1
10713,1941,341,2
10714,377,243,2
10715,1833,329,3
10716,1941,342,1
10717,1827,330,1
10718,1942,343,3
10719,1942,338,2
10720,1942,339,1
10721,1942,340,1
10722,1942,341,1
10723,1942,342,2
10724,759,172,1
10725,759,175,3
10726,759,178,3
10727,761,178,3
10728,762,178,1
10729,767,178,3
10730,769,178,3
10731,759,181,2
10732,761,181,2
10733,762,181,1
10734,767,181,3
10735,769,181,3
10736,770,181,1
10737,770,184,1
10738,759,184,1
10739,761,184,1
10740,767,184,2
10741,769,184,1
10742,1689,185,2
10743,761,160,2
10744,767,160,1
10745,769,160,1
10746,770,163,1
10747,759,166,1
10748,761,166,1
10749,767,166,1
10750,1691,185,2
10751,769,166,1
10752,727,323,1
10753,728,323,1
10754,729,323,1
10755,759,169,1
10756,730,323,1
10757,1086,280,3
10758,761,169,1
10759,731,323,1
10760,732,323,1
10761,767,169,1
10762,1087,280,2
10763,761,175,2
10764,1691,188,1
10765,1088,280,2
10766,1943,338,3
10767,1089,280,2
10768,1943,339,3
10769,1943,340,2
10770,1090,280,2
10771,1943,341,2
10772,1091,280,2
10773,1943,343,2
10774,1944,338,3
10775,1944,339,1
10776,1086,281,3
10777,1944,340,2
10778,1944,341,3
10779,1944,342,2
10780,1087,281,2
10781,1944,343,2
10782,1088,281,2
10783,1089,281,2
10784,1090,281,3
10785,1091,281,3
10786,1086,282,3
10787,1087,282,2
10788,1088,282,3
10789,1089,282,2
10790,1090,282,2
10791,1091,282,2
10792,1086,283,2
10793,727,220,1
10794,728,220,1
10795,729,220,1
10796,730,220,1
10797,1689,238,1
10798,1087,283,3
10799,731,220,1
10800,1088,283,3
10801,732,220,1
10802,1089,283,2
10803,1090,283,2
10804,1091,283,3
10805,727,212,2
10806,728,212,2
10807,1086,284,1
10808,729,212,2
10809,1690,238,1
10810,730,212,2
10811,731,212,2
10812,1086,285,3
10813,732,212,2
10814,1087,285,1
10815,1088,285,3
10816,1089,285,3
10817,1090,285,3
10818,1091,285,2
10819,1690,241,3
10820,1656,335,1
10821,1086,287,1
10822,1655,336,2
10823,1690,243,3
10824,1656,336,1
10825,1690,244,2
10826,1690,245,1
10827,1657,336,1
10828,1086,293,3
10829,1690,246,1
10830,1659,336,2
10831,1087,293,1
10832,504,327,2
10833,1659,337,2
10834,1088,293,3
10835,1660,332,1
10836,1690,247,1
10837,1660,333,2
10838,1690,248,1
10839,1089,293,1
10840,1660,334,2
10841,1090,293,1
10842,1660,335,2
10843,1691,237,3
10844,1660,336,3
10845,1086,295,2
10846,1087,295,3
10847,504,329,2
10848,1691,238,1
10849,1660,337,1
10850,1086,296,3
10851,1691,239,2
10852,1087,296,1
10853,1086,297,1
10854,504,322,2
10855,1691,241,2
10856,1691,242,2
10857,1691,243,2
10858,1691,244,2
10859,1691,245,1
10860,505,322,2
10861,1693,237,3
10862,1693,238,2
10863,505,327,2
10864,1693,239,2
10865,1091,293,1
10866,1693,240,2
10867,1088,295,1
10868,1694,240,2
10869,1089,295,1
10870,1090,295,1
10871,1091,295,1
10872,1088,296,1
10873,1089,296,1
10874,1090,296,2
10875,1694,242,1
10876,1091,296,3
10877,1087,297,1
10878,1694,243,1
10879,506,321,1
10880,1088,297,1
10881,1694,244,2
10882,1089,297,2
10883,1694,245,1
10884,1694,246,2
10885,1090,297,1
10886,506,322,2
10887,1091,297,1
10888,506,327,2
10889,506,328,1
10890,507,321,1
10891,507,322,2
10892,507,323,1
10893,507,327,3
10894,507,328,1
10895,508,321,1
10896,1827,206,3
10897,508,322,2
10898,508,323,1
10899,1829,206,2
10900,508,326,1
10901,508,327,3
10902,508,328,1
10903,509,320,1
10904,509,321,1
10905,509,322,3
10906,509,323,1
10907,509,324,2
10908,509,325,1
10909,509,326,1
10910,509,327,3
10911,509,328,2
10912,375,185,2
10913,509,329,1
10914,376,185,1
10915,1828,206,3
10916,1830,206,1
10917,509,330,1
10918,377,192,1
10919,1831,206,1
10920,377,193,1
10921,1833,206,1
10922,377,194,1
10923,377,195,1
10924,376,188,1
10925,376,192,1
10926,374,192,1
10927,374,188,1
10928,1945,280,3
10929,1947,280,3
10930,1833,194,2
10931,1948,280,3
10932,374,193,1
10933,1949,280,3
10934,374,194,1
10935,1950,280,2
10936,1951,280,3
10937,1945,281,2
10938,1827,246,2
10939,1947,281,2
10940,1948,281,3
10941,1829,246,2
10942,1949,281,3
10943,1950,281,3
10944,1951,281,3
10945,1830,246,2
10946,1831,246,1
10947,1945,282,3
10948,1947,282,3
10949,1948,282,1
10950,1949,282,2
10951,1950,282,3
10952,1951,282,3
10953,1945,283,3
10954,1947,283,3
10955,1948,283,3
10956,1949,283,3
10957,1950,283,3
10958,1951,283,3
10959,1945,284,2
10960,1947,284,3
10961,1948,284,1
10962,1949,284,2
10963,1950,284,1
10964,1830,287,2
10965,1951,284,1
10966,1945,285,3
10967,1691,195,1
10968,1947,285,3
10969,1690,194,1
10970,1948,285,2
10971,1949,285,3
10972,1827,295,3
10973,1950,285,2
10974,1828,295,3
10975,1693,193,1
10976,1829,295,3
10977,1951,285,1
10978,1830,295,3
10979,1945,286,2
10980,1831,295,1
10981,1833,295,1
10982,1947,286,2
10983,1694,195,1
10984,1948,286,3
10985,1949,286,2
10986,1950,286,1
10987,1689,188,1
10988,1951,286,2
10989,1945,287,1
10990,1830,284,3
10991,1945,293,3
10992,1947,293,3
10993,1948,293,2
10994,1694,193,1
10995,1953,151,2
10996,1949,293,2
10997,1691,193,1
10998,1950,293,2
10999,1951,293,2
11000,1945,295,3
11001,1947,295,2
11002,1948,295,1
11003,1949,295,1
11004,1950,295,1
11005,1951,295,1
11006,1945,296,1
11007,1947,296,1
11008,1948,296,1
11009,1949,296,1
11010,1950,296,1
11011,1951,296,1
11012,1945,297,2
11013,1947,297,1
11014,1948,297,1
11015,1949,297,1
11016,1950,297,1
11017,1951,297,1
11018,268,186,2
11019,268,188,1
11020,268,189,3
11021,1530,185,2
11022,269,185,3
11023,270,185,1
11024,271,185,2
11025,269,186,2
11026,270,186,1
11027,271,186,3
11028,268,187,3
11029,1530,187,1
11030,270,196,2
11031,959,338,3
11032,959,339,2
11033,959,342,3
11034,959,343,2
11035,1961,204,1
11036,1959,205,2
11037,1960,205,2
11038,1958,205,2
11039,1957,205,2
11040,1956,205,2
11041,1956,204,2
11042,1957,204,1
11043,1958,204,2
11044,1960,204,2
11045,960,338,2
11046,960,340,2
11047,960,342,2
11048,961,338,2
11049,961,339,3
11050,961,340,2
11051,961,343,2
11052,962,338,2
11053,962,339,2
11054,962,340,2
11055,962,342,3
11056,962,343,2
11057,963,340,3
11058,963,341,2
11059,963,343,2
11060,960,339,3
11061,964,343,2
11062,964,338,3
11063,965,338,3
11064,965,343,2
11065,966,343,1
11066,966,338,2
11067,966,339,3
11068,967,343,2
11069,967,338,1
11070,967,339,3
11071,968,339,2
11072,968,343,2
11073,968,338,3
11074,1738,285,2
11075,1738,281,1
11076,1738,295,1
11077,1739,280,3
11078,1739,281,2
11079,1739,285,1
11080,1740,281,1
11081,1740,284,1
11082,1740,285,2
11083,1741,285,2
11084,1741,287,1
11085,1742,280,1
11086,1742,281,3
11087,1742,285,3
11088,1346,211,2
11089,1347,213,1
11090,1279,351,2
11091,1279,350,3
11092,1279,352,2
11093,1279,353,2
11094,1279,354,2
11095,1279,355,2
11096,1279,356,2
11097,1279,357,1
11098,1279,358,1
11099,1279,359,1
11100,1279,360,2
11101,1280,350,2
11102,1280,351,3
11103,1280,352,3
11104,1280,353,3
11105,1280,354,1
11106,1280,355,2
11107,1280,356,2
11108,1280,357,1
11109,1280,358,2
11110,1280,359,2
11111,1280,360,2
11112,1281,350,1
11113,1281,351,2
11114,1281,352,3
11115,1281,353,2
11116,1281,354,1
11117,1281,355,1
11118,1281,356,1
11119,1281,357,1
11120,1281,358,1
11121,1281,359,2
11122,1281,360,3
11123,1282,350,3
11124,1282,351,3
11125,1282,352,3
11126,1282,353,3
11127,1282,354,2
11128,1282,355,1
11129,1282,356,1
11130,1282,357,1
11131,1282,358,1
11132,1282,359,1
11133,1282,360,2
11134,1974,281,2
11135,1974,283,3
11136,1975,281,3
11137,1975,283,2
11138,1976,281,3
11139,1976,283,3
11140,1283,350,1
11141,1977,283,1
11142,1283,351,2
11143,1283,352,1
11144,1283,353,2
11145,1978,280,1
11146,1283,354,1
11147,1978,281,2
11148,1283,355,2
11149,1979,280,1
11150,1283,356,1
11151,1979,283,1
11152,1283,357,2
11153,1283,358,1
11154,1283,359,2
11155,1283,360,2
11156,1284,350,3
11157,1284,351,3
11158,1284,352,3
11159,1284,353,2
11160,1284,354,2
11161,1284,355,2
11162,1284,356,2
11163,1284,357,2
11164,1284,358,2
11165,1284,359,2
11166,1284,360,2
11167,1272,350,1
11168,1276,350,2
11169,1277,350,3
11170,1278,350,2
11171,1290,350,1
11172,1272,351,2
11173,1276,351,3
11174,1277,351,1
11175,1278,351,3
11176,1290,351,2
11177,1272,352,1
11178,1276,352,3
11179,1277,352,2
11180,1278,352,3
11181,1290,352,3
11182,1272,353,2
11183,1276,353,1
11184,1277,353,3
11185,1278,353,1
11186,1290,353,1
11187,1272,354,2
11188,1276,354,1
11189,1277,354,2
11190,1278,354,2
11191,1290,354,1
11192,1272,355,2
11193,1276,355,1
11194,1277,355,2
11195,1278,355,1
11196,1290,355,3
11197,1272,356,1
11198,1276,356,3
11199,1277,356,2
11200,1278,356,1
11201,1290,356,1
11202,1272,357,1
11203,1276,357,2
11204,1277,357,1
11205,1278,357,1
11206,1290,357,1
11207,1272,358,2
11208,1276,358,1
11209,1277,358,1
11210,1278,358,1
11211,1290,358,1
11212,1272,359,2
11213,1276,359,1
11214,1277,359,2
11215,1278,359,1
11216,1290,359,1
11217,1272,360,2
11218,1276,360,1
11219,1277,360,3
11220,1278,360,1
11221,1290,360,2
11222,1968,281,1
11223,1968,283,1
11224,1969,281,2
11225,1970,280,1
11226,1970,281,2
11227,1970,282,1
11228,1971,280,1
11229,1971,281,3
11230,1972,280,1
11231,1972,281,1
11232,995,350,1
11233,995,352,2
11234,995,353,2
11235,995,354,3
11236,995,355,1
11237,995,357,1
11238,995,358,2
11239,996,350,2
11240,996,351,2
11241,996,352,2
11242,996,353,1
11243,996,354,1
11244,996,355,2
11245,996,356,1
11246,996,357,1
11247,996,358,2
11248,996,359,2
11249,995,351,1
11250,995,356,2
11251,995,359,2
11252,995,360,2
11253,996,360,1
11254,997,350,2
11255,997,351,1
11256,997,352,2
11257,997,353,1
11258,997,354,1
11259,997,355,3
11260,997,356,2
11261,997,358,2
11262,997,357,1
11263,997,359,1
11264,997,360,1
11265,998,350,1
11266,998,351,2
11267,998,352,3
11268,998,353,2
11269,998,354,2
11270,998,355,1
11271,998,356,1
11272,998,357,2
11273,998,358,2
11274,998,359,1
11275,998,360,1
11276,999,350,2
11277,999,351,1
11278,999,352,2
11279,999,353,3
11280,999,354,2
11281,999,355,2
11282,999,356,2
11283,999,357,1
11284,999,358,2
11285,999,359,2
11286,999,360,1
11287,1000,350,2
11288,1000,351,1
11289,1000,352,2
11290,1000,353,2
11291,1000,354,1
11292,1000,355,2
11293,1000,356,1
11294,1000,357,1
11295,1000,358,2
11296,1000,359,3
11297,1000,360,2
11298,1954,151,2
11299,1954,154,3
11300,1955,157,2
11301,1955,163,1
11302,1954,166,1
11303,1992,172,3
11304,1992,175,2
11305,1953,178,2
11306,1904,309,3
11307,1905,309,3
11308,1906,309,2
11309,1908,309,2
11310,1904,310,3
11311,1905,310,3
11312,1906,310,3
11313,1908,310,2
11314,1904,311,3
11315,1905,311,3
11316,1906,311,3
11317,1904,312,3
11318,1905,312,3
11319,1906,312,3
11320,1907,312,2
11321,1904,313,2
11322,1905,313,2
11323,1906,313,3
11324,1906,314,3
11325,1904,314,2
11326,1904,315,2
11327,1907,316,3
11328,1907,317,3
11329,1908,317,3
11330,1907,318,3
11331,1908,319,3
11332,1470,280,2
11333,1470,281,3
11334,1470,283,2
11335,1470,293,3
11336,834,197,3
11337,835,197,3
11338,835,198,2
11339,835,199,3
11340,835,200,1
11341,835,201,1
11342,835,203,2
11343,835,208,1
11344,834,198,2
11345,834,199,3
11346,834,200,3
11347,834,201,2
11348,834,205,1
11349,834,206,1
11350,834,208,1
11351,836,197,3
11352,836,198,3
11353,836,199,3
11354,836,200,3
11355,836,201,2
11356,836,202,2
11357,836,204,1
11358,836,205,3
11359,836,206,2
11360,836,207,2
11361,836,208,1
11362,837,197,3
11363,837,198,3
11364,837,199,3
11365,837,200,3
11366,837,201,2
11367,837,202,3
11368,837,204,1
11369,837,205,3
11370,837,206,2
11371,837,207,2
11372,837,208,1
11373,838,197,3
11374,838,198,3
11375,838,199,3
11376,838,200,3
11377,838,201,2
11378,838,202,3
11379,838,204,1
11380,838,205,3
11381,838,206,2
11382,838,207,2
11383,838,208,1
11384,777,162,1
11385,781,180,2
11386,781,177,1
11387,781,174,2
11388,780,180,2
11389,782,156,2
11390,783,162,2
11391,786,162,2
11392,787,150,2
11393,787,180,1
11394,778,150,2
11395,782,183,2
11396,783,183,2
11397,785,153,2
11398,784,159,2
11399,588,155,2
11400,587,161,1
11401,589,164,2
11402,591,167,2
11403,587,170,1
11404,590,173,1
11405,591,176,1
11406,592,179,2
11407,592,182,1
11408,776,162,2
11409,300,161,2
11410,302,149,2
11411,304,179,2
11412,305,179,2
11413,305,176,1
11414,305,173,2
11415,937,160,1
11416,938,154,1
11417,939,163,2
11418,940,166,1
11419,940,172,2
11420,941,154,2
11421,1821,181,1
11422,1821,169,2
11423,1232,224,2
11424,1200,225,1
11425,1230,225,2
11426,1231,225,1
11427,1232,225,1
11428,1200,224,3
11429,1229,224,3
11430,1230,224,2
11431,1231,224,3
11432,1229,225,3
11433,1175,224,3
11434,1176,224,3
11435,1175,225,2
11436,1229,227,1
11437,1229,228,1
11438,1230,232,1
11439,1175,226,2
11440,1175,227,1
11441,1175,228,3
11442,1175,231,1
11443,1175,232,3
11444,1175,276,2
11445,1175,277,1
11446,1176,225,3
11447,1176,226,2
11448,1176,227,1
11449,1176,228,3
11450,1176,232,3
11451,1176,276,2
11452,1176,277,1
11453,1177,224,2
11454,1177,225,2
11455,1177,226,2
11456,1177,228,3
11457,1177,232,3
11458,1177,276,2
11459,1178,224,2
11460,1178,225,2
11461,1178,226,3
11462,1178,227,1
11463,1178,228,3
11464,1178,232,3
11465,1178,276,2
11466,1179,224,2
11467,1179,225,2
11468,1179,226,2
11469,1179,227,2
11470,1179,232,3
11471,1179,276,2
11472,1179,228,3
11473,1177,227,1
11474,1180,224,2
11475,1180,225,2
11476,1180,226,2
11477,1180,227,2
11478,1180,228,3
11479,1180,232,3
11480,1180,276,2
11481,1126,298,2
11482,1126,299,3
11483,1126,301,2
11484,1126,302,2
11485,1126,303,1
11486,1126,305,1
11487,1126,306,2
11488,1127,298,3
11489,1127,299,3
11490,1127,300,1
11491,1127,301,2
11492,1127,302,2
11493,1127,303,1
11494,1127,304,1
11495,1127,306,2
11496,1128,298,2
11497,1128,299,3
11498,1128,300,2
11499,1128,301,1
11500,1128,302,1
11501,1128,305,1
11502,1128,306,2
11503,1128,307,1
11504,1129,298,3
11505,1129,299,2
11506,1129,300,2
11507,1129,301,2
11508,1129,302,1
11509,1129,303,2
11510,1129,304,1
11511,1129,305,1
11512,1129,306,2
11513,1129,307,1
11514,1130,298,3
11515,1130,299,3
11516,1130,300,2
11517,1130,301,2
11518,1130,302,1
11519,1130,303,1
11520,1130,305,2
11521,1130,306,2
11522,1130,307,1
11523,794,237,2
11524,795,237,3
11525,796,237,3
11526,797,237,2
11527,798,237,2
11528,799,237,3
11529,794,238,3
11530,795,238,3
11531,796,238,2
11532,797,238,1
11533,798,238,2
11534,799,238,3
11535,794,239,2
11536,795,239,3
11537,796,239,2
11538,797,239,2
11539,798,239,2
11540,799,239,2
11541,794,240,2
11542,795,240,3
11543,796,240,2
11544,797,240,2
11545,798,240,3
11546,799,240,1
11547,794,241,3
11548,795,241,2
11549,796,241,3
11550,797,241,3
11551,798,241,3
11552,799,241,2
11553,794,242,3
11554,795,242,3
11555,796,242,3
11556,797,242,2
11557,798,242,3
11558,799,242,2
11559,794,243,2
11560,795,243,3
11561,796,243,3
11562,797,243,3
11563,798,243,2
11564,799,243,1
11565,794,244,2
11566,795,244,3
11567,796,244,3
11568,797,244,2
11569,798,244,2
11570,799,244,1
11571,794,245,2
11572,795,245,2
11573,796,245,2
11574,797,245,2
11575,798,245,3
11576,799,245,2
11577,794,246,3
11578,795,246,2
11579,796,246,3
11580,797,246,3
11581,798,246,2
11582,799,246,2
11583,794,247,2
11584,795,247,3
11585,796,247,3
11586,797,247,3
11587,798,247,2
11588,799,247,2
11589,794,248,3
11590,795,248,2
11591,796,248,2
11592,797,248,1
11593,798,248,2
11594,799,248,3
11595,480,185,3
11596,481,185,3
11597,482,185,3
11598,483,185,2
11599,484,185,2
11600,485,185,1
11601,480,186,2
11602,482,186,1
11603,483,186,1
11604,484,186,2
11605,480,187,1
11606,481,187,1
11607,482,187,1
11608,483,187,2
11609,484,187,3
11610,485,187,2
11611,480,188,3
11612,481,188,3
11613,482,188,3
11614,483,188,3
11615,484,188,2
11616,485,188,1
11617,480,189,2
11618,481,189,2
11619,482,189,3
11620,483,189,3
11621,484,189,3
11622,485,189,2
11623,480,190,2
11624,481,190,1
11625,482,190,3
11626,483,190,2
11627,484,190,2
11628,485,190,2
11629,480,191,1
11630,481,191,1
11631,483,191,2
11632,484,191,1
11633,485,191,1
11634,483,192,2
11635,484,192,3
11636,485,192,3
11637,480,193,2
11638,483,193,3
11639,484,193,2
11640,485,193,3
11641,480,194,3
11642,481,194,2
11643,482,194,2
11644,483,194,3
11645,484,194,3
11646,485,194,2
11647,480,195,2
11648,481,195,3
11649,482,195,2
11650,483,195,2
11651,484,195,2
11652,485,195,2
11653,480,196,2
11654,481,196,1
11655,482,196,1
11656,483,196,1
11657,484,196,2
11658,485,196,1
11659,1909,350,3
11660,1910,350,3
11661,1909,351,3
11662,1909,352,2
11663,1909,353,3
11664,1909,354,2
11665,1909,355,2
11666,1909,356,1
11667,1909,357,2
11668,1909,358,2
11669,1909,359,1
11670,1909,360,1
11671,1910,352,3
11672,1910,353,3
11673,1910,354,3
11674,1910,355,3
11675,1911,360,2
11676,1910,358,2
11677,1910,359,1
11678,1911,351,2
11679,1911,352,1
11680,1911,354,3
11681,1911,355,2
11682,1911,356,1
11683,1911,357,3
11684,1911,359,2
11685,1912,350,2
11686,1912,351,2
11687,1912,352,3
11688,1912,353,2
11689,1912,354,3
11690,1912,355,1
11691,1912,356,1
11692,1912,357,2
11693,1912,358,1
11694,1912,359,2
11695,1912,360,1
11696,1913,350,3
11697,1913,351,3
11698,1913,352,3
11699,1913,353,3
11700,1913,354,2
11701,1913,355,1
11702,1913,356,1
11703,1913,357,1
11704,1913,358,1
11705,1914,360,3
11706,1914,350,3
11707,1914,353,3
11708,1914,354,3
11709,1914,355,2
11710,1914,357,3
11711,1914,358,2
11712,1914,359,2
11713,1760,219,1
11714,1760,211,1
11715,1760,212,1
11716,1760,213,1
11717,1760,214,1
11718,1760,215,1
11719,1760,216,1
11720,1760,217,1
11721,1761,211,1
11722,1761,212,1
11723,1761,213,1
11724,1761,214,1
11725,1761,215,1
11726,1761,216,1
11727,1761,217,1
11728,1761,219,1
11729,1762,213,1
11730,1762,214,1
11731,1762,215,1
11732,1762,216,1
11733,1762,217,1
11734,1762,219,1
11735,1762,211,1
11736,1762,212,1
11737,1763,217,1
11738,1763,219,1
11739,1763,211,1
11740,1763,212,1
11741,1763,213,1
11742,1763,214,1
11743,1763,215,1
11744,1763,216,1
11745,1764,211,1
11746,1764,212,1
11747,1764,213,1
11748,1764,214,1
11749,1764,215,1
11750,1764,216,1
11751,1764,217,1
11752,1764,219,1
11753,1765,211,1
11754,1765,212,1
11755,1765,213,1
11756,1765,214,1
11757,1765,215,1
11758,1765,216,1
11759,1765,217,1
11760,1765,219,1
11761,439,298,2
11762,439,299,3
11763,439,300,3
11764,439,301,2
11765,439,305,1
11766,439,306,2
11767,439,307,2
11768,439,302,3
11769,439,303,1
11770,439,308,2
11771,442,300,3
11772,442,301,2
11773,442,302,3
11774,442,298,2
11775,442,299,3
11776,442,303,1
11777,442,305,1
11778,442,306,2
11779,442,307,2
11780,442,308,2
11781,443,298,2
11782,443,299,3
11783,443,300,3
11784,443,301,2
11785,443,302,3
11786,443,303,1
11787,443,305,1
11788,443,306,2
11789,443,307,2
11790,443,308,2
11791,447,298,2
11792,447,299,3
11793,447,300,3
11794,447,301,2
11795,447,302,3
11796,447,303,1
11797,447,305,1
11798,447,306,2
11799,447,307,2
11800,447,308,2
11801,1766,298,2
11802,1766,299,3
11803,1766,300,3
11804,1766,301,2
11805,1766,302,3
11806,1766,303,1
11807,1766,305,1
11808,1766,306,2
11809,1766,307,2
11810,1766,308,2
11811,480,232,3
11812,480,224,2
11813,481,225,2
11814,480,226,3
11815,480,225,2
11816,480,227,2
11817,480,228,2
11818,480,229,2
11819,480,230,2
11820,480,231,2
11821,480,276,2
11822,480,277,2
11823,480,278,2
11824,481,224,2
11825,481,226,3
11826,481,227,2
11827,481,228,3
11828,481,229,2
11829,481,230,1
11830,481,231,2
11831,481,232,2
11832,481,276,3
11833,481,277,2
11834,481,278,2
11835,482,224,2
11836,482,225,2
11837,482,226,2
11838,482,228,3
11839,482,229,2
11840,482,230,2
11841,482,232,2
11842,482,276,2
11843,482,277,3
11844,482,278,1
11845,482,227,2
11846,482,231,2
11847,483,224,3
11848,483,225,2
11849,483,226,3
11850,483,227,2
11851,483,228,2
11852,483,229,2
11853,483,230,3
11854,483,231,3
11855,483,276,2
11856,483,277,2
11857,483,278,2
11858,483,232,2
11859,484,224,2
11860,484,225,3
11861,484,226,2
11862,484,227,3
11863,484,228,2
11864,484,229,3
11865,484,230,2
11866,484,231,2
11867,484,232,2
11868,484,276,3
11869,484,277,2
11870,484,278,3
11871,485,224,2
11872,485,225,2
11873,485,226,3
11874,485,227,2
11875,485,228,2
11876,485,229,2
11877,485,230,3
11878,485,231,2
11879,485,232,3
11880,485,276,3
11881,485,277,2
11882,485,278,2
11883,1402,351,3
11884,1401,353,2
11885,1402,355,3
11886,1403,356,2
11887,1400,350,2
11888,1400,358,2
11889,1879,224,3
11890,1880,224,3
11891,1881,224,3
11892,1882,224,3
11893,1883,224,3
11894,1879,225,3
11895,1880,225,3
11896,1881,225,3
11897,1882,225,3
11898,1883,225,3
11899,1879,226,2
11900,1880,226,2
11901,1881,226,2
11902,1882,226,2
11903,1883,226,2
11904,1879,227,1
11905,1880,227,2
11906,1881,227,1
11907,1882,227,1
11908,1883,227,1
11909,1879,228,1
11910,1880,228,1
11911,1881,228,1
11912,1882,228,1
11913,1883,228,1
11914,1879,232,2
11915,1880,232,2
11916,1881,232,2
11917,1882,232,2
11918,1883,232,2
11919,1879,276,1
11920,1880,276,1
11921,1881,276,1
11922,1882,276,1
11923,1883,276,1
11924,421,150,2
11925,421,153,3
11926,423,156,3
11927,421,156,2
11928,422,159,3
11929,424,162,3
11930,426,165,1
11931,422,165,1
11932,1586,298,2
11933,1586,299,2
11934,1586,300,2
11935,1586,301,2
11936,1586,302,3
11937,1586,303,2
11938,1586,305,3
11939,1586,306,2
11940,1586,307,2
11941,1587,298,2
11942,1587,299,2
11943,1587,300,2
11944,1587,301,2
11945,1587,302,3
11946,1587,303,2
11947,1587,305,3
11948,1587,306,2
11949,1587,307,2
11950,1588,298,2
11951,1589,298,2
11952,1590,298,2
11953,1591,298,2
11954,1588,299,2
11955,1589,299,2
11956,1590,299,2
11957,1591,299,2
11958,1588,300,2
11959,1589,300,2
11960,1590,300,2
11961,1591,300,2
11962,1588,301,2
11963,1589,301,2
11964,1590,301,2
11965,1591,301,2
11966,1588,302,3
11967,1589,302,3
11968,1590,302,3
11969,1591,302,3
11970,1588,303,2
11971,1589,303,2
11972,1590,303,2
11973,1591,303,2
11974,1588,305,3
11975,1589,305,3
11976,1590,305,3
11977,1591,305,3
11978,1588,306,2
11979,1589,306,2
11980,1590,306,2
11981,1591,306,2
11982,1588,307,2
11983,1589,307,2
11984,1590,307,2
11985,1591,307,2
11986,337,154,3
11987,338,154,2
11988,342,154,2
11989,342,157,3
11990,337,160,3
11991,337,166,2
11992,341,172,3
11993,1799,151,2
11994,1801,157,2
11995,1802,154,2
11996,1804,163,2
11997,1801,181,2
11998,1803,154,2
11999,448,186,1
12000,448,196,2
12001,452,187,2
12002,452,188,2
12003,452,185,1
12004,453,185,3
12005,453,187,3
12006,455,185,1
12007,455,186,3
12008,455,187,2
12009,456,185,2
12010,456,186,3
12011,456,187,3
12012,458,185,1
12013,458,187,2
12014,1986,151,2
12015,1986,178,2
12016,1987,151,2
12017,1987,154,3
12018,1987,166,1
12019,1988,157,2
12020,1988,163,1
12021,1991,172,3
12022,1991,175,2
12023,1999,185,2
12024,1999,186,2
12025,1999,187,2
12026,1999,195,1
12027,2000,186,2
12028,2000,187,2
12029,2000,190,1
12030,2001,190,1
12031,2001,193,2
12032,2001,194,1
12033,2001,185,2
12034,2001,187,3
12035,2001,188,2
12036,2001,189,3
12037,2002,185,2
12038,2002,186,2
12039,2002,187,3
12040,2005,188,2
12041,2005,189,1
12042,2011,188,2
12043,2011,189,1
12044,2016,197,2
12045,2016,198,2
12046,2012,199,1
12047,2012,197,2
12048,2013,197,2
12049,2014,197,2
12050,2015,197,2
12051,2012,198,1
12052,2013,198,2
12053,2014,198,2
12054,2015,198,1
12055,2013,199,2
12056,2014,199,2
12057,2015,199,1
12058,2016,199,2
12059,2012,200,1
12060,2013,200,3
12061,2014,200,3
12062,2015,200,1
12063,2016,200,3
12064,2012,202,2
12065,2013,202,1
12066,2014,202,1
12067,2015,202,2
12068,2016,202,1
12069,2012,203,3
12070,2013,203,1
12071,2014,203,1
12072,2015,203,3
12073,2016,203,1
12074,2012,204,1
12075,2015,204,1
12076,2013,205,2
12077,2014,205,2
12078,2016,205,2
12079,2012,206,2
12080,2015,206,2
12081,2013,207,3
12082,2014,207,3
12083,2016,207,3
12084,2017,151,2
12085,2018,154,3
12086,2019,157,3
12087,2020,160,3
12088,2021,163,2
12089,2021,154,2
12090,2017,166,1
12091,2018,169,1
12092,2020,172,1
12093,2019,175,2
12094,2022,157,1
12095,2022,166,2
12096,2022,172,3
12097,2050,224,2
12098,2051,224,3
12099,2052,224,3
12100,2053,224,3
12101,2054,224,3
12102,2055,224,2
12103,2050,225,1
12104,2051,225,3
12105,2052,225,3
12106,2053,225,3
12107,2054,225,3
12108,2055,225,2
12109,2050,226,1
12110,2050,227,1
12111,2051,226,2
12112,2052,226,2
12113,2053,226,3
12114,2054,226,2
12115,2055,226,1
12116,2051,227,3
12117,2052,227,3
12118,2053,227,3
12119,2054,227,2
12120,2055,227,2
12121,2050,228,1
12122,2051,228,1
12123,2052,228,2
12124,2053,228,2
12125,2054,228,2
12126,2055,228,1
12127,2051,230,1
12128,2055,230,1
12129,2053,230,2
12130,2050,276,1
12131,2051,276,1
12132,2052,276,1
12133,2053,276,1
12134,2054,276,2
12135,2055,276,1
12136,2054,277,1
12137,2053,277,1
12138,2052,277,1
12139,2059,224,2
12140,2060,224,2
12141,2061,224,2
12142,2062,224,3
12143,2063,224,2
12144,2064,224,1
12145,2059,225,1
12146,2060,225,2
12147,2061,225,3
12148,2062,225,3
12149,2063,225,3
12150,2064,225,1
12151,2059,226,3
12152,2060,226,1
12153,2061,226,3
12154,2062,226,3
12155,2063,226,1
12156,2064,226,2
12157,2059,227,2
12158,2060,227,2
12159,2061,227,2
12160,2062,227,3
12161,2063,227,2
12162,2064,227,2
12163,2059,228,2
12164,2060,228,2
12165,2061,228,3
12166,2062,228,2
12167,2063,228,3
12168,2064,228,1
12169,2059,229,2
12170,2061,229,2
12171,2062,229,3
12172,2063,229,1
12173,2059,230,2
12174,2061,230,1
12175,2062,230,2
12176,2063,230,1
12177,2059,231,1
12178,2061,231,3
12179,2062,231,3
12180,2063,231,3
12181,2059,232,1
12182,2060,232,1
12183,2061,232,3
12184,2062,232,1
12185,2063,232,3
12186,2064,232,1
12187,2064,276,3
12188,2059,277,2
12189,2060,277,1
12190,2061,277,2
12191,2063,277,1
12192,2059,278,3
12193,2061,278,3
12194,2064,278,2
12195,2063,278,3
12196,2062,278,2
12197,2060,278,1
12198,2081,150,3
12199,2082,153,2
12200,2083,156,2
12201,2084,156,2
12202,2085,159,1
12203,2086,162,2
12204,2081,162,2
12205,2082,171,1
12206,2083,165,1
12207,2084,174,2
12208,2085,177,3
12209,2086,168,1
12210,2083,150,2
12211,2087,151,3
12212,2088,154,2
12213,2089,154,2
12214,2090,157,3
12215,2091,160,3
12216,2091,163,1
12217,2091,166,1
12218,2091,169,1
12219,2091,181,1
12220,2091,184,1
12221,2092,172,2
12222,2092,163,3
12223,2088,175,1
12224,2089,178,2
12225,2092,154,2
12226,2092,160,1
12227,2084,180,3
12228,2086,183,3
12229,2093,197,3
12230,2094,197,3
12231,2095,197,3
12232,2096,197,3
12233,2097,197,3
12234,2093,198,3
12235,2094,198,3
12236,2095,198,3
12237,2096,198,3
12238,2097,198,3
12239,2093,200,2
12240,2094,200,2
12241,2095,200,2
12242,2096,200,2
12243,2097,200,2
12244,2093,208,2
12245,2094,208,2
12246,2095,208,2
12247,2096,208,2
12248,2097,208,2
12249,2098,197,2
12250,2099,197,2
12251,2100,197,2
12252,2101,197,2
12253,2102,197,2
12254,2098,198,2
12255,2099,198,2
12256,2100,198,2
12257,2101,198,2
12258,2102,198,2
12259,2098,199,1
12260,2099,199,1
12261,2100,199,1
12262,2101,199,1
12263,2102,199,1
12264,2098,200,3
12265,2099,200,3
12266,2100,200,3
12267,2101,200,3
12268,2102,200,3
12269,2098,201,1
12270,2099,201,1
12271,2100,201,1
12272,2101,201,1
12273,2102,201,1
12274,2098,202,2
12275,2099,202,2
12276,2100,202,2
12277,2101,202,2
12278,2102,202,2
12279,2098,203,2
12280,2099,203,2
12281,2100,203,2
12282,2101,203,2
12283,2102,203,2
12284,2098,204,2
12285,2099,204,2
12286,2100,204,3
12287,2101,204,2
12288,2102,204,3
12289,2098,205,2
12290,2099,205,2
12291,2100,205,2
12292,2101,205,2
12293,2102,205,2
12294,2098,206,3
12295,2099,206,3
12296,2100,206,3
12297,2101,206,3
12298,2102,206,3
12299,2098,207,3
12300,2099,207,3
12301,2100,207,3
12302,2101,207,2
12303,2102,207,2
12304,2098,208,2
12305,2099,208,2
12306,2100,208,2
12307,2101,208,2
12308,2102,208,2
12309,2104,197,3
12310,2105,197,3
12311,2113,199,2
12312,2113,197,3
12313,2113,198,3
12314,2113,200,2
12315,2113,202,1
12316,2114,197,3
12317,2114,198,3
12318,2114,199,3
12319,2114,201,3
12320,2114,203,2
12321,2114,204,2
12322,2115,197,3
12323,2115,198,3
12324,2115,201,3
12325,2115,205,1
12326,2115,208,2
12327,2116,197,2
12328,2116,198,2
12329,2116,199,2
12330,2116,200,2
12331,2116,201,1
12332,2116,208,2
12333,2117,197,3
12334,2117,198,2
12335,2117,199,3
12336,2117,200,2
12337,2117,202,1
12338,2117,208,1
12339,2022,178,1
12340,2022,181,1
12341,2022,184,2
12342,2023,154,2
12343,2023,157,2
12344,2023,160,3
12345,2023,163,1
12346,2023,175,2
12347,2023,178,2
12348,2023,181,1
12349,2023,184,3
12350,2024,154,1
12351,2024,157,3
12352,2024,160,2
12353,2024,163,2
12354,2024,166,1
12355,2024,175,2
12356,2024,178,1
12357,2025,154,2
12358,2108,197,3
12359,2109,197,3
12360,2110,197,3
12361,2111,197,3
12362,2112,197,3
12363,2108,198,3
12364,2109,198,3
12365,2110,198,3
12366,2111,198,3
12367,2112,198,3
12368,2108,199,3
12369,2110,199,3
12370,2111,199,3
12371,2112,199,3
12372,2112,200,2
12373,2108,200,2
12374,2109,200,2
12375,2110,200,2
12376,2025,157,1
12377,2111,200,2
12378,2025,163,2
12379,2025,166,1
12380,2025,169,1
12381,2108,201,2
12382,2109,201,2
12383,2025,172,1
12384,2110,201,1
12385,2025,178,1
12386,2111,201,1
12387,2112,201,1
12388,2025,181,2
12389,2025,151,1
12390,2026,154,2
12391,2026,157,3
12392,2026,160,1
12393,2026,163,3
12394,2026,169,1
12395,2026,178,2
12396,2027,151,1
12397,2027,154,1
12398,2027,160,2
12399,2027,163,3
12400,2027,166,1
12401,2027,172,1
12402,2027,175,1
12403,2027,178,2
12404,2027,181,3
12405,2027,184,2
12406,2110,202,1
12407,2111,202,1
12408,2112,202,1
12409,2112,203,1
12410,2110,203,1
12411,2111,203,1
12412,2110,204,1
12413,2111,204,1
12414,2112,204,1
12415,2112,205,3
12416,2108,205,3
12417,2109,205,3
12418,2110,205,3
12419,2111,205,3
12420,2112,206,2
12421,2108,206,2
12422,2109,206,2
12423,2110,206,2
12424,2111,206,2
12425,2110,207,1
12426,2111,207,1
12427,2112,207,1
12428,2112,208,1
12429,2108,208,1
12430,2109,208,1
12431,2110,208,1
12432,2111,208,1
12433,2103,197,3
12434,2106,197,3
12435,2107,197,3
12436,2107,198,3
12437,2103,198,3
12438,2104,198,3
12439,2105,198,3
12440,2106,198,3
12441,2107,199,3
12442,2103,199,3
12443,2104,199,3
12444,2105,199,3
12445,2106,199,3
12446,2107,200,3
12447,2103,200,3
12448,2104,200,3
12449,2118,202,2
12450,2105,200,3
12451,2106,200,3
12452,2107,201,3
12453,2103,201,3
12454,2104,201,3
12455,2105,201,2
12456,2106,201,3
12457,2103,202,2
12458,2104,202,2
12459,2106,202,3
12460,2107,202,3
12461,2118,197,3
12462,2105,202,2
12463,2118,198,3
12464,2106,203,2
12465,2119,197,2
12466,2107,203,2
12467,2119,198,2
12468,2107,204,1
12469,2119,202,3
12470,2106,204,1
12471,2120,197,3
12472,2120,198,3
12473,2107,205,3
12474,2120,199,3
12475,2107,206,2
12476,2120,200,2
12477,2103,206,1
12478,2120,202,2
12479,2104,206,1
12480,2120,204,3
12481,2105,206,2
12482,2121,197,3
12483,2106,206,2
12484,2121,198,3
12485,2121,199,2
12486,2121,202,2
12487,2107,207,3
12488,2121,204,3
12489,2103,207,2
12490,2122,197,3
12491,2104,207,2
12492,2122,198,3
12493,2105,207,2
12494,2106,207,2
12495,2122,200,1
12496,2106,208,1
12497,2107,208,1
12498,2103,208,1
12499,2104,208,1
12500,2105,208,1
12501,2034,151,1
12502,2034,154,2
12503,2034,157,1
12504,2034,163,3
12505,2034,166,1
12506,2034,175,2
12507,2034,178,3
12508,2034,184,2
12509,2035,151,1
12510,2035,154,3
12511,2035,160,1
12512,2035,163,3
12513,2035,169,1
12514,2035,175,2
12515,2035,178,2
12516,2036,157,3
12517,2036,160,2
12518,2036,163,3
12519,2036,154,1
12520,2036,181,1
12521,2036,172,1
12522,2037,154,2
12523,2037,157,3
12524,2037,160,3
12525,2037,163,2
12526,2037,166,1
12527,2037,175,2
12528,2037,178,1
12529,2037,181,1
12530,2038,154,2
12531,2038,160,3
12532,2038,157,3
12533,2038,163,2
12534,2038,166,1
12535,2038,172,1
12536,2038,175,2
12537,2038,178,1
12538,2038,181,1
12539,2039,154,2
12540,2039,157,2
12541,2039,163,3
12542,2039,166,1
12543,2039,172,1
12544,2039,175,2
12545,2039,178,2
12546,2039,184,1
12547,2125,197,3
12548,2124,197,3
12549,2126,197,3
12550,2127,197,3
12551,2128,197,3
12552,2124,198,2
12553,2125,198,2
12554,2126,198,2
12555,2127,198,2
12556,2128,198,2
12557,2124,199,2
12558,2125,199,2
12559,2126,199,2
12560,2127,199,2
12561,2128,199,2
12562,2124,200,2
12563,2125,200,2
12564,2126,200,2
12565,2127,200,2
12566,2128,200,2
12567,2124,201,3
12568,2125,201,3
12569,2126,201,3
12570,2127,201,3
12571,2128,201,3
12572,2126,202,2
12573,2125,202,1
12574,2124,202,1
12575,2127,202,1
12576,2128,202,1
12577,2124,203,3
12578,2125,203,3
12579,2126,203,3
12580,2127,203,3
12581,2128,203,3
12582,2124,204,2
12583,2125,204,2
12584,2126,204,2
12585,2127,204,2
12586,2128,204,2
12587,2124,205,3
12588,2125,205,3
12589,2126,205,3
12590,2127,205,3
12591,2128,205,3
12592,2124,206,2
12593,2125,206,1
12594,2126,206,2
12595,2127,206,3
12596,2128,206,3
12597,2124,207,3
12598,2125,207,3
12599,2126,207,3
12600,2127,207,3
12601,2128,207,3
12602,2124,208,1
12603,2125,208,3
12604,2126,208,3
12605,2127,208,2
12606,2128,208,2
12607,2123,197,3
12608,2134,197,3
12609,2135,197,3
12610,2136,197,3
12611,2137,197,3
12612,2123,198,3
12613,2134,198,3
12614,2135,198,3
12615,2136,198,3
12616,2137,198,3
12617,2123,200,2
12618,2134,200,2
12619,2135,200,2
12620,2136,200,2
12621,2137,200,2
12622,2123,208,2
12623,2134,208,2
12624,2135,208,2
12625,2136,208,2
12626,2137,208,2
12627,2153,197,2
12628,2149,197,1
12629,2150,197,1
12630,2139,197,3
12631,2151,197,2
12632,2138,197,3
12633,2152,197,1
12634,2140,197,3
12635,2141,197,3
12636,2142,197,3
12637,2143,197,2
12638,2138,198,3
12639,2139,198,3
12640,2140,198,3
12641,2141,198,3
12642,2142,198,3
12643,2143,198,2
12644,2138,199,3
12645,2149,198,1
12646,2150,198,2
12647,2151,198,1
12648,2152,198,1
12649,2153,198,1
12650,2150,199,1
12651,2151,199,1
12652,2152,199,2
12653,2151,200,2
12654,2152,200,1
12655,2149,201,1
12656,2152,201,1
12657,2153,201,1
12658,2149,202,2
12659,2150,202,1
12660,2151,202,1
12661,2152,202,3
12662,2153,202,2
12663,2149,203,3
12664,2150,203,2
12665,2151,203,2
12666,2152,203,3
12667,2153,203,3
12668,2149,204,1
12669,2151,204,1
12670,2152,204,2
12671,2153,204,2
12672,2149,205,1
12673,2151,205,1
12674,2152,205,2
12675,2153,205,3
12676,2149,206,1
12677,2152,206,1
12678,2153,206,2
12679,2149,207,1
12680,2150,207,1
12681,2153,207,3
12682,2149,208,1
12683,2150,208,2
12684,2152,208,1
12685,2153,208,2
12686,2139,199,3
12687,2140,199,3
12688,2141,199,3
12689,2142,199,3
12690,2143,199,2
12691,2138,200,1
12692,2139,200,2
12693,2140,200,2
12694,2141,200,2
12695,2142,200,2
12696,2143,200,1
12697,2138,201,2
12698,2139,201,2
12699,2140,201,2
12700,2141,201,2
12701,2142,201,2
12702,2138,202,1
12703,2139,202,2
12704,2140,202,2
12705,2141,202,2
12706,2142,202,2
12707,2143,202,1
12708,2138,203,3
12709,2139,203,2
12710,2140,203,2
12711,2141,203,2
12712,2142,203,2
12713,2143,203,3
12714,2138,204,2
12715,2139,204,2
12716,2140,204,2
12717,2141,204,2
12718,2142,204,2
12719,2138,205,2
12720,2139,205,1
12721,2140,205,1
12722,2141,205,1
12723,2142,205,1
12724,2138,206,2
12725,2139,206,2
12726,2140,206,2
12727,2141,206,2
12728,2142,206,2
12729,2143,206,1
12730,2138,207,3
12731,2138,208,2
12732,2143,207,1
12733,2143,208,1
12734,2139,207,2
12735,2139,208,2
12736,2140,207,2
12737,2140,208,2
12738,2141,207,2
12739,2141,208,2
12740,2142,207,2
12741,2142,208,2
12742,2154,197,1
12743,2155,197,2
12744,2156,197,2
12745,2157,197,2
12746,2158,197,2
12747,2155,198,3
12748,2156,198,3
12749,2157,198,3
12750,2158,198,2
12751,2155,199,3
12752,2156,199,3
12753,2157,199,3
12754,2158,199,2
12755,2158,200,1
12756,2158,202,2
12757,2154,202,2
12758,2155,202,2
12759,2156,202,2
12760,2157,202,2
12761,2155,203,1
12762,2156,203,1
12763,2158,203,3
12764,2158,204,3
12765,2155,204,3
12766,2156,204,3
12767,2157,204,3
12768,2158,207,2
12769,2129,197,3
12770,2129,198,3
12771,2129,199,2
12772,2129,200,2
12773,2129,206,1
12774,2129,207,2
12775,2129,208,2
12776,2130,197,3
12777,2130,198,3
12778,2130,199,2
12779,2130,200,2
12780,2130,202,2
12781,2130,206,1
12782,2130,207,2
12783,2130,208,2
12784,2131,197,3
12785,2131,198,3
12786,2131,199,3
12787,2131,200,3
12788,2131,202,2
12789,2131,206,1
12790,2131,207,2
12791,2131,208,2
12792,2132,197,3
12793,2132,198,3
12794,2132,199,1
12795,2132,200,1
12796,2132,206,1
12797,2132,207,2
12798,2132,208,2
12799,2133,197,3
12800,2133,198,3
12801,2133,199,1
12802,2133,200,1
12803,2133,206,1
12804,2133,207,2
12805,2133,208,2
12806,2160,197,3
12807,2159,197,3
12808,2161,197,1
12809,2159,198,2
12810,2159,200,3
12811,2159,202,2
12812,2159,203,1
12813,2159,204,2
12814,2159,205,3
12815,2159,208,3
12816,2160,198,3
12817,2160,200,3
12818,2160,202,2
12819,2160,203,1
12820,2160,204,2
12821,2160,205,3
12822,2160,208,3
12823,2161,198,2
12824,2161,199,3
12825,2161,200,3
12826,2161,202,1
12827,2161,204,2
12828,2161,205,3
12829,2161,207,3
12830,2161,208,3
12831,2162,197,2
12832,2162,198,3
12833,2162,199,3
12834,2162,200,3
12835,2162,201,1
12836,2162,202,1
12837,2162,203,1
12838,2162,204,2
12839,2162,205,3
12840,2162,207,3
12841,2162,208,3
12842,2163,198,3
12843,2163,200,3
12844,2163,202,3
12845,2163,203,2
12846,2163,204,2
12847,2163,205,3
12848,2163,207,3
12849,2163,208,3
12850,2163,201,2
12851,2028,157,1
12852,2028,160,2
12853,2028,166,1
12854,2028,169,3
12855,2028,175,2
12856,2028,178,1
12857,2028,184,2
12858,2029,151,1
12859,2029,154,2
12860,2029,157,2
12861,2029,160,3
12862,2029,169,1
12863,2029,175,1
12864,2029,178,2
12865,2029,184,1
12866,2030,160,2
12867,2030,163,3
12868,2030,166,1
12869,2030,172,1
12870,2030,175,2
12871,2030,178,1
12872,2030,181,1
12873,2031,151,1
12874,2031,154,2
12875,2031,157,2
12876,2031,160,3
12877,2031,163,2
12878,2031,169,1
12879,2031,178,1
12880,2032,166,2
12881,2032,172,1
12882,2032,184,2
12883,2032,151,2
12884,2032,154,3
12885,2032,163,1
12886,2032,181,1
12887,2033,157,2
12888,2033,163,3
12889,2033,175,2
12890,2033,184,2
12891,2033,154,3
12892,2033,160,2
12893,2033,169,1
12894,2164,197,3
12895,2164,198,2
12896,2164,200,1
12897,2164,201,1
12898,2164,205,1
12899,2164,207,2
12900,2164,208,1
12901,2169,197,2
12902,2169,198,2
12903,2169,200,2
12904,2169,201,1
12905,2169,205,1
12906,2169,207,2
12907,2169,208,2
12908,2170,197,2
12909,2170,198,2
12910,2170,200,2
12911,2170,201,1
12912,2170,207,2
12913,2170,208,2
12914,2170,205,1
12915,2171,197,1
12916,2171,198,1
12917,2171,199,2
12918,2171,200,3
12919,2171,201,1
12920,2171,202,2
12921,2171,204,2
12922,2171,206,2
12923,2171,207,2
12924,2171,208,1
12925,2172,198,1
12926,2172,199,2
12927,2172,200,2
12928,2172,201,2
12929,2172,202,2
12930,2172,203,2
12931,2172,207,2
12932,2172,208,2
12933,2173,197,2
12934,2173,198,1
12935,2173,199,3
12936,2173,200,2
12937,2173,201,1
12938,2173,202,1
12939,2173,203,2
12940,2173,206,2
12941,2173,207,2
12942,2173,208,1
12943,2164,199,2
12944,2164,202,1
12945,2165,197,2
12946,2165,198,1
12947,2165,199,1
12948,2165,200,1
12949,2165,202,1
12950,2165,203,3
12951,2165,205,1
12952,2165,207,2
12953,2165,208,1
12954,2166,197,2
12955,2166,198,1
12956,2166,199,1
12957,2166,200,1
12958,2166,201,3
12959,2166,202,1
12960,2166,203,3
12961,2166,205,1
12962,2166,207,2
12963,2166,208,1
12964,2167,197,2
12965,2167,198,1
12966,2167,199,1
12967,2167,200,1
12968,2167,202,1
12969,2167,203,3
12970,2167,205,1
12971,2167,207,2
12972,2167,208,1
12973,2168,197,2
12974,2168,198,2
12975,2168,199,1
12976,2168,200,2
12977,2168,202,1
12978,2168,203,3
12979,2168,205,1
12980,2168,207,2
12981,2168,208,1
12982,2164,203,1
12983,2180,197,3
12984,2181,197,3
12985,2182,197,2
12986,2183,197,2
12987,2184,197,1
12988,2180,198,2
12989,2181,198,2
12990,2182,198,2
12991,2183,198,2
12992,2184,198,2
12993,2180,199,3
12994,2181,199,3
12995,2182,199,3
12996,2183,199,2
12997,2184,199,3
12998,2180,200,2
12999,2181,200,2
13000,2182,200,2
13001,2183,200,2
13002,2184,200,2
13003,2180,202,3
13004,2181,202,3
13005,2182,202,3
13006,2183,202,3
13007,2184,202,3
13008,2180,204,3
13009,2181,204,3
13010,2182,204,3
13011,2183,204,3
13012,2184,204,3
13013,2180,205,3
13014,2181,205,3
13015,2182,205,2
13016,2183,205,2
13017,2184,205,2
13018,2180,207,2
13019,2181,207,2
13020,2182,207,2
13021,2183,207,1
13022,2184,207,1
13023,2180,208,2
13024,2181,208,2
13025,2182,208,1
13026,2183,208,1
13027,2184,208,2
13028,2174,197,1
13029,2175,197,2
13030,2176,197,3
13031,2177,197,2
13032,2178,197,3
13033,2174,198,2
13034,2175,198,3
13035,2176,198,2
13036,2177,198,1
13037,2178,198,2
13038,2174,199,1
13039,2175,199,2
13040,2176,199,2
13041,2177,199,2
13042,2178,199,1
13043,2174,200,1
13044,2175,200,2
13045,2176,200,1
13046,2177,200,2
13047,2178,200,2
13048,2174,201,2
13049,2175,201,3
13050,2177,201,1
13051,2178,201,1
13052,2174,202,2
13053,2175,202,1
13054,2176,202,1
13055,2178,202,1
13056,2175,203,2
13057,2175,204,1
13058,2178,204,2
13059,2174,205,3
13060,2175,205,3
13061,2176,205,1
13062,2177,205,2
13063,2174,206,2
13064,2176,206,2
13065,2177,206,2
13066,2174,207,1
13067,2176,207,2
13068,2175,208,2
13069,2177,208,1
13070,2178,208,1
13071,2144,197,1
13072,2144,198,2
13073,2144,199,1
13074,2144,205,3
13075,2144,208,1
13076,2145,197,2
13077,2145,198,3
13078,2145,199,2
13079,2145,205,3
13080,2145,208,2
13081,2146,197,3
13082,2146,198,2
13083,2146,199,2
13084,2146,205,1
13085,2146,208,1
13086,2147,197,2
13087,2147,198,1
13088,2147,199,2
13089,2147,205,2
13090,2147,208,1
13091,2144,200,1
13092,2144,201,2
13093,2144,202,2
13094,2144,206,2
13095,2144,207,1
13096,2145,200,2
13097,2145,201,3
13098,2145,202,1
13099,2145,203,2
13100,2145,204,1
13101,2146,200,1
13102,2146,202,1
13103,2146,206,2
13104,2146,207,2
13105,2147,200,2
13106,2147,201,2
13107,2147,206,2
13108,2148,197,3
13109,2148,198,2
13110,2148,199,1
13111,2148,200,2
13112,2148,201,1
13113,2148,202,1
13114,2148,204,2
13115,2148,208,1
13116,2179,197,1
13117,2196,197,3
13118,2197,197,3
13119,2198,197,2
13120,2199,197,2
13121,2179,198,1
13122,2196,198,3
13123,2198,198,3
13124,2199,198,1
13125,2200,198,1
13126,2197,199,2
13127,2179,200,3
13128,2196,200,3
13129,2197,200,3
13130,2198,200,3
13131,2199,200,3
13132,2200,200,3
13133,2179,203,3
13134,2196,203,3
13135,2197,203,3
13136,2198,203,3
13137,2199,203,3
13138,2200,203,3
13139,2179,206,3
13140,2196,206,3
13141,2197,206,3
13142,2198,206,3
13143,2199,206,3
13144,2200,206,3
13145,2179,208,3
13146,2196,208,3
13147,2197,208,3
13148,2198,208,3
13149,2199,208,3
13150,2200,208,3
13151,2190,224,1
13152,2208,197,1
13153,2207,197,1
13154,2208,199,2
13155,2210,199,2
13156,2211,201,3
13157,2210,202,3
13158,2208,202,1
13159,2208,204,2
13160,2210,204,2
13161,2207,206,3
13162,2208,206,3
13163,2209,206,3
13164,2210,206,3
13165,2211,206,3
13166,2207,208,2
13167,2210,208,2
13168,2211,208,2
13169,2208,208,2
13170,2219,208,2
13171,2214,197,3
13172,2214,198,3
13173,2214,202,3
13174,2214,204,2
13175,2214,206,1
13176,2214,207,3
13177,2214,208,2
13178,2215,197,3
13179,2215,198,3
13180,2215,204,2
13181,2215,206,1
13182,2215,207,3
13183,2215,208,2
13184,2215,202,3
13185,2216,197,3
13186,2218,197,3
13187,2219,197,3
13188,2216,198,2
13189,2218,198,3
13190,2219,198,3
13191,2216,202,3
13192,2218,202,3
13193,2219,202,3
13194,2216,204,2
13195,2218,204,2
13196,2219,204,2
13197,2216,206,1
13198,2218,206,1
13199,2219,206,1
13200,2216,207,3
13201,2218,207,3
13202,2219,207,3
13203,2216,208,2
13204,2218,208,2
13205,2252,237,3
13206,2253,237,2
13207,2254,237,1
13208,2255,237,2
13209,2256,237,1
13210,2252,238,3
13211,2253,238,2
13212,2254,238,1
13213,2255,238,1
13214,2256,238,2
13215,2252,239,2
13216,2253,239,1
13217,2254,239,2
13218,2255,239,3
13219,2256,239,2
13220,2252,240,1
13221,2253,240,2
13222,2254,240,1
13223,2255,240,1
13224,2256,240,2
13225,2252,241,3
13226,2253,241,2
13227,2254,241,2
13228,2255,241,2
13229,2256,241,2
13230,2252,242,1
13231,2253,242,1
13232,2254,242,2
13233,2255,242,2
13234,2256,242,1
13235,2252,243,2
13236,2253,243,2
13237,2254,243,2
13238,2255,243,2
13239,2256,243,1
13240,2252,244,1
13241,2253,244,2
13242,2254,244,1
13243,2255,244,1
13244,2256,244,2
13245,2252,245,2
13246,2253,245,2
13247,2254,245,1
13248,2255,245,1
13249,2256,245,1
13250,2252,246,1
13251,2253,246,1
13252,2254,246,1
13253,2255,246,1
13254,2256,246,2
13255,2252,247,3
13256,2252,248,2
13257,2253,247,2
13258,2186,197,1
13259,2187,197,1
13260,2188,197,1
13261,2189,197,1
13262,2187,198,1
13263,2188,198,1
13264,2189,198,1
13265,2186,199,2
13266,2187,199,1
13267,2188,199,1
13268,2189,199,1
13269,2187,200,1
13270,2188,200,1
13271,2189,200,1
13272,2186,201,1
13273,2187,201,2
13274,2189,201,2
13275,2186,202,1
13276,2187,202,2
13277,2189,202,2
13278,2185,203,1
13279,2186,203,2
13280,2187,203,1
13281,2188,203,1
13282,2189,203,1
13283,2186,204,1
13284,2187,204,1
13285,2189,204,1
13286,2187,206,2
13287,2189,206,2
13288,2186,208,1
13289,2187,208,1
13290,2189,208,1
13291,2253,248,1
13292,2254,247,2
13293,2254,248,1
13294,2255,247,2
13295,2255,248,1
13296,2256,247,1
13297,2256,248,2
13298,2231,224,3
13299,2233,224,2
13300,2234,224,2
13301,2238,224,3
13302,2239,224,2
13303,2240,224,2
13304,2231,225,3
13305,2233,225,3
13306,2234,225,3
13307,2238,225,3
13308,2239,225,3
13309,2240,225,3
13310,2231,226,3
13311,2233,226,3
13312,2234,226,3
13313,2238,226,3
13314,2239,226,3
13315,2240,226,3
13316,2231,227,3
13317,2233,227,3
13318,2234,227,3
13319,2238,227,3
13320,2239,227,3
13321,2240,227,3
13322,2231,228,2
13323,2233,228,2
13324,2234,228,3
13325,2238,228,2
13326,2239,228,2
13327,2240,228,2
13328,2231,229,1
13329,2234,229,1
13330,2231,276,2
13331,2233,276,2
13332,2234,276,2
13333,2238,276,2
13334,2239,276,2
13335,2240,276,2
13336,2231,277,3
13337,2233,277,3
13338,2234,277,3
13339,2238,277,3
13340,2239,277,3
13341,2240,277,3
13342,2231,278,2
13343,2233,278,2
13344,2234,278,2
13345,2238,278,2
13346,2239,278,2
13347,2240,278,2
13348,2244,224,3
13349,2245,224,3
13350,2246,224,3
13351,2247,224,2
13352,2248,224,3
13353,2249,224,3
13354,2244,225,3
13355,2245,225,3
13356,2246,225,3
13357,2247,225,3
13358,2248,225,3
13359,2249,225,3
13360,2244,226,3
13361,2245,226,3
13362,2246,226,3
13363,2247,226,3
13364,2248,226,3
13365,2249,226,3
13366,2244,227,3
13367,2245,227,3
13368,2246,227,3
13369,2247,227,3
13370,2248,227,3
13371,2249,227,3
13372,2244,228,2
13373,2245,228,1
13374,2246,228,1
13375,2247,228,1
13376,2248,228,3
13377,2249,228,3
13378,2245,229,1
13379,2248,229,1
13380,2249,229,1
13381,2245,230,1
13382,2248,230,1
13383,2249,230,1
13384,2244,276,1
13385,2245,276,1
13386,2246,276,1
13387,2247,276,1
13388,2248,276,2
13389,2249,276,2
13390,2244,277,3
13391,2245,277,3
13392,2246,277,3
13393,2247,277,3
13394,2248,277,3
13395,2249,277,3
13396,2244,278,1
13397,2245,278,1
13398,2246,278,1
13399,2247,278,1
13400,2248,278,2
13401,2249,278,2
13402,2257,211,2
13403,2257,212,1
13404,2258,209,2
13405,2258,211,2
13406,2258,212,1
13407,2257,209,2
13408,2259,209,2
13409,2259,211,3
13410,2259,213,1
13411,2260,209,2
13412,2260,211,2
13413,2259,212,3
13414,2260,212,2
13415,2261,209,2
13416,2261,211,3
13417,2261,212,3
13418,2262,209,2
13419,2262,211,2
13420,2262,212,3
13421,2262,213,2
13422,2263,209,3
13423,2263,210,3
13424,2263,211,3
13425,2263,212,2
13426,2263,215,1
13427,2264,209,3
13428,2264,210,2
13429,2264,211,3
13430,2264,212,1
13431,2264,214,1
13432,2264,215,1
13433,2264,220,2
13434,2265,209,3
13435,2265,210,2
13436,2265,211,2
13437,2266,209,2
13438,2266,210,1
13439,2266,212,2
13440,2266,215,1
13441,2267,209,2
13442,2267,210,3
13443,2267,211,1
13444,2267,212,1
13445,2273,185,3
13446,2273,186,3
13447,2273,187,3
13448,2273,188,1
13449,2273,189,3
13450,2273,190,3
13451,2274,185,3
13452,2274,186,3
13453,2274,187,3
13454,2274,188,3
13455,2274,189,3
13456,2274,190,3
13457,2275,186,3
13458,2275,187,3
13459,2275,188,1
13460,2275,189,3
13461,2275,190,3
13462,2276,187,3
13463,2276,186,3
13464,2276,188,1
13465,2276,189,2
13466,2276,190,2
13467,2277,186,3
13468,2277,187,3
13469,2277,189,1
13470,2277,190,1
13471,2279,186,3
13472,2279,187,3
13473,2279,188,1
13474,2279,189,2
13475,2279,195,1
13476,2276,195,1
13477,2304,237,3
13478,2304,238,3
13479,2304,239,3
13480,2304,240,3
13481,2304,241,3
13482,2304,242,3
13483,2304,243,3
13484,2304,244,3
13485,2304,245,3
13486,2304,246,3
13487,2304,247,3
13488,2304,248,3
13489,2305,237,3
13490,2305,238,3
13491,2305,239,3
13492,2305,240,3
13493,2305,241,3
13494,2305,242,3
13495,2305,243,3
13496,2305,244,3
13497,2305,245,3
13498,2305,246,3
13499,2305,247,3
13500,2305,248,3
13501,2306,237,3
13502,2306,238,3
13503,2306,239,3
13504,2306,240,3
13505,2306,241,3
13506,2306,242,3
13507,2306,243,3
13508,2306,244,2
13509,2306,245,2
13510,2306,246,2
13511,2306,247,3
13512,2306,248,3
13513,2307,237,3
13514,2307,238,3
13515,2307,239,3
13516,2307,240,3
13517,2307,241,3
13518,2307,242,3
13519,2307,243,3
13520,2307,244,2
13521,2307,245,2
13522,2307,246,2
13523,2307,247,3
13524,2307,248,3
13525,2308,237,3
13526,2308,238,3
13527,2308,239,3
13528,2308,240,3
13529,2308,241,3
13530,2308,242,3
13531,2308,243,3
13532,2308,244,3
13533,2308,245,3
13534,2308,246,3
13535,2308,247,3
13536,2308,248,3
13537,2309,237,3
13538,2309,238,3
13539,2309,239,3
13540,2309,241,3
13541,2309,240,3
13542,2309,242,3
13543,2309,243,3
13544,2309,244,2
13545,2309,245,2
13546,2309,246,2
13547,2309,247,3
13548,2309,248,3
13549,2310,211,3
13550,2310,212,2
13551,2310,215,1
13552,2310,216,1
13553,2310,209,3
13554,2310,210,3
13555,2311,209,3
13556,2311,210,2
13557,2311,211,3
13558,2311,212,2
13559,2311,213,1
13560,2311,218,2
13561,2312,220,3
13562,2312,209,1
13563,2312,210,2
13564,2312,211,2
13565,2312,212,2
13566,2313,220,2
13567,2313,209,2
13568,2313,210,1
13569,2313,212,1
13570,2313,213,3
13571,2313,215,1
13572,2313,218,2
13573,2314,209,3
13574,2314,210,2
13575,2314,211,2
13576,2314,212,1
13577,2314,215,2
13578,2314,220,1
13579,2315,220,1
13580,2315,209,2
13581,2315,210,3
13582,2315,211,2
13583,2315,212,1
13584,2222,224,3
13585,2223,224,2
13586,2224,224,3
13587,2225,224,3
13588,2226,224,2
13589,2227,224,3
13590,2222,225,2
13591,2223,225,2
13592,2224,225,3
13593,2225,225,3
13594,2226,225,3
13595,2227,225,1
13596,2222,226,1
13597,2223,226,1
13598,2224,226,2
13599,2225,226,2
13600,2226,226,2
13601,2227,226,1
13602,2222,227,1
13603,2223,227,1
13604,2224,227,2
13605,2225,227,1
13606,2226,227,1
13607,2227,227,1
13608,2223,228,1
13609,2224,228,1
13610,2225,228,1
13611,2227,228,1
13612,2223,230,1
13613,2222,278,1
13614,2298,212,1
13615,2298,213,2
13616,2298,209,1
13617,2299,209,1
13618,2299,211,1
13619,2299,212,2
13620,2299,213,2
13621,2300,209,2
13622,2300,211,2
13623,2300,212,2
13624,2300,213,2
13625,2300,215,2
13626,2299,215,2
13627,2298,215,2
13628,2301,211,2
13629,2301,212,2
13630,2301,213,2
13631,2301,215,1
13632,2302,209,1
13633,2302,211,2
13634,2302,212,2
13635,2302,213,2
13636,2302,215,2
13637,2303,209,1
13638,2303,211,2
13639,2303,212,2
13640,2303,215,1
13641,2322,298,2
13642,2322,300,2
13643,2322,302,1
13644,2323,298,2
13645,2323,300,2
13646,2323,299,2
13647,2322,299,2
13648,2324,299,2
13649,2324,300,2
13650,2323,302,1
13651,2324,298,2
13652,2324,302,2
13653,2325,298,2
13654,2325,299,2
13655,2325,300,2
13656,2325,302,2
13657,2326,298,2
13658,2326,299,2
13659,2326,300,2
13660,2326,302,1
13661,2327,298,2
13662,2327,299,2
13663,2327,300,2
13664,2327,302,1
13665,2298,217,1
13666,2299,217,2
13667,2300,217,2
13668,2301,217,1
13669,2302,217,1
13670,2303,217,1
13671,2328,298,3
13672,2329,298,3
13673,2330,298,3
13674,2331,298,3
13675,2332,298,3
13676,2328,299,2
13677,2329,299,2
13678,2330,299,2
13679,2331,299,2
13680,2332,299,2
13681,2328,301,2
13682,2329,301,2
13683,2330,301,2
13684,2331,301,2
13685,2332,301,2
13686,2328,302,2
13687,2329,302,2
13688,2330,302,2
13689,2331,302,2
13690,2332,302,2
13691,2328,304,2
13692,2329,304,2
13693,2330,304,2
13694,2331,304,2
13695,2332,304,2
13696,2332,305,3
13697,2328,308,1
13698,2329,308,3
13699,2330,308,1
13700,2331,308,3
13701,2332,308,1
13702,2334,197,2
13703,2334,198,2
13704,2335,197,2
13705,2335,198,2
13706,2336,197,3
13707,2336,198,2
13708,2337,197,2
13709,2337,198,2
13710,2338,197,2
13711,2338,198,2
13712,2339,197,3
13713,2339,198,2
13714,2237,224,2
13715,2237,225,2
13716,2237,226,3
13717,2237,227,2
13718,2237,228,1
13719,2347,237,3
13720,2348,237,1
13721,2349,237,3
13722,2237,229,3
13723,2350,237,1
13724,2237,230,1
13725,2346,237,1
13726,2346,238,2
13727,2347,238,3
13728,2348,238,1
13729,2349,238,3
13730,2350,238,1
13731,2346,239,3
13732,2237,276,2
13733,2347,239,2
13734,2348,239,3
13735,2349,239,1
13736,2350,239,2
13737,2346,240,1
13738,2347,240,2
13739,2348,240,2
13740,2349,240,2
13741,2350,240,2
13742,2350,241,2
13743,2346,241,1
13744,2347,241,2
13745,2237,277,3
13746,2348,241,1
13747,2349,241,3
13748,2350,242,3
13749,2346,242,2
13750,2347,242,1
13751,2348,242,2
13752,2243,224,3
13753,2349,242,2
13754,2346,243,1
13755,2243,225,2
13756,2347,243,2
13757,2348,243,3
13758,2349,243,2
13759,2350,243,1
13760,2243,226,3
13761,2346,244,2
13762,2347,244,2
13763,2348,244,1
13764,2349,244,3
13765,2350,244,2
13766,2346,245,2
13767,2347,245,1
13768,2348,245,3
13769,2349,245,2
13770,2350,245,1
13771,2346,246,2
13772,2347,246,1
13773,2348,246,2
13774,2349,246,2
13775,2350,246,1
13776,2044,224,2
13777,2243,227,1
13778,2346,247,2
13779,2045,224,2
13780,2046,224,2
13781,2243,228,1
13782,2047,224,2
13783,2347,247,2
13784,2048,224,2
13785,2348,247,1
13786,2049,224,2
13787,2349,247,1
13788,2350,247,2
13789,2347,248,2
13790,2348,248,1
13791,2349,248,2
13792,2350,248,2
13793,2346,248,1
13794,2243,229,2
13795,2243,230,1
13796,2351,197,3
13797,2352,197,3
13798,2353,197,3
13799,2354,197,3
13800,2355,197,3
13801,2356,197,3
13802,2351,198,3
13803,2352,198,3
13804,2353,198,3
13805,2354,198,3
13806,2355,198,3
13807,2356,198,3
13808,2351,199,2
13809,2352,199,2
13810,2363,237,2
13811,2364,237,2
13812,2365,237,3
13813,2366,237,3
13814,2367,237,3
13815,2363,238,3
13816,2364,238,2
13817,2353,199,2
13818,2365,238,3
13819,2354,199,2
13820,2366,238,3
13821,2355,199,2
13822,2356,199,2
13823,2351,205,1
13824,2352,205,1
13825,2353,205,1
13826,2354,205,1
13827,2367,238,3
13828,2355,205,1
13829,2356,205,1
13830,2351,208,1
13831,2352,208,1
13832,2353,208,1
13833,2354,208,1
13834,2355,208,1
13835,2356,208,1
13836,2286,211,1
13837,2286,212,2
13838,2287,212,2
13839,2288,212,2
13840,2289,211,2
13841,2289,212,1
13842,2371,211,1
13843,2371,212,1
13844,2372,211,2
13845,2372,212,2
13846,2351,249,3
13847,2352,249,3
13848,2353,249,3
13849,2354,249,3
13850,2355,249,3
13851,2356,249,3
13852,2351,250,3
13853,2352,250,3
13854,2353,250,3
13855,2354,250,3
13856,2355,250,3
13857,2356,250,3
13858,2351,252,1
13859,2352,252,1
13860,2353,252,1
13861,2354,252,1
13862,2355,252,1
13863,2356,252,1
13864,2351,237,3
13865,2352,237,3
13866,2353,237,3
13867,2354,237,3
13868,2355,237,3
13869,2356,237,3
13870,2351,238,2
13871,2352,238,2
13872,2353,238,2
13873,2354,238,2
13874,2355,238,2
13875,2356,238,2
13876,2351,240,1
13877,2352,240,1
13878,2353,240,1
13879,2354,240,1
13880,2355,240,1
13881,2356,240,1
13882,2351,241,1
13883,2352,241,1
13884,2353,241,1
13885,2354,241,1
13886,2355,241,1
13887,2356,241,1
13888,2377,249,2
13889,2378,250,2
13890,2379,251,3
13891,2379,252,2
13892,2379,253,3
13893,2380,256,1
13894,2380,257,2
13895,2381,259,2
13896,2357,249,3
13897,2358,249,3
13898,2359,249,3
13899,2360,249,3
13900,2361,249,3
13901,2362,249,3
13902,2357,250,3
13903,2358,250,3
13904,2359,250,3
13905,2360,250,3
13906,2361,250,3
13907,2362,250,3
13908,2357,251,2
13909,2358,251,2
13910,2359,251,2
13911,2360,251,2
13912,2361,251,2
13913,2362,251,2
13914,2357,257,1
13915,2358,257,1
13916,2359,257,1
13917,2360,257,1
13918,2361,257,1
13919,2362,257,1
13920,2357,260,1
13921,2358,260,1
13922,2359,260,1
13923,2360,260,1
13924,2361,260,1
13925,2362,260,1
13926,2357,237,3
13927,2358,237,3
13928,2359,237,3
13929,2360,237,3
13930,2361,237,3
13931,2362,237,3
13932,2357,238,2
13933,2358,238,2
13934,2359,238,2
13935,2360,238,2
13936,2361,238,2
13937,2362,238,2
13938,2357,240,1
13939,2358,240,1
13940,2359,240,1
13941,2360,240,1
13942,2361,240,1
13943,2362,240,1
13944,2357,241,1
13945,2358,241,1
13946,2359,241,1
13947,2360,241,1
13948,2361,241,1
13949,2362,241,1
13950,2395,237,3
13951,2395,238,2
13952,2395,240,1
13953,2406,197,3
13954,2395,246,1
13955,2406,198,2
13956,2406,199,1
13957,2398,237,2
13958,2398,238,3
13959,2398,239,1
13960,2406,201,2
13961,2406,203,1
13962,2406,205,2
13963,2406,206,2
13964,2406,208,1
13965,2398,240,1
13966,2398,243,1
13967,2401,237,1
13968,2407,197,3
13969,2401,238,1
13970,2407,198,1
13971,2401,239,2
13972,2407,201,3
13973,2407,202,1
13974,2407,205,2
13975,2407,206,1
13976,2407,208,1
13977,2408,197,3
13978,2408,198,1
13979,2408,202,1
13980,2408,203,1
13981,2408,204,1
13982,2408,207,1
13983,2408,201,1
13984,2409,197,1
13985,2409,198,2
13986,2409,199,1
13987,2409,200,1
13988,2409,201,1
13989,2409,203,2
13990,2409,207,1
13991,2409,208,1
13992,2410,197,2
13993,2410,198,1
13994,2410,199,3
13995,2410,200,2
13996,2410,201,3
13997,2410,202,1
13998,2410,203,2
13999,2410,204,1
14000,2410,205,1
14001,2410,207,1
14002,2410,208,1
14003,2411,197,3
14004,2411,198,1
14005,2411,199,1
14006,2411,201,3
14007,2411,205,1
14008,2411,208,1
14009,2389,150,3
14010,2390,150,3
14011,2391,150,3
14012,2392,150,3
14013,2393,150,3
14014,2394,150,3
14015,2389,153,2
14016,2390,153,2
14017,2391,153,2
14018,2392,153,2
14019,2393,153,2
14020,2394,153,2
14021,2369,151,3
14022,2370,151,3
14023,2373,151,3
14024,2374,151,3
14025,2375,151,3
14026,2376,151,3
14027,2369,154,3
14028,2370,154,3
14029,2373,154,3
14030,2374,154,3
14031,2375,154,3
14032,2376,154,3
14033,2369,160,3
14034,2370,160,3
14035,2373,160,3
14036,2374,160,3
14037,2375,160,3
14038,2389,159,1
14039,2376,160,3
14040,2390,159,1
14041,2391,159,1
14042,2392,159,1
14043,2393,159,1
14044,2394,159,1
14045,2414,185,3
14046,2417,185,3
14047,2421,185,3
14048,2423,185,3
14049,2424,185,3
14050,2419,185,3
14051,2413,237,1
14052,2415,237,1
14053,2416,237,1
14054,2418,237,1
14055,2420,237,1
14056,2422,237,1
14057,2424,186,2
14058,2413,238,3
14059,2424,190,2
14060,2415,238,3
14061,2424,191,2
14062,2243,276,2
14063,2414,237,3
14064,2417,237,3
14065,2419,237,3
14066,2421,237,3
14067,2423,237,3
14068,2424,237,3
14069,2243,277,1
14070,2417,241,2
14071,2423,241,3
14072,2424,241,3
14073,2292,237,2
14074,2293,237,2
14075,2294,237,2
14076,2295,237,2
14077,2296,237,2
14078,2297,237,2
14079,2292,239,3
14080,2414,280,2
14081,2293,239,3
14082,2417,280,2
14083,2419,280,3
14084,2292,240,3
14085,2421,280,3
14086,2423,280,3
14087,2293,240,3
14088,2424,280,3
14089,2414,281,2
14090,2294,240,3
14091,2295,240,3
14092,2296,240,3
14093,2417,283,2
14094,2297,240,3
14095,2423,283,2
14096,2292,241,1
14097,2293,241,1
14098,2294,241,1
14099,2424,283,2
14100,2295,241,1
14101,2296,241,1
14102,2297,241,1
14103,2292,242,1
14104,2293,242,1
14105,2292,243,1
14106,2292,244,2
14107,2292,238,3
14108,2293,238,3
14109,2294,239,3
14110,2295,239,3
14111,2296,239,3
14112,2297,239,2
14113,2294,238,3
14114,2295,238,3
14115,2296,238,3
14116,2297,238,3
14117,2294,242,1
14118,2295,242,1
14119,2296,242,1
14120,2297,242,1
14121,2293,243,1
14122,2294,243,1
14123,2295,243,2
14124,2296,243,1
14125,2297,243,1
14126,2293,244,2
14127,2292,245,2
14128,2294,244,1
14129,2295,244,1
14130,2296,244,2
14131,2429,237,3
14132,2429,238,3
14133,2297,244,2
14134,2293,245,2
14135,2294,245,2
14136,2295,245,2
14137,2296,245,2
14138,2297,245,2
14139,2292,246,1
14140,2293,246,1
14141,2294,246,2
14142,2429,239,1
14143,2295,246,1
14144,2296,246,1
14145,2297,246,1
14146,2429,240,1
14147,2429,241,3
14148,2292,247,3
14149,2416,238,1
14150,2293,247,3
14151,2429,242,1
14152,2294,247,3
14153,2235,224,3
14154,2295,247,3
14155,2429,243,1
14156,2296,247,3
14157,2297,247,3
14158,2429,244,1
14159,2420,238,1
14160,2429,245,1
14161,2292,248,1
14162,2293,248,1
14163,2429,246,1
14164,2401,240,1
14165,2294,248,1
14166,2429,247,3
14167,2295,248,1
14168,2401,243,1
14169,2235,225,2
14170,2296,248,1
14171,2297,248,1
14172,2429,248,3
14173,2415,239,1
14174,2235,226,1
14175,2403,237,3
14176,2403,238,1
14177,2403,239,1
14178,2235,227,2
14179,2404,238,1
14180,2404,240,1
14181,2404,243,1
14182,2404,237,2
14183,2405,237,2
14184,2405,238,2
14185,2405,240,1
14186,2383,151,3
14187,2396,151,3
14188,2397,151,3
14189,2399,151,3
14190,2400,151,3
14191,2402,151,3
14192,2383,154,3
14193,2396,154,3
14194,2397,154,3
14195,2399,154,3
14196,2400,154,3
14197,2363,239,1
14198,2402,154,3
14199,2364,239,1
14200,2365,239,3
14201,2366,239,3
14202,2367,239,3
14203,2363,240,3
14204,2452,237,1
14205,2452,238,1
14206,2452,239,2
14207,2452,240,3
14208,2452,241,1
14209,2452,242,2
14210,2452,243,2
14211,2452,244,1
14212,2452,246,1
14213,2452,247,2
14214,2452,248,1
14215,2453,237,3
14216,2453,238,1
14217,2453,240,1
14218,2453,241,2
14219,2453,242,1
14220,2453,243,1
14221,2453,244,2
14222,2453,245,1
14223,2453,246,1
14224,2453,247,1
14225,2454,237,2
14226,2454,238,1
14227,2454,241,1
14228,2454,243,1
14229,2454,244,1
14230,2454,245,1
14231,2454,246,1
14232,2454,248,1
14233,2455,238,1
14234,2455,240,1
14235,2455,241,1
14236,2455,244,1
14237,2455,245,1
14238,2455,247,1
14239,2455,248,2
14240,2456,237,3
14241,2456,238,2
14242,2456,239,1
14243,2456,241,1
14244,2456,242,1
14245,2456,244,1
14246,2456,245,1
14247,2456,246,1
14248,2456,247,1
14249,2456,248,1
14250,2457,237,3
14251,2457,238,3
14252,2457,239,2
14253,2457,240,1
14254,2457,241,1
14255,2457,242,1
14256,2457,244,2
14257,2457,245,1
14258,2457,246,1
14259,2457,247,1
14260,2457,248,1
14261,2458,321,1
14262,2458,322,2
14263,2458,325,1
14264,2458,326,1
14265,2458,327,1
14266,2458,328,1
14267,2458,329,2
14268,2458,330,1
14269,2459,321,1
14270,2459,322,1
14271,2459,325,1
14272,2459,326,1
14273,2459,330,1
14274,2459,331,1
14275,2460,322,1
14276,2460,326,1
14277,2460,327,1
14278,2460,329,1
14279,2460,330,1
14280,2460,331,1
14281,2461,322,2
14282,2461,325,2
14283,2461,326,2
14284,2461,327,2
14285,2461,328,1
14286,2461,329,1
14287,2461,331,1
14288,2462,320,1
14289,2462,321,1
14290,2462,322,2
14291,2462,323,1
14292,2462,324,1
14293,2471,209,3
14294,2472,209,3
14295,2475,209,3
14296,2471,210,3
14297,2472,210,3
14298,2475,210,3
14299,2473,211,3
14300,2412,212,2
14301,2473,213,2
14302,2475,215,3
14303,2474,216,3
14304,2471,218,2
14305,2472,218,2
14306,2462,326,1
14307,2462,328,1
14308,2462,329,1
14309,2462,331,1
14310,2463,322,1
14311,2463,325,2
14312,2463,326,2
14313,2463,327,1
14314,2463,328,1
14315,2463,329,1
14316,2463,330,2
14317,2463,331,1
14318,2476,321,3
14319,2476,323,1
14320,2477,326,3
14321,2477,330,1
14322,2478,321,3
14323,2478,326,3
14324,2479,326,2
14325,2479,329,1
14326,2480,324,3
14327,2481,323,2
14328,2481,324,3
14329,2481,326,1
14330,2482,323,3
14331,2483,321,2
14332,2483,323,1
14333,2484,321,2
14334,2484,323,3
14335,2484,326,2
14336,2486,322,2
14337,2486,323,2
14338,2486,326,3
14339,2488,321,2
14340,2488,326,2
14341,2490,321,3
14342,2490,323,1
14343,2485,209,1
14344,2485,215,2
14345,2487,209,3
14346,2487,210,2
14347,2489,210,2
14348,2489,212,3
14349,2491,211,3
14350,2492,213,3
14351,2492,215,2
14352,2493,217,1
14353,2493,220,2
14354,2494,322,2
14355,2494,325,2
14356,2494,327,3
14357,2494,328,2
14358,2495,328,2
14359,2495,324,3
14360,2495,326,1
14361,2495,327,2
14362,2496,328,2
14363,2496,329,3
14364,2496,323,2
14365,2496,324,3
14366,2497,210,3
14367,2497,218,3
14368,2497,209,3
14369,2497,211,3
14370,2497,212,3
14371,2497,213,3
14372,2497,214,1
14373,2497,215,1
14374,2497,216,1
14375,2497,217,1
14376,2497,219,2
14377,2497,220,2
14378,2498,209,3
14379,2498,210,3
14380,2498,211,3
14381,2498,212,3
14382,2498,213,3
14383,2498,214,1
14384,2498,215,1
14385,2498,216,1
14386,2498,217,1
14387,2498,218,3
14388,2498,219,2
14389,2498,220,2
14390,2499,209,3
14391,2499,210,3
14392,2499,211,3
14393,2499,212,3
14394,2499,213,3
14395,2499,214,1
14396,2499,215,1
14397,2499,216,1
14398,2499,217,1
14399,2499,218,3
14400,2499,219,2
14401,2499,220,2
14402,2500,209,3
14403,2500,210,3
14404,2500,211,3
14405,2500,212,3
14406,2500,213,3
14407,2500,214,1
14408,2500,215,1
14409,2500,216,1
14410,2500,217,1
14411,2500,218,3
14412,2500,219,2
14413,2500,220,2
14414,2501,209,3
14415,2501,210,3
14416,2501,211,3
14417,2501,212,3
14418,2501,213,3
14419,2501,214,3
14420,2501,215,3
14421,2501,216,3
14422,2501,217,1
14423,2501,218,3
14424,2501,219,2
14425,2501,220,2
14426,2235,229,2
14427,2235,230,2
14428,2235,276,2
14429,2236,224,2
14430,2236,225,2
14431,2236,226,3
14432,2236,227,2
14433,2236,228,2
14434,2236,229,1
14435,2236,230,1
14436,2236,276,1
14437,2242,224,2
14438,2242,225,2
14439,2242,226,3
14440,2242,227,3
14441,2242,229,1
14442,2242,230,1
14443,2242,276,2
14444,2333,224,2
14445,2333,225,3
14446,2333,226,2
14447,2333,227,2
14448,2333,228,2
14449,2333,229,1
14450,2333,230,1
14451,2333,276,2
14452,2201,224,2
14453,2201,225,3
14454,2201,227,2
14455,2201,228,1
14456,2202,224,2
14457,2202,225,3
14458,2203,224,2
14459,2203,225,3
14460,2203,226,1
14461,2203,227,2
14462,2203,230,1
14463,2204,224,2
14464,2204,225,3
14465,2204,227,1
14466,2204,228,1
14467,2205,224,2
14468,2205,225,3
14469,2205,227,2
14470,2205,228,2
14471,2206,224,2
14472,2206,225,3
14473,2206,226,2
14474,2383,160,2
14475,2396,160,2
14476,2397,160,2
14477,2399,160,2
14478,2400,160,2
14479,2402,160,2
14480,2383,169,2
14481,2396,169,2
14482,2397,169,2
14483,2399,169,2
14484,2400,169,2
14485,2402,169,2
14486,2383,181,2
14487,2396,181,2
14488,2397,181,2
14489,2399,181,2
14490,2400,181,2
14491,2402,181,2
14492,2383,184,2
14493,2396,184,2
14494,2397,184,2
14495,2399,184,2
14496,2400,184,2
14497,2402,184,2
14498,2509,237,2
14499,2509,238,3
14500,2509,239,2
14501,2509,240,1
14502,2509,242,1
14503,2509,247,1
14504,2535,237,3
14505,2535,238,2
14506,2535,240,2
14507,2535,241,1
14508,2536,237,3
14509,2536,238,2
14510,2536,239,1
14511,2536,240,2
14512,2536,242,1
14513,2357,209,3
14514,2358,209,3
14515,2359,209,3
14516,2360,209,3
14517,2361,209,3
14518,2362,209,3
14519,2357,210,3
14520,2358,210,3
14521,2359,210,3
14522,2360,210,3
14523,2361,210,3
14524,2362,210,3
14525,2357,212,2
14526,2358,212,2
14527,2359,212,2
14528,2360,212,2
14529,2361,212,2
14530,2362,212,2
14531,2357,213,1
14532,2358,213,1
14533,2359,213,1
14534,2360,213,1
14535,2361,213,1
14536,2362,213,1
14537,2357,215,1
14538,2358,215,1
14539,2359,215,1
14540,2360,215,1
14541,2361,215,1
14542,2362,215,1
14543,2464,249,2
14544,2464,250,1
14545,2464,251,2
14546,2357,219,1
14547,2464,254,1
14548,2358,219,1
14549,2464,256,2
14550,2359,219,1
14551,2360,219,1
14552,2464,258,2
14553,2361,219,1
14554,2362,219,1
14555,2465,252,1
14556,2465,254,2
14557,2357,220,1
14558,2358,220,1
14559,2359,220,1
14560,2466,249,2
14561,2360,220,1
14562,2466,250,1
14563,2361,220,1
14564,2466,251,2
14565,2362,220,1
14566,2466,253,1
14567,2466,254,1
14568,2467,249,1
14569,2467,251,2
14570,2467,253,2
14571,2468,253,2
14572,2470,253,3
14573,2468,249,2
14574,2468,251,2
14575,2470,249,3
14576,2470,250,2
14577,2470,251,3
14578,2470,258,2
14579,2537,237,2
14580,2537,238,2
14581,2467,258,2
14582,2537,239,2
14583,2537,240,1
14584,2537,242,1
14585,2538,237,2
14586,2538,238,2
14587,2538,239,1
14588,2538,240,1
14589,2538,241,1
14590,2538,242,1
14591,2538,243,1
14592,2539,237,3
14593,2539,238,2
14594,2539,239,1
14595,2539,240,1
14596,2357,320,3
14597,2358,320,3
14598,2359,320,3
14599,2360,320,3
14600,2361,320,3
14601,2362,320,3
14602,2357,321,3
14603,2358,321,3
14604,2359,321,3
14605,2524,249,3
14606,2524,250,2
14607,2524,260,2
14608,2524,254,1
14609,2527,249,3
14610,2527,250,2
14611,2527,251,1
14612,2528,249,3
14613,2528,250,3
14614,2528,251,3
14615,2528,252,2
14616,2528,253,3
14617,2528,256,1
14618,2529,249,1
14619,2529,250,2
14620,2529,251,2
14621,2529,253,2
14622,2529,256,1
14623,2533,249,2
14624,2533,250,3
14625,2533,251,3
14626,2533,253,3
14627,2533,254,2
14628,2533,256,1
14629,2549,249,2
14630,2545,249,2
14631,2546,249,2
14632,2547,249,3
14633,2548,249,3
14634,2550,249,3
14635,2546,250,2
14636,2547,250,3
14637,2548,250,3
14638,2546,251,2
14639,2551,249,3
14640,2547,251,3
14641,2552,249,3
14642,2549,251,3
14643,2545,252,3
14644,2546,252,3
14645,2547,252,3
14646,2548,252,3
14647,2549,252,3
14648,2548,257,1
14649,2553,249,3
14650,2554,249,3
14651,2555,249,3
14652,2550,250,2
14653,2551,250,2
14654,2552,250,2
14655,2553,250,1
14656,2554,250,2
14657,2555,250,3
14658,2552,251,3
14659,2554,252,3
14660,2555,252,1
14661,2551,253,2
14662,2228,209,3
14663,2229,209,3
14664,2230,209,3
14665,2232,209,3
14666,2551,259,1
14667,2368,209,3
14668,2228,210,3
14669,2229,210,3
14670,2230,210,3
14671,2232,210,3
14672,2368,210,3
14673,2228,211,3
14674,2229,211,3
14675,2230,211,3
14676,2232,211,3
14677,2368,211,3
14678,2228,212,3
14679,2229,212,3
14680,2230,212,3
14681,2232,212,3
14682,2368,212,3
14683,2554,259,1
14684,2280,209,2
14685,2551,251,2
14686,2281,209,2
14687,2554,251,2
14688,2282,209,2
14689,2283,209,2
14690,2285,210,2
14691,2281,210,2
14692,2282,210,2
14693,2283,210,2
14694,2284,210,2
14695,2280,210,2
14696,2284,211,1
14697,2280,211,2
14698,2281,211,2
14699,2282,211,2
14700,2283,211,2
14701,2283,212,1
14702,2283,213,1
14703,2285,214,1
14704,2285,215,1
14705,2285,217,1
14706,2589,237,3
14707,2591,237,3
14708,2593,237,2
14709,2596,237,3
14710,2598,237,2
14711,2599,237,3
14712,2589,238,3
14713,2591,238,3
14714,2593,238,3
14715,2596,238,3
14716,2598,238,3
14717,2599,238,3
14718,2589,239,3
14719,2591,239,3
14720,2593,239,3
14721,2596,239,2
14722,2598,239,2
14723,2599,239,3
14724,2589,240,3
14725,2591,240,3
14726,2593,240,3
14727,2596,240,3
14728,2598,240,3
14729,2599,240,3
14730,2589,241,2
14731,2594,150,2
14732,2591,241,2
14733,2519,151,1
14734,2593,241,2
14735,2596,241,2
14736,2598,241,2
14737,2594,153,2
14738,2599,241,3
14739,2519,157,1
14740,2594,156,1
14741,2594,159,3
14742,2594,162,2
14743,2591,242,2
14744,2593,242,2
14745,2596,242,2
14746,2598,242,2
14747,2599,242,3
14748,2589,242,3
14749,2589,243,3
14750,2591,243,3
14751,2593,243,2
14752,2594,183,2
14753,2594,165,2
14754,2519,175,1
14755,2599,243,1
14756,2519,178,1
14757,2589,244,1
14758,2597,150,3
14759,2597,153,3
14760,2599,244,1
14761,2597,156,3
14762,2589,245,2
14763,2591,245,2
14764,2597,159,3
14765,2593,245,2
14766,2596,245,2
14767,2592,209,2
14768,2598,245,2
14769,2599,245,2
14770,2597,162,1
14771,2592,210,2
14772,2597,165,2
14773,2592,211,1
14774,2589,246,1
14775,2591,246,1
14776,2592,212,1
14777,2593,246,1
14778,2596,246,1
14779,2597,168,2
14780,2598,246,1
14781,2519,181,1
14782,2599,246,1
14783,2591,247,2
14784,2593,247,2
14785,2597,174,1
14786,2596,247,2
14787,2592,218,1
14788,2598,247,2
14789,2599,247,2
14790,2589,247,2
14791,2597,177,2
14792,2597,180,1
14793,2520,154,1
14794,2593,248,2
14795,2596,248,2
14796,2598,248,2
14797,2599,248,2
14798,2589,248,2
14799,2591,248,2
14800,2601,150,2
14801,2595,209,2
14802,2520,157,2
14803,2601,153,2
14804,2595,210,1
14805,2601,156,2
14806,2601,159,2
14807,2601,162,2
14808,2520,175,1
14809,2601,165,2
14810,2595,211,2
14811,2520,184,3
14812,2360,321,3
14813,2595,212,2
14814,2601,183,2
14815,2361,321,3
14816,2362,321,3
14817,2595,213,2
14818,2603,150,2
14819,2357,323,2
14820,2521,160,1
14821,2358,323,2
14822,2359,323,2
14823,2603,159,3
14824,2595,217,1
14825,2360,323,2
14826,2361,323,2
14827,2595,219,2
14828,2603,162,2
14829,2362,323,2
14830,2595,220,1
14831,2521,154,1
14832,2602,209,1
14833,2357,324,2
14834,2602,210,2
14835,2603,183,2
14836,2358,324,2
14837,2602,211,1
14838,2359,324,2
14839,2360,324,2
14840,2608,150,2
14841,2361,324,2
14842,2608,153,2
14843,2362,324,2
14844,2357,326,1
14845,2358,326,1
14846,2522,163,3
14847,2359,326,1
14848,2602,212,1
14849,2523,178,3
14850,2360,326,1
14851,2361,326,1
14852,2362,326,1
14853,2523,169,2
14854,2523,154,1
14855,2602,213,2
14856,2608,156,2
14857,2602,218,1
14858,2608,159,2
14859,2357,330,1
14860,2602,219,1
14861,2358,330,1
14862,2359,330,1
14863,2360,330,1
14864,2361,330,1
14865,2608,183,2
14866,2602,220,1
14867,2362,330,1
14868,2604,210,2
14869,2608,162,2
14870,2604,211,2
14871,2613,150,2
14872,2604,212,1
14873,2613,153,2
14874,2604,213,2
14875,2604,214,2
14876,2613,156,2
14877,2613,159,2
14878,2604,215,2
14879,2613,162,2
14880,2604,218,2
14881,2613,165,2
14882,2604,219,2
14883,2609,209,1
14884,2609,210,2
14885,2609,211,2
14886,2609,213,3
14887,2609,215,2
14888,2609,218,2
14889,2609,219,2
14890,2609,220,1
14891,2642,211,1
14892,2644,211,1
14893,2646,211,2
14894,2637,211,1
14895,2613,183,2
14896,2290,151,3
14897,2642,212,1
14898,2644,212,1
14899,2515,154,1
14900,2646,212,1
14901,2637,212,1
14902,2638,212,1
14903,2516,157,1
14904,2646,215,1
14905,2413,241,1
14906,2637,215,1
14907,2638,215,1
14908,2642,215,2
14909,2646,216,1
14910,2642,216,1
14911,2597,183,2
14912,2413,243,3
14913,2334,237,2
14914,2415,240,2
14915,2415,241,1
14916,2517,160,1
14917,2518,163,2
14918,2415,244,1
14919,2290,160,2
14920,2290,169,2
14921,2516,154,1
14922,2415,246,1
14923,2517,172,2
14924,2518,175,3
14925,2515,178,1
14926,2516,184,1
14927,2517,178,3
14928,2516,169,3
14929,2416,239,1
14930,2416,240,1
14931,2416,242,1
14932,2416,243,1
14933,2515,166,2
14934,2518,181,1
14935,2418,238,2
14936,2594,171,1
14937,2418,239,2
14938,2418,240,1
14939,2418,241,1
14940,2418,242,1
14941,2418,243,3
14942,2418,244,1
14943,2418,246,1
14944,2418,247,1
14945,2418,248,1
14946,2420,239,3
14947,2420,240,1
14948,2420,241,2
14949,2420,242,2
14950,2420,243,3
14951,2422,238,1
14952,2422,239,1
14953,2422,241,1
14954,2579,249,3
14955,2422,242,2
14956,2422,243,1
14957,2422,244,2
14958,2422,245,2
14959,2422,246,3
14960,2422,247,2
14961,2422,248,1
14962,2579,250,3
14963,2580,250,3
14964,2581,250,3
14965,2582,250,3
14966,2664,320,3
14967,2664,326,2
14968,2677,149,2
14969,2677,152,2
14970,2677,155,1
14971,2677,158,3
14972,2677,161,2
14973,2677,164,2
14974,2677,170,1
14975,2677,182,2
14976,2681,149,3
14977,2681,152,3
14978,2681,155,3
14979,2681,158,3
14980,2681,161,1
14981,2681,164,2
14982,2681,167,2
14983,2681,173,1
14984,2681,176,2
14985,2681,179,1
14986,2634,280,3
14987,2681,182,2
14988,2683,149,2
14989,2683,152,2
14990,2683,155,2
14991,2683,158,2
14992,2683,161,2
14993,2635,197,2
14994,2673,350,1
14995,2683,164,2
14996,2635,198,1
14997,2676,350,2
14998,2635,199,1
14999,2682,350,2
15000,2684,350,1
15001,2683,182,2
15002,2635,202,1
15003,2687,350,2
15004,2635,203,3
15005,2635,204,1
15006,2673,351,3
15007,2686,149,2
15008,2676,351,2
15009,2635,205,1
15010,2686,158,3
15011,2682,351,1
15012,2684,351,1
15013,2635,206,1
15014,2687,351,2
15015,2686,161,2
15016,2673,352,2
15017,2676,352,1
15018,2635,207,1
15019,2682,352,3
15020,2686,182,2
15021,2684,352,2
15022,2687,352,3
15023,2649,197,2
15024,2673,353,2
15025,2689,149,2
15026,2676,353,2
15027,2649,198,2
15028,2689,152,2
15029,2682,353,1
15030,2649,199,2
15031,2689,155,2
15032,2684,353,2
15033,2649,200,1
15034,2687,353,3
15035,2689,158,2
15036,2649,201,1
15037,2673,354,3
15038,2689,161,2
15039,2649,202,1
15040,2676,354,2
15041,2682,354,3
15042,2649,203,2
15043,2684,354,3
15044,2649,204,1
15045,2687,354,1
15046,2689,182,2
15047,2649,205,1
15048,2687,355,2
15049,2649,206,1
15050,2673,355,3
15051,2690,149,2
15052,2649,208,1
15053,2676,355,2
15054,2690,152,2
15055,2682,355,2
15056,2684,355,1
15057,2690,155,2
15058,2687,356,1
15059,2690,158,2
15060,2673,356,2
15061,2690,161,2
15062,2676,356,2
15063,2690,164,2
15064,2651,197,3
15065,2682,356,1
15066,2651,198,2
15067,2684,356,2
15068,2651,199,2
15069,2687,357,3
15070,2651,200,2
15071,2690,182,2
15072,2636,280,1
15073,2673,357,2
15074,2651,202,1
15075,2676,357,2
15076,2651,203,2
15077,2682,357,1
15078,2684,357,3
15079,2651,208,1
15080,2645,280,2
15081,2687,358,1
15082,2673,358,1
15083,2676,358,3
15084,2682,358,2
15085,2684,358,3
15086,2687,359,2
15087,2673,359,2
15088,2676,359,2
15089,2682,359,1
15090,2684,359,1
15091,2687,360,3
15092,2673,360,2
15093,2676,360,1
15094,2682,360,2
15095,2684,360,2
15096,2647,280,1
15097,2648,280,1
15098,2650,280,1
15099,2634,281,3
15100,2636,281,2
15101,2645,281,3
15102,2647,281,2
15103,2648,281,3
15104,2650,281,3
15105,2691,309,3
15106,2692,309,2
15107,2694,309,3
15108,2697,309,2
15109,2701,309,3
15110,2691,310,3
15111,2692,310,2
15112,2694,310,2
15113,2661,154,2
15114,2697,310,1
15115,2701,310,1
15116,2661,160,1
15117,2701,311,2
15118,2663,151,1
15119,2691,311,2
15120,2663,154,2
15121,2692,311,1
15122,2663,160,1
15123,2670,151,1
15124,2670,154,1
15125,2670,160,2
15126,2716,249,2
15127,2670,178,1
15128,2716,250,3
15129,2679,151,1
15130,2716,251,2
15131,2716,252,1
15132,2679,154,1
15133,2716,253,3
15134,2679,163,2
15135,2685,151,1
15136,2721,249,2
15137,2685,154,1
15138,2721,250,3
15139,2685,160,2
15140,2721,251,3
15141,2685,163,2
15142,2721,252,1
15143,2721,253,3
15144,2685,178,1
15145,2700,154,2
15146,2721,257,2
15147,2688,151,1
15148,2700,151,3
15149,2688,154,1
15150,2721,260,3
15151,2722,249,3
15152,2688,163,1
15153,2722,250,2
15154,2722,251,3
15155,2688,178,1
15156,2722,252,2
15157,2722,253,2
15158,2722,260,2
15159,2723,260,3
15160,2723,249,3
15161,2723,250,2
15162,2723,251,3
15163,2700,184,2
15164,2723,252,1
15165,2702,151,3
15166,2723,253,3
15167,2702,154,1
15168,2702,157,3
15169,2702,160,2
15170,2728,260,2
15171,2728,249,3
15172,2694,311,1
15173,2697,311,2
15174,2728,250,2
15175,2728,251,3
15176,2701,312,2
15177,2691,312,2
15178,2728,253,3
15179,2694,312,1
15180,2694,313,2
15181,2691,313,3
15182,2714,338,3
15183,2697,313,2
15184,2714,339,3
15185,2692,312,1
15186,2714,340,3
15187,2692,314,2
15188,2714,341,3
15189,2697,314,2
15190,2714,342,3
15191,2691,315,2
15192,2692,315,1
15193,2714,343,3
15194,2701,315,3
15195,2691,316,2
15196,2715,338,3
15197,2726,156,3
15198,2694,316,1
15199,2697,316,3
15200,2731,156,2
15201,2692,317,1
15202,2697,317,3
15203,2701,317,2
15204,2691,318,1
15205,2694,318,2
15206,2697,318,1
15207,2705,151,2
15208,2691,319,2
15209,2705,154,2
15210,2697,319,1
15211,2701,319,1
15212,2502,237,2
15213,2502,238,3
15214,2502,240,2
15215,2502,241,1
15216,2502,246,2
15217,2705,157,2
15218,2502,247,2
15219,2705,178,1
15220,2653,197,2
15221,2653,198,1
15222,2503,237,2
15223,2703,151,3
15224,2653,199,1
15225,2706,151,3
15226,2653,200,1
15227,2503,238,1
15228,2704,151,3
15229,2653,202,2
15230,2653,203,3
15231,2703,154,2
15232,2503,240,1
15233,2653,206,1
15234,2703,157,2
15235,2503,241,1
15236,2653,208,1
15237,2656,197,1
15238,2656,198,2
15239,2732,159,1
15240,2656,199,1
15241,2703,163,2
15242,2503,246,1
15243,2656,202,2
15244,2656,203,1
15245,2503,247,1
15246,2656,204,1
15247,2656,206,2
15248,2504,237,2
15249,2656,208,1
15250,2715,339,3
15251,2504,238,2
15252,2733,156,2
15253,2707,197,1
15254,2707,198,1
15255,2707,199,2
15256,2707,200,1
15257,2504,240,3
15258,2750,151,3
15259,2715,340,3
15260,2707,201,1
15261,2504,241,2
15262,2707,202,1
15263,2707,203,3
15264,2750,154,3
15265,2715,341,2
15266,2707,204,1
15267,2707,205,1
15268,2504,246,1
15269,2715,342,3
15270,2707,206,1
15271,2504,247,2
15272,2707,207,1
15273,2715,343,3
15274,2707,208,1
15275,2751,154,3
15276,2717,338,3
15277,2505,237,2
15278,2505,238,2
15279,2505,240,3
15280,2505,241,2
15281,2717,339,3
15282,2750,157,2
15283,2717,340,3
15284,2752,157,1
15285,2717,341,2
15286,2505,246,1
15287,2505,247,2
15288,2717,342,3
15289,2753,160,1
15290,2717,343,3
15291,2734,156,3
15292,2754,163,3
15293,2718,338,3
15294,2718,339,3
15295,2718,340,3
15296,2718,341,2
15297,2718,342,3
15298,2718,343,3
15299,2719,338,3
15300,2719,339,3
15301,2719,340,3
15302,2719,341,2
15303,2754,184,2
15304,2719,342,3
15305,2719,343,3
15306,2720,338,3
15307,2720,339,3
15308,2720,340,3
15309,2720,341,2
15310,2750,178,1
15311,2720,342,3
15312,2735,150,1
15313,2720,343,3
15314,2751,166,3
15315,2364,240,3
15316,2365,240,3
15317,2366,240,3
15318,2367,240,3
15319,2363,241,3
15320,2364,241,3
15321,2365,241,3
15322,2366,241,3
15323,2367,241,3
15324,2763,151,2
15325,2763,154,2
15326,2363,242,1
15327,2364,242,1
15328,2763,157,1
15329,2365,242,1
15330,2366,242,1
15331,2367,242,1
15332,2764,151,3
15333,2764,154,2
15334,2764,157,2
15335,2764,160,2
15336,2767,151,2
15337,2758,151,1
15338,2767,154,1
15339,2363,244,1
15340,2364,244,1
15341,2365,244,1
15342,2366,244,1
15343,2367,244,1
15344,2762,151,1
15345,2367,245,1
15346,2363,245,1
15347,2364,245,1
15348,2758,154,2
15349,2365,245,1
15350,2366,245,1
15351,2767,157,2
15352,2759,154,1
15353,2767,160,1
15354,2758,157,3
15355,2364,246,1
15356,2760,157,3
15357,2365,246,1
15358,2366,246,1
15359,2367,246,1
15360,2363,246,1
15361,2762,157,2
15362,2652,151,2
15363,2363,247,2
15364,2506,237,1
15365,2761,163,1
15366,2364,247,2
15367,2365,247,2
15368,2366,247,2
15369,2506,240,2
15370,2367,247,2
15371,2506,241,3
15372,2769,151,1
15373,2769,154,2
15374,2363,248,1
15375,2364,248,1
15376,2506,246,2
15377,2366,248,2
15378,2506,247,2
15379,2367,248,3
15380,2507,238,1
15381,2365,248,1
15382,2507,239,2
15383,2507,240,2
15384,2507,241,3
15385,2769,157,2
15386,2771,151,2
15387,2771,154,2
15388,2771,157,3
15389,2507,243,1
15390,2774,151,1
15391,2774,154,1
15392,2774,157,2
15393,2507,246,2
15394,2774,160,2
15395,2507,247,3
15396,2760,184,2
15397,2762,181,2
15398,2761,175,3
15399,2351,262,3
15400,2759,166,2
15401,2352,262,3
15402,2356,280,3
15403,2353,262,3
15404,2736,151,3
15405,2354,262,3
15406,2737,154,1
15407,2742,157,3
15408,2355,262,3
15409,2356,262,3
15410,2738,160,2
15411,2351,263,3
15412,2352,263,3
15413,2353,263,3
15414,2740,169,1
15415,2741,178,2
15416,2354,263,3
15417,2351,280,3
15418,2736,166,2
15419,2352,280,3
15420,2355,263,3
15421,2356,263,3
15422,2742,172,1
15423,2353,280,3
15424,2354,280,3
15425,2355,280,3
15426,2351,281,1
15427,2352,281,1
15428,2351,265,1
15429,2353,281,1
15430,2352,265,1
15431,2354,281,1
15432,2353,265,1
15433,2355,281,1
15434,2356,281,1
15435,2354,265,1
15436,2355,265,1
15437,2356,265,1
15438,2351,284,1
15439,2352,284,1
15440,2353,284,1
15441,2354,284,1
15442,2355,284,1
15443,2356,284,1
15444,2580,251,3
15445,2581,251,3
15446,2583,251,3
15447,2582,251,3
15448,2579,252,3
15449,2580,252,3
15450,2654,151,1
15451,2581,252,3
15452,2582,252,3
15453,2583,252,3
15454,2801,298,2
15455,2655,151,1
15456,2806,151,2
15457,2806,154,2
15458,2464,185,2
15459,2806,157,3
15460,2658,151,1
15461,2465,185,2
15462,2806,163,1
15463,2466,185,1
15464,2467,185,1
15465,2659,151,1
15466,2806,175,1
15467,2808,151,2
15468,2808,154,2
15469,2652,154,1
15470,2808,157,1
15471,2654,154,3
15472,2468,185,2
15473,2470,185,2
15474,2464,186,1
15475,2465,186,1
15476,2655,154,2
15477,2467,186,1
15478,2657,154,2
15479,2470,186,2
15480,2658,154,1
15481,2659,154,1
15482,2652,157,2
15483,2464,188,2
15484,2465,188,1
15485,2654,157,1
15486,2808,160,1
15487,2470,188,2
15488,2464,189,2
15489,2465,189,2
15490,2808,178,2
15491,2810,151,3
15492,2810,154,3
15493,2810,157,1
15494,2470,189,2
15495,2470,190,3
15496,2810,160,3
15497,2464,190,2
15498,2810,163,2
15499,2465,190,1
15500,2813,151,3
15501,2584,226,2
15502,2813,154,2
15503,2813,157,3
15504,2580,253,3
15505,2813,160,2
15506,2655,157,1
15507,2464,192,1
15508,2655,160,1
15509,2465,192,1
15510,2581,253,3
15511,2813,163,2
15512,2582,253,3
15513,2655,166,1
15514,2583,253,2
15515,2655,169,2
15516,2470,192,1
15517,2464,193,2
15518,2465,193,2
15519,2655,184,1
15520,2466,193,1
15521,2467,193,1
15522,2635,249,2
15523,2468,193,1
15524,2657,157,2
15525,2579,260,3
15526,2817,151,3
15527,2470,193,1
15528,2817,154,2
15529,2580,260,2
15530,2635,250,1
15531,2464,194,1
15532,2583,260,2
15533,2657,163,1
15534,2465,194,1
15535,2466,194,1
15536,2657,169,1
15537,2467,194,1
15538,2817,157,3
15539,2635,251,1
15540,2817,160,2
15541,2789,159,3
15542,2468,194,1
15543,2635,254,1
15544,2776,210,2
15545,2817,163,1
15546,2586,227,2
15547,2635,255,3
15548,2470,194,1
15549,2817,175,1
15550,2635,256,1
15551,2635,258,1
15552,2793,165,3
15553,2635,259,1
15554,2820,151,3
15555,2776,212,3
15556,2464,195,1
15557,2579,254,2
15558,2465,195,1
15559,2466,195,1
15560,2586,276,3
15561,2467,195,1
15562,2776,213,3
15563,2820,154,2
15564,2468,195,1
15565,2470,195,1
15566,2586,278,3
15567,2820,157,2
15568,2794,165,3
15569,2657,184,1
15570,2464,196,3
15571,2465,196,3
15572,2794,162,2
15573,2820,160,2
15574,2466,196,2
15575,2579,255,2
15576,2467,196,2
15577,2776,215,2
15578,2820,175,1
15579,2468,196,1
15580,2790,298,2
15581,2583,256,2
15582,2795,174,2
15583,2470,196,3
15584,2584,224,3
15585,2776,216,2
15586,2795,156,3
15587,2584,225,3
15588,2658,157,2
15589,2796,298,3
15590,2584,227,3
15591,2649,249,2
15592,2584,228,3
15593,2649,250,2
15594,2649,251,2
15595,2649,252,1
15596,2776,217,2
15597,2649,253,1
15598,2649,254,1
15599,2658,160,1
15600,2798,298,1
15601,2776,219,2
15602,2658,163,2
15603,2776,220,2
15604,2658,166,1
15605,2799,298,2
15606,2776,209,2
15607,2649,255,2
15608,2649,256,1
15609,2781,209,2
15610,2649,257,1
15611,2649,258,1
15612,2782,209,2
15613,2649,260,1
15614,2783,209,2
15615,2651,249,3
15616,2658,169,2
15617,2784,209,2
15618,2651,250,2
15619,2651,251,2
15620,2791,209,2
15621,2651,252,2
15622,2651,254,1
15623,2651,255,2
15624,2796,299,3
15625,2781,210,2
15626,2651,260,1
15627,2658,181,1
15628,2782,210,2
15629,2658,184,2
15630,2783,210,2
15631,2784,210,2
15632,2659,157,1
15633,2706,163,1
15634,2801,299,2
15635,2659,160,2
15636,2791,210,2
15637,2659,163,2
15638,2659,166,1
15639,2653,249,2
15640,2653,250,1
15641,2653,251,1
15642,2706,172,1
15643,2653,252,1
15644,2781,212,3
15645,2782,212,3
15646,2659,181,1
15647,2653,254,2
15648,2653,255,3
15649,2659,184,2
15650,2783,212,3
15651,2653,258,1
15652,2784,212,3
15653,2653,260,1
15654,2791,212,3
15655,2656,249,1
15656,2656,250,2
15657,2656,251,1
15658,2781,215,2
15659,2782,215,2
15660,2656,254,2
15661,2656,255,1
15662,2704,184,1
15663,2783,215,2
15664,2656,256,1
15665,2704,157,1
15666,2784,215,2
15667,2656,258,2
15668,2791,215,2
15669,2656,260,1
15670,2707,249,1
15671,2796,300,3
15672,2707,250,1
15673,2707,251,2
15674,2707,252,1
15675,2707,253,1
15676,2798,300,1
15677,2707,254,1
15678,2707,255,3
15679,2707,256,1
15680,2799,300,3
15681,2707,257,1
15682,2707,258,1
15683,2707,259,1
15684,2801,300,2
15685,2781,216,2
15686,2707,260,1
15687,2782,216,2
15688,2783,216,2
15689,2784,216,2
15690,2796,301,3
15691,2791,216,2
15692,2798,301,1
15693,2584,229,3
15694,2781,217,2
15695,2799,301,2
15696,2801,301,3
15697,2799,302,2
15698,2458,209,1
15699,2458,210,1
15700,2801,302,2
15701,2458,211,1
15702,2796,303,1
15703,2781,220,2
15704,2585,278,3
15705,2782,220,2
15706,2799,303,2
15707,2458,213,1
15708,2585,224,3
15709,2783,220,2
15710,2458,214,1
15711,2784,220,2
15712,2796,304,3
15713,2585,225,3
15714,2791,220,2
15715,2798,304,1
15716,2868,149,2
15717,2799,304,2
15718,2871,152,3
15719,2871,155,2
15720,2868,161,1
15721,2874,161,2
15722,2877,167,2
15723,2796,306,2
15724,2871,170,3
15725,2870,182,3
15726,2799,306,3
15727,2508,237,2
15728,2510,237,2
15729,2511,237,2
15730,2512,237,2
15731,2513,237,2
15732,2801,306,2
15733,2514,237,2
15734,2508,238,2
15735,2510,238,3
15736,2511,238,3
15737,2512,238,3
15738,2801,307,2
15739,2513,238,3
15740,2514,238,3
15741,2508,239,2
15742,2510,239,2
15743,2511,239,2
15744,2212,224,3
15745,2512,239,2
15746,2513,239,2
15747,2514,239,2
15748,2508,240,3
15749,2510,240,3
15750,2511,240,3
15751,2512,240,3
15752,2513,240,3
15753,2514,240,3
15754,2508,241,3
15755,2212,225,1
15756,2510,241,3
15757,2511,241,3
15758,2512,241,3
15759,2889,149,3
15760,2513,241,3
15761,2896,161,2
15762,2514,241,3
15763,2804,157,1
15764,2890,167,2
15765,2811,209,3
15766,2889,176,3
15767,2896,170,3
15768,2894,155,2
15769,2508,242,2
15770,2807,172,1
15771,2212,226,3
15772,2902,149,3
15773,2816,209,2
15774,2510,242,2
15775,2905,155,3
15776,2511,242,2
15777,2807,178,1
15778,2908,161,2
15779,2512,242,2
15780,2821,209,3
15781,2458,215,1
15782,2902,167,2
15783,2513,242,2
15784,2835,156,1
15785,2910,158,2
15786,2514,242,2
15787,2823,209,3
15788,2912,176,2
15789,2812,151,2
15790,2905,179,2
15791,2508,243,3
15792,2825,209,3
15793,2902,182,2
15794,2510,243,3
15795,2818,154,2
15796,2511,243,3
15797,2912,149,2
15798,2512,243,3
15799,2212,227,2
15800,2836,162,3
15801,2905,170,3
15802,2818,157,2
15803,2513,243,3
15804,2514,243,3
15805,2811,210,3
15806,2508,244,1
15807,2818,163,2
15808,2464,197,1
15809,2510,244,1
15810,2511,244,1
15811,2837,177,2
15812,2512,244,1
15813,2513,244,1
15814,2824,163,2
15815,2514,244,1
15816,2508,245,1
15817,2585,227,2
15818,2824,166,3
15819,2510,245,1
15820,2764,163,1
15821,2511,245,1
15822,2512,245,1
15823,2769,166,1
15824,2458,216,1
15825,2824,178,2
15826,2513,245,1
15827,2585,229,2
15828,2458,217,1
15829,2838,177,2
15830,2763,169,1
15831,2514,245,1
15832,2811,212,3
15833,2585,230,1
15834,2771,172,1
15835,2458,218,2
15836,2508,246,1
15837,2811,213,3
15838,2458,219,1
15839,2774,175,1
15840,2510,246,1
15841,2458,220,2
15842,2764,178,1
15843,2511,246,2
15844,2763,181,1
15845,2512,246,2
15846,2513,246,2
15847,2769,184,1
15848,2514,246,2
15849,2508,247,3
15850,2844,157,1
15851,2510,247,3
15852,2459,209,1
15853,2511,247,3
15854,2811,220,3
15855,2847,172,1
15856,2512,247,3
15857,2843,151,1
15858,2459,211,1
15859,2847,178,1
15860,2513,247,3
15861,2514,247,3
15862,2459,213,1
15863,2508,248,1
15864,2849,151,2
15865,2459,214,1
15866,2510,248,1
15867,2511,248,1
15868,2459,215,1
15869,2512,248,1
15870,2586,230,2
15871,2851,154,2
15872,2459,216,1
15873,2513,248,1
15874,2459,217,1
15875,2851,157,2
15876,2514,248,1
15877,2586,232,3
15878,2851,163,2
15879,2843,157,2
15880,2811,215,2
15881,2459,219,1
15882,2843,163,3
15883,2670,157,1
15884,2466,197,1
15885,2459,220,1
15886,2853,163,2
15887,2843,166,1
15888,2670,166,1
15889,2853,166,3
15890,2661,169,2
15891,2212,229,3
15892,2843,172,1
15893,2811,216,2
15894,2853,178,2
15895,2679,172,2
15896,2212,230,3
15897,2663,175,2
15898,2843,178,2
15899,2679,181,2
15900,2843,184,3
15901,2663,184,1
15902,2816,210,2
15903,2858,151,1
15904,2858,157,2
15905,2839,177,3
15906,2821,210,3
15907,2586,224,3
15908,2823,210,3
15909,2586,225,3
15910,2460,210,1
15911,2460,211,1
15912,2586,226,1
15913,2825,210,3
15914,2460,212,1
15915,2817,166,1
15916,2586,228,1
15917,2858,154,1
15918,2810,169,2
15919,2808,172,2
15920,2460,213,1
15921,2813,178,2
15922,2816,212,2
15923,2858,163,3
15924,2460,215,1
15925,2810,181,1
15926,2858,166,1
15927,2848,237,1
15928,2817,184,1
15929,2858,169,1
15930,2460,216,1
15931,2848,238,2
15932,2858,172,1
15933,2460,217,1
15934,2848,239,2
15935,2858,175,1
15936,2821,212,2
15937,2848,240,1
15938,2460,218,1
15939,2584,249,2
15940,2460,219,1
15941,2848,241,1
15942,2460,220,1
15943,2585,249,2
15944,2850,237,2
15945,2850,238,2
15946,2708,321,2
15947,2858,178,2
15948,2586,249,2
15949,2850,239,3
15950,2850,242,1
15951,2907,237,1
15952,2587,249,3
15953,2909,237,1
15954,2587,228,3
15955,2850,248,1
15956,2858,181,2
15957,2911,237,1
15958,2587,250,2
15959,2858,184,3
15960,2854,248,2
15961,2917,237,1
15962,2854,237,2
15963,2913,237,1
15964,2914,237,1
15965,2587,251,1
15966,2858,160,1
15967,2854,238,2
15968,2587,252,2
15969,2823,212,3
15970,2854,239,3
15971,2907,238,1
15972,2854,240,2
15973,2825,212,3
15974,2854,241,2
15975,2461,210,1
15976,2854,242,1
15977,2461,211,2
15978,2909,238,1
15979,2854,243,1
15980,2461,212,1
15981,2587,254,2
15982,2461,213,1
15983,2911,238,2
15984,2913,238,2
15985,2461,214,1
15986,2587,255,3
15987,2461,215,1
15988,2914,238,2
15989,2587,229,3
15990,2461,216,1
15991,2917,238,1
15992,2587,230,3
15993,2816,215,3
15994,2461,219,1
15995,2587,232,3
15996,2587,258,1
15997,2859,151,1
15998,2855,237,3
15999,2461,220,1
16000,2855,238,2
16001,2859,154,1
16002,2855,239,3
16003,2587,260,2
16004,2859,157,2
16005,2840,183,1
16006,2855,240,1
16007,2587,276,3
16008,2907,240,3
16009,2859,160,1
16010,2855,241,2
16011,2909,240,3
16012,2859,163,3
16013,2855,242,1
16014,2911,240,3
16015,2913,240,3
16016,2859,166,1
16017,2587,277,3
16018,2914,240,3
16019,2855,243,1
16020,2917,240,3
16021,2859,169,1
16022,2587,278,3
16023,2907,241,3
16024,2909,241,3
16025,2584,250,3
16026,2911,241,3
16027,2913,241,3
16028,2859,175,1
16029,2914,241,3
16030,2917,241,3
16031,2859,178,2
16032,2584,252,3
16033,2907,242,1
16034,2859,181,2
16035,2909,242,1
16036,2857,237,3
16037,2859,184,3
16038,2585,252,3
16039,2911,242,1
16040,2857,238,3
16041,2913,242,1
16042,2857,239,2
16043,2914,242,1
16044,2917,242,1
16045,2857,240,2
16046,2588,252,3
16047,2462,209,1
16048,2864,151,2
16049,2907,243,1
16050,2821,215,3
16051,2909,243,1
16052,2857,241,1
16053,2864,154,2
16054,2911,243,1
16055,2864,157,3
16056,2913,243,2
16057,2823,215,3
16058,2462,210,1
16059,2864,160,1
16060,2914,243,1
16061,2917,243,2
16062,2864,163,3
16063,2462,211,1
16064,2907,244,1
16065,2864,166,1
16066,2909,244,2
16067,2864,169,2
16068,2584,253,1
16069,2462,215,1
16070,2864,175,1
16071,2462,217,1
16072,2864,178,3
16073,2913,244,1
16074,2864,181,2
16075,2864,184,3
16076,2584,255,3
16077,2907,247,1
16078,2913,247,1
16079,2865,151,2
16080,2462,219,1
16081,2865,154,1
16082,2584,251,2
16083,2865,157,2
16084,2865,160,1
16085,2865,163,2
16086,2891,237,3
16087,2895,237,3
16088,2940,249,3
16089,2865,166,1
16090,2898,237,3
16091,2900,237,3
16092,2463,209,1
16093,2865,169,2
16094,2901,237,3
16095,2903,237,3
16096,2463,210,1
16097,2865,175,1
16098,2590,251,2
16099,2951,250,3
16100,2865,178,3
16101,2891,238,3
16102,2463,211,1
16103,2865,181,2
16104,2895,238,3
16105,2898,238,3
16106,2865,184,3
16107,2900,238,3
16108,2901,238,3
16109,2951,251,3
16110,2843,154,1
16111,2903,238,3
16112,2463,213,1
16113,2843,160,1
16114,2891,239,2
16115,2463,214,2
16116,2895,239,2
16117,2843,175,1
16118,2585,250,2
16119,2898,239,2
16120,2957,251,3
16121,2463,215,2
16122,2843,181,2
16123,2900,239,2
16124,2901,239,2
16125,2903,239,2
16126,2463,216,1
16127,2843,169,2
16128,2463,217,1
16129,2891,240,2
16130,2957,250,3
16131,2895,240,1
16132,2463,218,1
16133,2463,219,1
16134,2588,257,1
16135,2898,240,2
16136,2900,240,2
16137,2463,220,2
16138,2590,257,1
16139,2901,240,1
16140,2959,251,3
16141,2903,240,2
16142,2825,215,3
16143,2959,252,3
16144,2816,216,2
16145,2966,252,2
16146,2821,216,2
16147,2823,216,2
16148,2586,256,1
16149,2891,241,3
16150,2825,216,2
16151,2895,241,3
16152,2966,249,3
16153,2898,241,3
16154,2900,241,3
16155,2966,251,3
16156,2901,241,3
16157,2585,260,3
16158,2948,237,3
16159,2949,237,3
16160,2950,237,2
16161,2816,220,3
16162,2952,237,3
16163,2821,220,3
16164,2955,237,3
16165,2590,259,1
16166,2823,220,3
16167,2956,237,2
16168,2825,220,3
16169,2956,238,2
16170,2948,238,3
16171,2949,238,2
16172,2950,238,3
16173,2952,238,3
16174,2639,249,3
16175,2639,250,3
16176,2955,238,3
16177,2639,251,3
16178,2639,252,2
16179,2955,239,3
16180,2956,239,2
16181,2948,239,3
16182,2949,239,2
16183,2639,258,3
16184,2950,239,1
16185,2952,239,3
16186,2640,249,3
16187,2640,250,3
16188,2955,240,3
16189,2956,240,2
16190,2640,251,3
16191,2640,252,2
16192,2948,240,2
16193,2949,240,1
16194,2950,240,1
16195,2640,258,3
16196,2952,240,2
16197,2641,249,3
16198,2641,250,3
16199,2641,251,3
16200,2641,252,2
16201,2956,241,2
16202,2903,241,3
16203,2641,258,3
16204,2948,241,3
16205,2949,241,2
16206,2903,242,1
16207,2950,241,3
16208,2643,258,3
16209,2891,242,1
16210,2895,242,1
16211,2952,241,3
16212,2898,242,1
16213,2643,249,3
16214,2900,242,1
16215,2955,241,3
16216,2643,250,3
16217,2901,242,1
16218,2956,242,1
16219,2643,251,3
16220,2891,243,1
16221,2895,243,1
16222,2948,242,2
16223,2643,252,2
16224,2898,243,1
16225,2900,243,1
16226,2949,242,1
16227,2901,243,1
16228,2903,243,1
16229,2950,242,2
16230,2952,242,3
16231,2955,242,2
16232,2955,243,2
16233,2605,249,3
16234,2956,243,1
16235,2948,243,2
16236,2949,243,1
16237,2605,250,3
16238,2950,243,2
16239,2952,243,3
16240,2955,244,3
16241,2605,252,2
16242,2956,244,3
16243,2948,244,3
16244,2949,244,3
16245,2950,244,3
16246,2605,254,1
16247,2952,244,3
16248,2605,255,2
16249,2955,245,2
16250,2605,256,2
16251,2956,245,3
16252,2948,245,2
16253,2949,245,2
16254,2950,245,2
16255,2952,245,3
16256,2606,257,1
16257,2955,246,2
16258,2956,246,3
16259,2610,257,2
16260,2948,246,3
16261,2949,246,2
16262,2611,257,2
16263,2950,246,3
16264,2952,246,3
16265,2612,257,2
16266,2605,257,3
16267,2607,252,2
16268,2607,250,2
16269,2606,251,1
16270,2610,254,1
16271,2607,254,1
16272,2948,247,2
16273,2612,254,3
16274,2949,247,2
16275,2949,248,2
16276,2605,253,1
16277,2950,247,3
16278,2952,247,2
16279,2955,247,2
16280,2956,247,2
16281,2950,248,3
16282,2952,248,2
16283,2606,260,1
16284,2955,248,2
16285,2956,248,3
16286,2948,248,2
16287,2607,259,2
16288,2611,258,1
16289,2665,150,3
16290,2665,153,2
16291,2665,156,3
16292,2665,183,1
16293,2556,149,3
16294,2556,152,2
16295,2556,155,3
16296,2556,182,1
16297,2667,150,2
16298,2557,149,2
16299,2667,153,3
16300,2557,152,3
16301,2557,158,2
16302,2667,159,2
16303,2667,162,2
16304,2557,161,2
16305,2557,167,1
16306,2667,168,1
16307,2668,153,3
16308,2558,152,3
16309,2668,156,2
16310,2558,155,2
16311,2668,159,2
16312,2558,158,2
16313,2558,161,1
16314,2668,162,1
16315,2797,309,3
16316,3016,309,2
16317,3018,309,1
16318,3027,309,2
16319,2993,237,3
16320,2993,238,3
16321,2993,239,3
16322,2993,240,3
16323,2993,241,2
16324,2993,242,1
16325,2993,243,2
16326,2993,245,1
16327,2993,246,2
16328,2993,247,2
16329,2993,248,2
16330,2995,237,3
16331,2995,238,2
16332,2995,239,3
16333,2995,240,3
16334,2995,241,2
16335,2995,242,2
16336,3027,310,2
16337,2995,243,1
16338,2995,244,1
16339,2995,245,1
16340,2995,246,2
16341,2995,247,1
16342,2995,248,1
16343,2996,237,3
16344,3016,310,1
16345,2996,238,2
16346,3018,310,1
16347,2996,239,3
16348,3019,310,2
16349,2996,240,2
16350,3027,311,3
16351,2996,241,2
16352,2797,311,2
16353,3016,311,3
16354,2996,243,1
16355,3019,311,1
16356,2996,245,1
16357,2996,246,1
16358,2996,247,1
16359,2996,248,2
16360,2998,237,3
16361,2998,238,3
16362,2998,239,3
16363,2998,240,3
16364,3016,312,1
16365,3018,312,2
16366,3019,312,2
16367,2797,313,2
16368,3018,313,1
16369,3027,313,3
16370,2797,314,1
16371,3019,314,2
16372,3027,314,1
16373,2998,241,3
16374,3016,315,2
16375,3019,315,2
16376,2998,242,2
16377,2797,316,1
16378,2998,243,2
16379,2998,244,2
16380,3016,316,1
16381,2998,245,2
16382,2998,246,2
16383,3019,316,3
16384,2998,247,1
16385,2998,248,2
16386,2797,317,3
16387,3018,317,1
16388,3013,242,3
16389,3027,317,1
16390,2797,318,3
16391,3013,244,3
16392,3016,318,2
16393,3013,245,3
16394,3013,246,3
16395,3018,318,1
16396,3013,248,2
16397,3019,318,1
16398,3021,237,1
16399,3021,238,1
16400,3021,239,3
16401,3021,240,2
16402,3021,241,2
16403,3021,242,1
16404,3016,319,1
16405,3018,319,2
16406,3021,243,3
16407,3027,319,2
16408,3021,246,1
16409,3021,247,2
16410,3021,248,1
16411,2458,249,1
16412,2458,250,1
16413,2458,251,2
16414,2458,254,1
16415,2458,255,2
16416,2458,256,1
16417,2458,257,3
16418,2458,258,2
16419,2458,259,1
16420,2458,260,2
16421,2459,251,1
16422,2459,254,1
16423,2459,255,1
16424,2459,256,1
16425,2459,257,1
16426,2459,259,1
16427,2459,260,2
16428,2460,254,1
16429,2460,255,2
16430,2460,256,1
16431,2460,257,1
16432,2460,258,1
16433,2460,259,1
16434,2460,260,1
16435,2461,251,1
16436,2461,252,1
16437,2461,254,1
16438,2461,255,1
16439,2461,256,3
16440,2461,257,1
16441,2461,259,1
16442,2461,260,1
16443,2462,249,1
16444,2462,250,1
16445,2462,254,1
16446,2040,224,3
16447,2462,255,1
16448,2462,256,1
16449,2040,225,3
16450,2462,257,1
16451,2462,258,2
16452,2040,226,1
16453,2462,259,3
16454,2040,227,2
16455,2462,260,1
16456,2040,228,2
16457,2463,250,1
16458,2463,253,1
16459,2463,254,2
16460,2463,255,2
16461,2463,256,3
16462,2463,257,2
16463,2463,258,1
16464,2463,259,1
16465,2463,260,1
16466,2635,224,1
16467,2651,224,1
16468,2653,224,1
16469,2707,224,1
16470,2707,229,2
16471,2707,230,2
16472,2656,224,1
16473,2656,225,1
16474,2656,226,2
16475,2656,230,2
16476,2653,230,2
16477,2651,230,2
16478,2649,230,2
16479,2635,230,2
16480,2971,350,3
16481,2975,350,3
16482,2976,350,3
16483,2979,350,3
16484,2982,350,3
16485,3070,209,3
16486,2971,351,2
16487,3070,210,1
16488,3070,211,3
16489,3070,212,2
16490,2975,351,2
16491,2976,351,3
16492,2979,351,3
16493,2982,351,3
16494,2971,352,3
16495,2975,352,3
16496,2976,352,3
16497,2979,352,3
16498,2982,352,3
16499,3071,211,3
16500,2971,353,3
16501,2975,353,3
16502,2976,353,3
16503,2979,353,3
16504,2982,353,3
16505,2971,354,2
16506,2975,354,2
16507,2976,354,2
16508,2979,354,2
16509,2982,354,2
16510,2971,355,2
16511,3073,211,2
16512,2975,355,2
16513,2976,355,3
16514,3074,211,2
16515,2979,355,3
16516,2982,355,3
16517,3075,212,2
16518,3075,211,3
16519,2971,356,1
16520,2975,356,1
16521,2976,356,1
16522,2979,356,1
16523,2982,356,1
16524,2971,357,3
16525,2975,357,3
16526,2976,357,3
16527,2979,357,3
16528,2982,357,3
16529,2971,358,3
16530,2975,358,3
16531,2976,358,3
16532,2979,358,3
16533,2982,358,3
16534,2971,359,2
16535,2975,359,2
16536,2976,359,2
16537,2979,359,2
16538,2982,359,2
16539,2971,360,2
16540,2975,360,2
16541,2976,360,2
16542,2979,360,2
16543,2982,360,2
16544,2298,237,2
16545,3036,247,3
16546,3035,237,2
16547,3035,238,2
16548,3035,239,3
16549,3035,240,2
16550,3035,241,2
16551,3035,244,1
16552,3035,245,1
16553,3035,247,1
16554,3035,248,1
16555,3036,237,3
16556,3036,238,3
16557,3036,239,3
16558,3036,240,3
16559,3036,241,2
16560,3036,243,1
16561,3036,244,2
16562,3037,237,2
16563,3037,238,3
16564,3037,239,3
16565,3037,240,2
16566,3037,241,2
16567,3037,242,1
16568,3037,243,2
16569,3037,247,1
16570,3039,237,1
16571,3039,238,1
16572,3039,239,2
16573,3039,242,2
16574,3039,243,1
16575,3040,239,1
16576,3040,241,1
16577,3040,245,1
16578,3040,246,3
16579,3040,247,2
16580,3040,248,3
16581,2213,224,3
16582,2213,226,1
16583,2213,227,2
16584,2213,229,1
16585,2213,230,2
16586,2217,224,2
16587,2220,224,2
16588,2221,224,2
16589,2217,226,2
16590,2220,226,2
16591,2221,226,2
16592,2217,228,2
16593,2220,228,2
16594,2221,228,2
16595,2217,229,2
16596,3044,238,2
16597,2220,229,2
16598,3044,239,3
16599,2221,229,2
16600,3044,241,1
16601,3044,242,1
16602,3044,243,1
16603,3044,245,2
16604,3044,246,3
16605,3044,247,3
16606,3045,237,2
16607,3045,238,1
16608,3045,239,2
16609,3045,240,1
16610,3045,241,3
16611,3045,242,1
16612,3045,245,2
16613,3045,246,1
16614,3045,247,2
16615,3046,237,2
16616,3046,238,3
16617,3046,239,2
16618,3046,240,2
16619,3046,241,3
16620,3046,246,2
16621,3049,237,2
16622,3049,238,1
16623,3049,239,1
16624,3049,240,1
16625,3049,241,1
16626,3049,245,3
16627,3049,246,2
16628,3049,247,1
16629,3051,238,2
16630,3051,239,2
16631,3051,240,1
16632,3051,241,2
16633,3051,245,2
16634,3051,247,2
16635,3060,350,1
16636,3060,351,2
16637,3060,352,2
16638,3060,353,3
16639,3060,354,1
16640,3060,355,2
16641,3060,356,2
16642,3060,357,2
16643,3060,358,2
16644,3061,350,2
16645,3061,351,1
16646,3061,353,2
16647,3061,354,2
16648,3061,355,3
16649,3061,358,2
16650,3062,350,3
16651,3062,351,3
16652,3062,352,3
16653,3062,353,1
16654,3062,354,2
16655,3062,355,2
16656,3062,358,2
16657,3063,350,2
16658,3063,351,2
16659,3063,352,1
16660,3063,353,2
16661,3063,354,3
16662,3063,355,3
16663,3063,358,1
16664,3064,351,3
16665,3064,352,3
16666,3064,353,2
16667,3064,354,3
16668,3064,355,1
16669,3064,357,1
16670,3060,360,1
16671,3062,360,1
16672,3064,360,1
16673,3061,359,2
16674,3065,350,1
16675,3065,351,2
16676,3065,352,3
16677,3065,353,2
16678,3065,354,3
16679,3065,358,1
16680,3065,359,1
16681,3065,360,1
16682,3066,360,2
16683,3066,350,3
16684,3066,351,3
16685,3066,352,3
16686,3066,353,2
16687,3066,354,3
16688,3066,355,2
16689,3066,358,1
16690,3067,351,2
16691,3067,352,3
16692,3067,353,2
16693,3067,354,1
16694,3067,358,1
16695,3067,360,1
16696,3068,350,1
16697,3068,351,3
16698,3068,352,1
16699,3068,353,3
16700,3068,354,2
16701,3068,355,1
16702,3068,356,1
16703,3068,357,2
16704,3068,358,2
16705,3068,359,1
16706,3068,360,3
16707,3115,224,2
16708,3069,350,2
16709,3069,351,3
16710,3069,352,3
16711,3069,353,3
16712,3069,354,3
16713,3069,355,2
16714,3116,224,2
16715,3069,358,2
16716,3117,224,2
16717,3145,224,2
16718,3146,224,2
16719,3147,224,2
16720,3115,225,2
16721,3116,225,2
16722,3117,225,2
16723,3145,225,2
16724,3146,225,2
16725,3147,225,2
16726,2960,197,3
16727,2962,197,3
16728,2968,197,3
16729,2970,197,3
16730,3115,227,2
16731,2964,197,3
16732,3116,227,2
16733,3117,227,2
16734,3145,227,2
16735,3146,227,2
16736,2960,198,3
16737,3147,227,2
16738,2962,198,3
16739,2968,198,2
16740,2970,198,2
16741,3115,228,1
16742,2964,198,3
16743,3116,228,1
16744,3117,228,1
16745,3145,228,1
16746,2960,199,3
16747,3146,228,1
16748,2962,199,3
16749,3147,228,1
16750,2968,199,3
16751,2970,199,3
16752,2960,200,3
16753,2962,200,2
16754,2968,200,2
16755,2970,200,2
16756,2960,201,2
16757,2962,201,3
16758,2964,201,3
16759,2968,201,1
16760,2960,202,3
16761,2962,202,2
16762,3115,232,1
16763,2970,202,1
16764,3116,232,1
16765,3117,232,1
16766,3145,232,1
16767,2960,203,3
16768,3146,232,1
16769,2962,203,2
16770,3147,232,1
16771,2968,203,3
16772,2960,204,2
16773,2962,204,2
16774,2962,205,2
16775,2964,205,1
16776,2968,205,2
16777,2960,206,2
16778,2970,206,2
16779,2960,207,1
16780,2960,208,2
16781,2964,208,2
16782,2968,208,2
16783,2970,208,1
16784,3153,237,1
16785,3148,237,1
16786,3149,237,1
16787,3150,237,2
16788,3151,237,2
16789,3152,237,3
16790,3148,238,2
16791,3148,239,2
16792,3148,240,3
16793,3148,241,3
16794,3148,242,3
16795,3148,243,3
16796,3148,244,2
16797,3148,245,2
16798,3148,246,1
16799,3148,247,2
16800,3148,248,3
16801,3149,238,2
16802,3149,248,2
16803,3149,240,1
16804,3149,241,1
16805,3149,242,3
16806,3149,243,1
16807,3149,244,2
16808,3149,245,3
16809,3149,246,1
16810,3149,247,1
16811,3150,238,3
16812,3150,239,2
16813,3150,240,2
16814,3150,241,1
16815,3150,242,2
16816,3150,243,1
16817,3150,244,1
16818,3150,245,1
16819,3150,247,3
16820,3150,248,3
16821,3151,238,3
16822,3151,239,1
16823,3151,241,2
16824,3151,242,2
16825,3151,243,1
16826,3151,244,1
16827,3151,245,1
16828,3151,246,2
16829,3151,247,1
16830,3151,248,3
16831,3152,238,3
16832,3152,239,2
16833,3152,240,2
16834,3152,241,3
16835,3152,242,2
16836,3152,243,2
16837,3152,244,1
16838,3152,245,2
16839,3152,246,1
16840,3152,247,3
16841,3152,248,3
16842,3153,238,2
16843,3153,239,2
16844,3153,240,2
16845,3153,241,1
16846,3153,242,3
16847,3153,243,3
16848,3153,244,1
16849,3153,246,1
16850,3153,247,1
16851,3153,248,2
16852,3155,298,2
16853,3156,299,2
16854,3157,299,2
16855,3158,301,2
16856,3156,301,2
16857,3159,301,2
16858,3159,302,1
16859,3170,151,2
16860,3173,163,2
16861,3170,178,3
16862,3174,175,3
16863,3173,184,2
16864,3175,154,3
16865,3174,169,2
16866,3171,172,3
16867,2468,197,1
16868,2470,197,2
16869,2464,198,1
16870,2465,198,2
16871,2466,198,1
16872,2468,198,1
16873,2470,198,3
16874,2464,199,1
16875,2465,199,1
16876,2467,199,2
16877,2468,199,2
16878,2470,199,3
16879,2464,200,1
16880,2465,200,2
16881,2466,200,1
16882,2468,200,1
16883,2470,200,2
16884,2470,201,3
16885,2464,201,1
16886,2465,201,1
16887,2465,202,2
16888,2466,202,1
16889,2467,202,2
16890,2997,151,1
16891,2997,157,2
16892,2997,160,1
16893,2997,163,3
16894,2997,169,1
16895,2997,178,3
16896,2997,184,1
16897,2999,151,2
16898,2999,160,2
16899,2671,150,3
16900,2559,149,3
16901,2559,152,2
16902,2671,153,2
16903,2999,163,2
16904,2671,156,3
16905,2559,155,3
16906,2999,178,2
16907,2671,159,2
16908,2559,158,2
16909,2999,184,1
16910,2559,161,1
16911,2671,162,1
16912,2559,164,1
16913,2671,165,1
16914,2671,168,1
16915,2559,167,1
16916,2559,176,2
16917,2671,177,2
16918,3200,151,1
16919,3204,157,2
16920,3201,163,2
16921,3203,169,2
16922,3200,175,2
16923,3001,151,2
16924,3202,178,2
16925,3205,184,3
16926,2675,150,3
16927,2560,149,3
16928,3001,154,1
16929,2675,153,3
16930,2560,152,3
16931,2560,155,3
16932,2675,156,3
16933,3001,160,3
16934,3001,163,3
16935,2675,159,2
16936,2560,158,2
16937,2675,162,1
16938,2560,161,1
16939,2560,164,1
16940,3001,178,3
16941,2675,165,1
16942,3001,181,1
16943,2675,168,1
16944,2560,167,1
16945,2860,150,3
16946,3001,184,2
16947,2675,171,1
16948,2560,170,1
16949,3005,184,1
16950,2863,150,2
16951,2675,177,1
16952,2560,176,1
16953,2867,150,2
16954,2675,180,1
16955,2560,179,1
16956,3005,160,3
16957,2675,183,1
16958,2560,182,1
16959,3005,163,3
16960,3005,178,1
16961,2564,149,2
16962,2678,150,2
16963,2678,153,3
16964,2564,152,3
16965,2678,156,3
16966,2564,155,3
16967,3006,154,1
16968,3006,160,1
16969,3006,163,3
16970,2873,150,1
16971,3006,184,1
16972,3199,184,1
16973,2678,159,3
16974,2564,158,3
16975,3199,160,2
16976,3199,163,3
16977,2678,162,3
16978,2564,161,3
16979,2678,165,1
16980,2564,164,1
16981,3199,178,2
16982,2564,167,1
16983,2678,168,1
16984,2885,150,2
16985,2564,170,1
16986,2678,171,1
16987,2664,321,1
16988,2678,177,1
16989,2564,176,1
16990,2678,180,1
16991,2564,179,1
16992,2564,182,1
16993,2678,183,1
16994,2860,153,2
16995,2863,153,1
16996,2867,153,1
16997,2873,153,1
16998,2885,153,3
16999,2867,156,1
17000,2873,156,1
17001,2880,156,2
17002,2867,159,1
17003,2664,324,2
17004,2829,150,2
17005,2860,162,2
17006,2863,162,2
17007,2830,156,3
17008,2867,162,1
17009,2664,327,2
17010,2873,162,3
17011,2831,162,2
17012,2880,162,2
17013,2885,162,2
17014,2664,328,3
17015,2664,329,2
17016,2664,330,3
17017,2664,331,3
17018,2666,320,2
17019,2860,168,1
17020,2863,168,1
17021,2867,168,2
17022,2873,168,2
17023,2666,321,2
17024,2880,168,1
17025,2885,168,1
17026,2863,171,1
17027,2867,171,2
17028,2873,171,1
17029,2880,171,1
17030,2885,171,1
17031,2860,174,1
17032,2706,154,2
17033,2867,174,2
17034,2706,157,1
17035,2873,174,2
17036,2706,160,2
17037,2880,174,2
17038,2885,174,2
17039,2706,184,1
17040,2704,160,2
17041,2704,172,1
17042,2702,169,1
17043,2863,180,1
17044,2832,162,1
17045,2833,150,1
17046,2885,180,1
17047,2702,163,1
17048,2834,156,2
17049,2702,175,1
17050,2700,160,2
17051,2700,172,1
17052,2788,149,1
17053,2666,324,3
17054,2378,254,1
17055,2381,255,1
17056,2377,258,2
17057,2378,260,3
17058,2860,183,3
17059,2863,183,2
17060,2867,183,2
17061,2666,325,1
17062,2880,183,1
17063,2885,183,1
17064,3118,280,2
17065,3119,280,2
17066,3120,280,3
17067,3121,280,3
17068,3122,280,3
17069,3123,280,2
17070,3118,281,2
17071,3119,281,3
17072,2666,327,1
17073,2666,328,1
17074,3120,281,3
17075,3121,281,2
17076,3122,281,2
17077,3123,281,2
17078,3118,282,2
17079,3119,282,2
17080,3120,282,3
17081,3121,282,2
17082,3122,282,3
17083,3123,282,2
17084,3083,185,3
17085,3084,185,3
17086,3086,185,3
17087,2666,330,2
17088,3089,185,3
17089,2800,155,3
17090,3090,185,3
17091,3091,185,3
17092,3118,283,2
17093,3083,186,3
17094,3119,283,2
17095,2666,331,3
17096,3120,283,2
17097,3121,283,3
17098,3122,283,2
17099,2669,320,3
17100,2669,321,2
17101,2669,322,1
17102,2669,323,1
17103,3084,186,3
17104,2669,324,2
17105,3086,186,3
17106,3086,188,3
17107,3086,187,3
17108,2803,149,2
17109,3083,188,3
17110,3083,189,3
17111,3084,188,3
17112,2669,328,2
17113,2669,329,2
17114,2669,330,2
17115,3084,189,3
17116,2669,331,2
17117,3089,186,3
17118,3089,188,3
17119,3089,189,3
17120,3123,283,3
17121,3118,284,2
17122,3090,186,3
17123,3119,284,3
17124,3090,187,3
17125,3090,188,3
17126,3120,284,2
17127,3121,284,2
17128,3090,189,3
17129,3122,284,2
17130,3091,186,3
17131,3123,284,2
17132,3118,285,2
17133,3091,188,3
17134,3119,285,2
17135,3091,189,3
17136,3120,285,2
17137,3121,285,2
17138,2814,152,2
17139,3122,285,2
17140,3123,285,2
17141,3118,286,2
17142,2814,155,1
17143,3119,286,3
17144,3120,286,3
17145,3121,286,2
17146,3122,286,2
17147,3123,286,2
17148,3118,287,2
17149,3119,287,2
17150,3120,287,2
17151,2672,320,2
17152,3121,287,2
17153,3122,287,2
17154,3123,287,2
17155,3118,293,2
17156,3119,293,2
17157,3120,293,2
17158,3121,293,2
17159,3122,293,2
17160,3123,293,2
17161,3118,295,2
17162,3119,295,2
17163,3120,295,2
17164,3121,295,2
17165,3097,185,2
17166,3122,295,2
17167,3098,185,2
17168,3099,185,3
17169,3100,185,3
17170,3123,295,2
17171,3101,185,2
17172,3099,187,3
17173,3118,296,2
17174,3100,187,2
17175,3101,187,3
17176,3102,187,2
17177,3119,296,2
17178,3120,296,2
17179,3098,186,3
17180,3121,296,3
17181,3099,186,2
17182,3100,186,2
17183,3122,296,2
17184,3101,186,3
17185,3102,186,3
17186,3123,296,2
17187,3118,297,2
17188,3102,188,3
17189,3100,194,2
17190,3119,297,3
17191,3120,297,2
17192,3121,297,2
17193,3122,297,3
17194,3123,297,2
17195,3000,149,3
17196,3004,149,2
17197,3118,209,2
17198,3119,209,2
17199,3120,209,3
17200,3121,209,2
17201,3121,210,2
17202,3122,209,2
17203,3123,209,2
17204,3122,210,2
17205,3123,210,3
17206,2814,161,1
17207,3118,210,2
17208,2819,155,3
17209,3120,210,2
17210,3119,210,2
17211,3118,211,1
17212,3119,211,2
17213,2826,173,1
17214,3211,319,1
17215,3120,211,2
17216,3121,211,2
17217,3012,149,2
17218,2540,309,3
17219,3003,152,1
17220,2541,309,2
17221,3012,152,3
17222,3000,152,2
17223,2540,310,2
17224,3010,155,2
17225,3004,155,1
17226,3219,309,3
17227,3004,158,1
17228,3220,309,2
17229,3000,161,2
17230,3221,309,3
17231,3222,309,3
17232,3223,309,2
17233,3003,161,2
17234,3008,161,3
17235,3219,310,2
17236,3220,310,1
17237,3004,167,2
17238,3221,310,3
17239,3008,167,2
17240,3222,310,3
17241,3223,310,1
17242,3219,311,1
17243,3220,311,1
17244,3003,170,1
17245,3221,311,3
17246,3004,170,2
17247,3103,185,1
17248,3104,185,2
17249,3222,311,2
17250,3105,185,2
17251,3223,311,2
17252,3106,185,2
17253,3107,185,2
17254,3219,312,2
17255,3108,185,3
17256,3004,173,2
17257,3220,312,1
17258,2780,182,1
17259,3221,312,2
17260,2672,321,2
17261,3222,312,3
17262,2777,149,2
17263,3118,220,2
17264,3008,173,1
17265,3223,312,3
17266,3119,220,2
17267,3120,220,2
17268,2777,152,1
17269,3219,313,3
17270,3000,182,2
17271,3220,313,2
17272,3121,220,2
17273,3221,313,2
17274,3122,220,2
17275,3222,313,2
17276,3123,220,2
17277,3223,313,2
17278,3118,219,3
17279,2778,152,2
17280,3003,182,2
17281,3219,314,1
17282,3119,219,2
17283,3004,182,2
17284,3010,182,1
17285,3120,219,2
17286,3012,182,1
17287,3121,219,3
17288,3220,314,2
17289,3122,219,2
17290,3123,219,2
17291,3118,218,2
17292,3119,218,2
17293,3120,218,2
17294,3103,186,3
17295,3121,218,2
17296,3221,314,2
17297,3122,218,2
17298,3123,218,3
17299,3223,315,2
17300,3118,212,2
17301,3103,187,3
17302,3118,213,2
17303,3103,188,3
17304,3222,314,2
17305,3118,214,2
17306,3103,189,3
17307,3118,215,3
17308,3223,314,1
17309,3118,216,2
17310,3103,190,3
17311,3219,315,1
17312,3118,217,3
17313,3119,212,2
17314,3119,213,2
17315,3104,186,3
17316,3119,214,2
17317,3119,215,2
17318,3104,187,3
17319,3119,216,2
17320,3222,315,1
17321,3119,217,2
17322,3219,316,2
17323,3120,212,2
17324,3104,188,3
17325,3220,316,3
17326,3120,213,2
17327,3104,189,3
17328,3221,316,2
17329,3104,190,3
17330,3222,316,3
17331,3223,316,3
17332,3120,214,2
17333,3219,317,1
17334,3120,215,2
17335,3105,186,2
17336,3220,317,1
17337,3105,187,2
17338,3221,317,1
17339,3222,317,2
17340,3105,188,2
17341,3223,317,3
17342,3105,189,2
17343,3220,318,1
17344,3105,190,2
17345,3221,318,1
17346,3106,186,2
17347,3222,318,3
17348,3223,318,3
17349,3106,187,2
17350,3106,188,3
17351,3219,319,2
17352,3220,319,1
17353,3121,216,2
17354,3121,217,2
17355,3221,319,2
17356,3106,189,3
17357,3120,217,2
17358,3222,319,2
17359,3120,216,2
17360,3106,190,3
17361,3223,319,1
17362,3121,212,2
17363,3107,186,2
17364,3121,213,2
17365,3107,187,2
17366,3107,188,3
17367,2985,149,2
17368,3107,189,3
17369,3121,214,2
17370,2987,149,1
17371,3107,190,3
17372,2988,149,1
17373,2991,149,3
17374,2992,149,3
17375,3108,186,3
17376,3108,187,3
17377,3108,188,3
17378,3121,215,2
17379,3122,211,2
17380,3108,189,3
17381,3108,190,3
17382,3108,191,2
17383,2985,155,3
17384,3123,211,2
17385,3108,192,2
17386,2778,158,2
17387,3108,193,3
17388,2778,161,3
17389,2778,164,1
17390,3108,196,3
17391,3122,212,2
17392,2990,155,2
17393,3122,213,2
17394,3122,214,2
17395,2987,158,2
17396,2672,323,1
17397,2990,158,3
17398,2992,158,3
17399,2985,161,3
17400,3123,212,2
17401,3123,213,2
17402,3123,214,2
17403,2842,260,1
17404,3122,215,2
17405,3123,215,2
17406,3122,216,2
17407,3122,217,2
17408,2988,161,3
17409,3123,216,3
17410,2672,324,1
17411,3123,217,2
17412,2991,161,3
17413,2779,149,3
17414,2992,161,2
17415,3225,150,3
17416,3225,153,3
17417,2743,151,1
17418,2780,152,3
17419,2780,155,3
17420,2780,158,1
17421,2780,161,2
17422,2990,164,1
17423,3225,159,2
17424,2780,167,1
17425,2842,249,3
17426,2780,170,2
17427,2780,173,3
17428,2842,251,2
17429,2842,252,1
17430,2842,253,1
17431,2842,254,1
17432,2842,255,1
17433,3225,162,2
17434,3225,165,2
17435,2842,250,3
17436,2785,155,3
17437,2845,249,3
17438,2845,250,3
17439,2845,251,2
17440,2985,170,1
17441,2845,252,2
17442,2845,253,2
17443,2938,249,2
17444,2845,254,1
17445,2672,328,2
17446,2938,250,2
17447,2990,170,2
17448,2938,255,1
17449,2845,259,1
17450,2985,173,1
17451,2786,170,2
17452,2938,258,2
17453,2938,260,3
17454,2991,173,2
17455,2939,249,2
17456,2992,173,2
17457,2939,250,3
17458,2939,251,1
17459,2939,253,1
17460,2852,249,3
17461,2939,255,1
17462,2852,250,3
17463,2852,251,2
17464,2939,257,2
17465,2987,176,1
17466,2939,259,1
17467,2852,252,2
17468,2852,253,2
17469,2947,249,1
17470,2743,157,1
17471,2947,251,2
17472,2987,179,1
17473,2985,182,3
17474,2852,254,1
17475,2987,182,2
17476,2947,252,3
17477,2988,182,2
17478,2852,260,1
17479,2856,249,3
17480,2992,182,1
17481,2856,250,3
17482,2672,329,1
17483,2856,251,3
17484,2856,252,2
17485,2947,255,1
17486,2672,330,2
17487,2672,331,1
17488,2856,253,2
17489,3225,183,2
17490,2856,254,2
17491,2947,256,1
17492,2947,258,2
17493,2856,258,1
17494,2947,260,2
17495,2953,249,1
17496,2953,250,2
17497,2856,259,2
17498,2856,260,1
17499,3216,249,3
17500,3216,250,3
17501,3226,150,2
17502,3216,251,3
17503,2988,152,3
17504,3226,153,3
17505,2743,160,1
17506,3216,252,1
17507,3216,253,1
17508,3226,159,2
17509,3226,183,2
17510,2987,167,1
17511,3216,254,1
17512,3216,258,1
17513,3227,150,3
17514,3216,260,1
17515,3227,153,3
17516,3227,156,2
17517,2743,178,1
17518,3227,159,3
17519,2743,184,2
17520,2953,252,1
17521,3227,165,2
17522,2953,253,1
17523,2953,255,2
17524,2674,320,3
17525,2674,321,2
17526,2953,256,1
17527,2674,324,1
17528,2953,258,3
17529,2674,328,1
17530,2674,329,1
17531,2744,151,1
17532,2744,157,1
17533,2674,330,2
17534,2953,260,2
17535,2674,331,2
17536,3212,249,3
17537,3218,249,3
17538,3212,250,2
17539,3218,250,3
17540,3218,251,3
17541,3218,252,1
17542,3218,253,2
17543,3212,251,1
17544,3212,252,2
17545,3212,253,1
17546,3218,254,1
17547,3218,255,2
17548,3212,254,1
17549,3218,256,1
17550,3218,260,1
17551,3212,255,1
17552,3212,257,1
17553,3212,258,2
17554,3212,259,2
17555,3212,260,2
17556,3213,249,3
17557,3213,250,2
17558,3213,251,1
17559,3218,257,1
17560,3213,252,2
17561,3213,253,2
17562,3213,254,1
17563,3213,256,1
17564,2841,151,1
17565,2846,151,1
17566,3025,151,1
17567,3025,157,1
17568,3028,160,1
17569,3028,163,1
17570,3213,257,1
17571,3028,151,1
17572,3213,258,1
17573,3028,154,1
17574,3213,259,1
17575,3213,260,1
17576,2841,160,1
17577,2841,163,1
17578,2841,166,1
17579,2680,320,1
17580,3009,151,1
17581,3009,154,1
17582,3009,157,1
17583,2958,249,1
17584,2958,250,3
17585,3214,249,3
17586,3214,250,3
17587,2958,251,1
17588,3214,251,1
17589,3214,252,2
17590,2958,253,1
17591,3214,253,3
17592,3214,254,1
17593,2680,321,1
17594,2958,254,2
17595,2958,256,1
17596,3253,237,1
17597,3253,238,1
17598,2958,258,2
17599,3214,255,1
17600,2958,260,1
17601,3253,239,3
17602,2965,249,1
17603,3214,257,2
17604,2680,324,1
17605,2965,250,2
17606,3253,240,2
17607,3214,258,2
17608,3253,241,2
17609,3253,242,1
17610,2965,251,3
17611,3214,259,2
17612,3253,243,2
17613,3214,260,2
17614,2965,253,2
17615,3253,244,3
17616,2965,255,1
17617,3253,245,2
17618,2965,256,1
17619,3253,246,2
17620,3253,247,2
17621,2965,259,2
17622,3253,248,2
17623,3215,249,2
17624,2680,328,2
17625,3215,250,2
17626,3256,237,1
17627,3215,251,2
17628,2965,260,1
17629,3256,238,1
17630,3215,252,2
17631,2680,330,2
17632,3256,239,2
17633,3215,253,2
17634,2680,331,1
17635,3256,240,2
17636,3256,241,1
17637,3256,242,2
17638,3215,255,1
17639,3256,243,1
17640,3256,244,2
17641,3256,245,2
17642,3215,257,1
17643,3256,246,2
17644,3256,247,2
17645,3215,258,2
17646,3256,248,1
17647,3215,259,2
17648,3140,224,3
17649,3215,260,2
17650,3257,238,1
17651,3141,224,3
17652,3257,239,2
17653,3142,224,3
17654,3257,240,2
17655,3143,224,3
17656,3257,241,1
17657,3144,224,3
17658,3257,242,2
17659,3257,243,1
17660,3257,244,2
17661,3264,224,3
17662,3257,245,2
17663,3257,246,2
17664,3217,249,3
17665,3257,247,2
17666,3257,248,3
17667,3217,250,2
17668,3217,251,1
17669,3258,238,1
17670,3217,252,3
17671,3258,239,2
17672,3258,240,2
17673,3217,253,2
17674,3258,241,3
17675,3258,242,2
17676,3258,243,2
17677,3258,244,2
17678,3258,246,2
17679,3258,247,1
17680,3217,257,2
17681,3258,248,2
17682,3217,258,2
17683,3258,237,1
17684,3217,259,1
17685,3258,245,1
17686,3217,260,1
17687,3261,237,1
17688,3261,238,1
17689,3261,239,2
17690,3217,254,1
17691,3261,240,2
17692,3261,241,2
17693,3224,249,2
17694,3261,242,1
17695,3261,243,2
17696,3224,250,3
17697,3261,244,2
17698,3261,245,2
17699,3261,246,1
17700,3261,247,2
17701,3261,248,2
17702,3268,237,1
17703,3268,238,1
17704,3268,239,1
17705,3268,240,2
17706,3268,241,2
17707,3268,242,2
17708,3268,243,3
17709,3224,251,2
17710,3268,245,2
17711,3224,252,2
17712,3268,246,2
17713,3224,253,2
17714,3268,247,2
17715,2879,150,2
17716,3224,254,1
17717,3268,244,2
17718,3224,255,1
17719,3268,248,2
17720,3224,257,2
17721,3224,258,2
17722,3224,259,2
17723,3224,260,2
17724,2468,202,1
17725,2464,203,1
17726,2881,180,2
17727,2467,203,1
17728,2468,203,2
17729,2466,203,1
17730,2464,204,3
17731,2465,204,1
17732,2466,204,1
17733,2467,204,1
17734,2468,204,1
17735,2470,204,1
17736,2464,205,1
17737,2466,205,1
17738,2467,205,1
17739,2468,205,1
17740,2470,206,2
17741,2464,206,3
17742,2465,206,2
17743,2466,206,2
17744,2467,206,3
17745,2468,206,2
17746,2470,207,2
17747,2464,207,1
17748,2465,207,1
17749,2467,207,1
17750,2568,150,3
17751,2464,208,1
17752,2470,208,2
17753,2568,153,2
17754,2568,156,3
17755,2542,309,3
17756,2568,159,1
17757,2568,162,2
17758,2543,309,2
17759,2544,309,3
17760,3211,309,1
17761,2541,310,1
17762,2568,177,1
17763,2542,310,2
17764,2568,183,2
17765,2543,310,1
17766,2569,150,3
17767,2569,153,2
17768,2544,310,2
17769,3270,249,3
17770,3211,310,2
17771,2569,156,2
17772,2540,311,1
17773,3272,249,2
17774,2541,311,1
17775,3273,249,3
17776,2569,162,1
17777,3274,249,3
17778,2542,311,1
17779,2543,311,2
17780,3275,249,3
17781,2544,311,3
17782,3276,249,3
17783,2570,150,2
17784,3211,311,1
17785,3270,250,2
17786,3272,250,3
17787,3273,250,2
17788,3274,250,2
17789,2570,153,2
17790,3275,250,2
17791,3276,250,3
17792,2540,312,1
17793,2570,156,2
17794,2541,312,1
17795,2542,312,2
17796,2543,312,2
17797,2544,312,3
17798,2570,159,2
17799,3211,312,1
17800,2540,313,1
17801,2541,313,1
17802,3270,251,2
17803,2542,313,2
17804,3272,251,1
17805,2543,313,2
17806,2544,313,3
17807,3211,313,2
17808,2570,162,1
17809,2540,314,3
17810,2570,165,1
17811,3273,251,1
17812,2541,314,1
17813,3274,251,2
17814,2542,314,1
17815,2570,171,1
17816,3275,251,2
17817,2543,314,1
17818,2544,314,2
17819,2570,177,1
17820,3211,314,2
17821,3276,251,1
17822,2570,183,1
17823,2541,315,1
17824,2542,315,1
17825,2543,315,2
17826,2544,315,2
17827,3211,315,1
17828,2540,316,3
17829,2541,316,2
17830,2542,316,1
17831,2543,316,1
17832,2544,316,1
17833,3211,316,1
17834,3270,252,3
17835,3272,252,3
17836,2541,317,1
17837,2542,317,3
17838,3273,252,3
17839,2543,317,3
17840,3274,252,3
17841,2544,317,2
17842,3275,252,3
17843,3276,252,3
17844,3270,253,3
17845,3272,253,2
17846,3273,253,2
17847,3274,253,2
17848,3275,253,3
17849,3276,253,2
17850,3211,317,3
17851,2541,318,1
17852,3270,254,2
17853,2542,318,2
17854,3272,254,1
17855,2543,318,1
17856,3273,254,2
17857,2544,318,1
17858,3274,254,2
17859,3275,254,1
17860,3276,254,1
17861,3017,149,2
17862,3020,149,2
17863,2540,319,2
17864,2541,319,1
17865,2542,319,2
17866,3017,152,1
17867,3020,152,2
17868,2543,319,1
17869,2544,319,1
17870,3024,155,2
17871,3017,158,1
17872,3022,161,1
17873,3024,164,2
17874,2918,251,2
17875,3023,164,1
17876,3026,167,1
17877,2915,250,1
17878,3017,170,1
17879,2921,249,2
17880,2921,250,2
17881,2921,251,3
17882,3270,258,1
17883,3272,258,1
17884,3024,176,1
17885,3273,258,1
17886,3274,258,1
17887,2921,253,3
17888,3275,258,1
17889,3276,258,1
17890,2924,251,2
17891,2924,253,3
17892,2925,257,3
17893,2925,258,2
17894,3276,259,1
17895,3270,259,1
17896,2925,259,3
17897,3272,259,1
17898,3273,259,1
17899,3274,259,1
17900,2925,249,1
17901,3275,259,1
17902,2925,250,1
17903,2925,251,2
17904,3270,260,1
17905,3272,260,1
17906,3273,260,1
17907,3274,260,1
17908,3275,260,1
17909,3276,260,1
17910,3273,256,1
17911,3270,255,1
17912,3276,257,1
17913,2882,150,3
17914,2882,153,2
17915,2571,150,2
17916,2571,153,2
17917,2571,156,2
17918,2571,159,1
17919,3286,186,3
17920,2571,162,2
17921,3285,186,2
17922,2571,183,3
17923,3281,187,1
17924,2572,150,1
17925,2572,153,2
17926,2572,156,2
17927,2572,162,2
17928,2572,183,2
17929,2573,150,2
17930,2573,153,2
17931,2573,156,2
17932,2573,162,1
17933,2573,183,2
17934,2561,149,1
17935,3299,151,3
17936,3299,154,3
17937,3299,157,3
17938,3299,160,1
17939,3269,320,2
17940,3299,163,2
17941,3299,166,1
17942,3299,169,1
17943,3299,175,1
17944,3299,178,3
17945,3299,181,2
17946,3299,184,1
17947,3269,321,2
17948,3269,327,1
17949,3269,328,2
17950,3269,330,1
17951,3269,331,1
17952,3271,320,1
17953,3271,321,1
17954,3271,324,2
17955,3271,328,1
17956,3271,330,1
17957,3271,331,2
17958,3277,320,2
17959,3277,321,3
17960,3277,324,2
17961,3277,328,1
17962,2882,165,2
17963,3277,330,1
17964,3277,331,3
17965,2882,180,2
17966,2882,183,1
17967,3315,150,2
17968,3310,150,1
17969,3310,153,1
17970,3310,159,1
17971,3310,162,2
17972,3310,165,2
17973,3310,168,1
17974,3310,171,1
17975,3310,174,1
17976,3310,180,1
17977,3311,150,1
17978,3311,153,1
17979,3311,156,1
17980,3311,159,1
17981,3311,162,1
17982,3311,165,1
17983,3311,171,1
17984,3311,180,1
17985,3312,150,1
17986,3312,153,1
17987,3312,159,1
17988,3312,165,1
17989,2567,152,1
17990,2567,155,1
17991,3312,180,1
17992,3313,150,1
17993,2563,158,1
17994,3313,153,1
17995,3313,159,1
17996,3313,162,1
17997,2563,161,1
17998,2567,161,1
17999,3313,177,1
18000,2561,164,1
18001,3228,150,3
18002,2561,167,1
18003,3314,150,2
18004,3314,153,1
18005,3314,156,1
18006,3314,162,1
18007,3314,168,1
18008,3228,153,3
18009,3315,153,2
18010,3228,159,2
18011,3228,165,2
18012,3315,156,1
18013,3315,159,1
18014,3228,168,2
18015,3228,183,2
18016,3315,165,1
18017,3315,171,1
18018,3229,150,2
18019,3315,177,1
18020,3229,153,2
18021,3229,159,2
18022,3229,162,2
18023,3229,165,1
18024,3229,171,2
18025,3229,183,2
18026,3230,150,3
18027,3230,153,3
18028,3347,151,1
18029,3300,151,3
18030,3347,154,1
18031,3300,154,3
18032,3230,183,2
18033,3300,160,1
18034,3347,157,1
18035,3300,163,2
18036,3347,160,1
18037,3300,178,3
18038,3300,181,2
18039,3301,151,3
18040,3301,154,3
18041,3301,160,1
18042,3301,163,2
18043,3301,178,3
18044,3301,181,2
18045,3302,151,3
18046,3302,154,3
18047,3302,160,1
18048,3302,163,2
18049,3302,178,3
18050,3302,181,2
18051,3303,151,3
18052,3303,154,3
18053,3303,160,1
18054,3303,163,2
18055,3303,178,3
18056,3303,181,2
18057,3304,151,3
18058,3304,154,3
18059,3304,160,1
18060,3304,163,2
18061,3304,178,3
18062,3304,181,2
18063,2884,159,1
18064,2884,162,1
18065,2886,150,1
18066,2351,209,3
18067,2351,210,2
18068,2351,212,1
18069,2351,213,1
18070,2352,213,1
18071,2352,209,3
18072,2352,210,2
18073,2352,212,1
18074,2353,209,3
18075,2353,210,2
18076,2353,212,1
18077,2353,213,1
18078,2354,209,3
18079,2354,210,2
18080,2354,212,1
18081,2354,213,1
18082,2355,209,3
18083,2355,210,2
18084,2355,212,1
18085,2355,213,1
18086,2356,209,3
18087,2356,210,2
18088,2356,212,1
18089,2356,213,1
18090,3350,152,2
18091,3350,155,2
18092,3350,158,1
18093,3350,167,1
18094,3350,182,2
18095,2886,156,1
18096,2886,159,1
18097,2886,162,3
18098,3278,320,2
18099,2886,177,3
18100,2886,180,2
18101,3278,321,2
18102,2887,150,1
18103,2887,153,1
18104,3278,324,2
18105,3278,328,2
18106,3278,330,2
18107,2887,159,1
18108,2887,168,1
18109,3278,331,3
18110,3279,320,1
18111,3279,321,2
18112,2887,177,3
18113,2881,150,2
18114,2881,156,2
18115,2881,162,2
18116,3279,324,1
18117,3279,328,2
18118,3279,330,3
18119,3279,331,2
18120,3321,150,1
18121,3321,153,1
18122,3280,320,2
18123,3280,321,2
18124,3280,324,2
18125,3280,328,1
18126,3280,330,1
18127,3280,331,2
18128,2961,198,1
18129,2961,208,2
18130,2906,156,3
18131,3154,151,1
18132,3193,151,1
18133,3195,151,2
18134,3196,151,1
18135,3321,156,1
18136,3154,166,1
18137,3193,166,2
18138,3195,166,2
18139,2906,159,1
18140,3196,166,1
18141,3197,166,1
18142,2906,162,1
18143,3154,169,2
18144,3193,169,2
18145,2906,177,1
18146,3195,169,2
18147,3196,169,2
18148,3197,169,2
18149,3198,169,2
18150,2916,150,2
18151,3154,172,3
18152,2916,153,1
18153,3193,172,3
18154,2916,159,2
18155,3195,172,3
18156,3196,172,3
18157,3197,172,3
18158,3198,172,3
18159,2916,165,1
18160,2916,174,2
18161,2916,177,1
18162,2916,180,2
18163,2916,183,1
18164,2041,224,3
18165,2041,225,3
18166,2041,226,2
18167,2041,227,2
18168,2041,228,2
18169,2042,224,3
18170,2042,225,3
18171,2042,226,1
18172,2042,227,2
18173,2042,228,2
18174,2043,224,3
18175,2043,225,3
18176,2043,226,1
18177,2043,227,2
18178,2043,228,2
18179,2056,224,3
18180,2056,225,2
18181,2056,226,1
18182,2056,227,2
18183,2056,228,1
18184,2057,224,3
18185,2057,225,3
18186,2057,226,1
18187,2057,227,2
18188,2057,228,1
18189,2070,226,3
18190,2071,226,3
18191,2072,226,3
18192,2073,226,3
18193,2074,226,3
18194,2075,226,3
18195,2070,230,3
18196,2071,230,3
18197,2072,230,3
18198,2073,230,3
18199,2074,230,3
18200,2075,230,3
18201,2070,231,3
18202,2074,231,2
18203,2071,224,2
18204,2072,224,1
18205,2073,224,1
18206,2074,224,1
18207,2071,225,1
18208,2072,225,2
18209,2073,225,2
18210,2074,225,1
18211,2075,225,1
18212,2072,227,1
18213,2073,227,1
18214,2074,227,3
18215,2075,227,1
18216,2074,228,1
18217,2073,228,2
18218,2070,229,3
18219,2071,229,1
18220,2074,229,3
18221,2075,229,2
18222,2073,276,3
18223,2072,276,2
18224,2075,276,1
18225,2074,278,1
18226,3371,224,1
18227,3371,225,2
18228,3371,226,3
18229,3371,227,2
18230,3371,228,2
18231,3371,229,1
18232,3371,230,3
18233,3371,231,1
18234,3371,232,1
18235,3371,276,1
18236,3371,277,1
18237,3371,278,3
18238,3375,224,2
18239,3375,225,2
18240,3375,226,3
18241,3375,227,2
18242,3375,228,2
18243,3375,229,3
18244,3375,230,3
18245,3375,231,2
18246,3375,232,2
18247,3375,276,2
18248,3375,277,2
18249,3375,278,3
18250,3376,224,2
18251,3376,225,2
18252,3376,226,3
18253,3376,227,2
18254,3376,228,2
18255,3376,229,3
18256,3376,230,3
18257,3376,231,1
18258,3376,232,1
18259,3376,276,1
18260,3376,277,2
18261,3376,278,3
18262,3374,224,3
18263,3374,225,2
18264,3374,226,3
18265,3374,227,2
18266,3374,228,2
18267,3374,229,2
18268,3374,230,3
18269,3374,231,1
18270,3374,232,1
18271,3374,276,2
18272,3374,277,2
18273,3374,278,3
18274,3373,224,3
18275,3373,225,2
18276,3373,226,3
18277,3373,227,2
18278,3373,228,1
18279,3373,229,1
18280,3373,230,3
18281,3373,231,1
18282,3373,232,1
18283,3373,276,1
18284,3373,277,2
18285,3373,278,3
18286,3372,224,3
18287,3372,225,3
18288,3372,226,3
18289,3372,227,3
18290,3372,228,3
18291,3372,229,2
18292,3372,230,3
18293,3372,231,1
18294,3372,232,1
18295,3372,276,2
18296,3372,277,3
18297,3372,278,3
18298,2961,267,1
18299,2961,268,1
18300,2961,269,1
18301,2961,270,3
18302,2635,185,1
18303,2653,185,1
18304,2656,185,2
18305,2707,185,2
18306,2635,186,1
18307,2649,186,1
18308,2651,186,1
18309,2653,186,2
18310,2656,186,2
18311,2707,186,3
18312,2635,187,2
18313,2649,187,2
18314,2651,187,3
18315,2653,187,3
18316,2656,187,2
18317,2707,187,3
18318,2635,188,2
18319,2649,188,3
18320,2651,188,3
18321,2653,188,3
18322,2656,188,3
18323,2707,188,3
18324,2649,189,2
18325,2651,189,1
18326,2653,189,2
18327,2656,189,2
18328,2707,189,2
18329,2635,190,2
18330,2649,190,2
18331,2651,190,3
18332,2653,190,2
18333,2656,190,1
18334,2707,190,2
18335,2649,191,3
18336,2651,191,1
18337,2653,191,1
18338,2707,191,3
18339,2635,192,2
18340,2649,192,1
18341,2651,192,1
18342,2653,192,1
18343,2656,192,1
18344,2707,192,2
18345,2635,193,2
18346,2649,193,1
18347,2653,193,1
18348,2656,193,1
18349,2340,338,1
18350,2340,339,1
18351,2635,194,1
18352,2649,194,3
18353,2651,194,1
18354,2653,194,1
18355,2656,194,2
18356,2707,194,1
18357,2635,195,2
18358,2649,195,1
18359,2656,195,1
18360,2707,195,1
18361,2635,196,2
18362,2649,196,2
18363,3327,280,3
18364,2651,196,2
18365,3329,280,3
18366,2653,196,2
18367,3333,280,2
18368,2656,196,2
18369,2707,196,2
18370,3336,280,1
18371,3337,280,2
18372,3338,280,1
18373,3338,281,3
18374,3327,281,3
18375,3329,281,3
18376,3333,281,3
18377,3336,281,3
18378,3337,281,3
18379,3377,320,3
18380,3378,320,2
18381,3379,320,2
18382,3380,320,1
18383,3381,320,1
18384,3382,320,2
18385,3182,185,3
18386,3182,186,2
18387,3182,187,3
18388,3182,188,2
18389,3182,189,3
18390,3183,185,3
18391,3183,186,2
18392,3183,187,2
18393,3183,188,1
18394,3184,185,3
18395,3184,186,2
18396,3184,187,2
18397,3185,188,2
18398,3185,186,1
18399,3185,189,1
18400,3185,196,1
18401,3186,196,3
18402,3186,185,3
18403,3186,186,2
18404,3186,187,2
18405,3186,188,2
18406,2649,185,1
18407,2651,185,1
18408,2635,189,1
18409,2635,191,1
18410,2651,193,1
18411,2656,191,1
18412,2707,193,1
18413,2651,195,1
18414,2653,195,1
18415,2969,262,2
18416,2980,262,2
18417,2954,262,3
18418,2984,262,2
18419,2986,262,2
18420,2989,262,3
18421,2969,263,3
18422,2980,263,3
18423,2954,263,3
18424,2984,263,3
18425,2986,263,3
18426,2989,263,3
18427,2969,264,2
18428,2980,264,3
18429,2954,264,2
18430,2984,264,2
18431,2986,264,2
18432,2989,264,2
18433,2969,265,3
18434,2980,265,2
18435,2919,150,1
18436,2919,156,2
18437,2919,159,1
18438,2919,165,2
18439,2919,174,1
18440,2919,177,1
18441,2919,180,2
18442,2920,150,1
18443,2920,153,3
18444,2920,156,2
18445,2920,162,1
18446,2920,174,2
18447,2920,183,1
18448,2922,153,3
18449,2922,156,2
18450,2922,159,3
18451,2922,162,1
18452,2922,174,2
18453,2922,180,2
18454,2923,153,2
18455,2923,156,3
18456,2923,159,2
18457,2923,165,1
18458,3232,249,3
18459,3231,249,3
18460,3234,249,3
18461,3235,249,3
18462,3235,250,3
18463,3235,251,3
18464,3235,252,3
18465,3235,253,3
18466,2926,150,2
18467,3235,257,3
18468,2926,156,1
18469,3235,259,3
18470,3235,260,3
18471,2926,159,1
18472,3232,260,1
18473,3232,250,3
18474,3232,252,2
18475,2926,162,1
18476,3232,253,2
18477,3232,257,2
18478,3234,260,2
18479,3234,250,3
18480,3234,251,3
18481,3234,252,3
18482,3234,253,2
18483,3233,249,3
18484,3233,250,3
18485,3233,251,3
18486,3233,252,3
18487,3233,253,2
18488,3237,249,3
18489,3237,250,3
18490,3237,251,3
18491,3237,252,3
18492,3237,253,3
18493,3237,257,3
18494,3231,250,3
18495,3231,251,3
18496,3231,252,3
18497,3231,253,2
18498,2044,226,3
18499,2045,226,3
18500,2046,226,3
18501,2047,226,3
18502,2048,226,3
18503,2049,226,3
18504,2076,224,3
18505,2078,224,2
18506,2450,249,3
18507,2450,250,1
18508,2626,255,2
18509,3386,350,3
18510,3387,350,3
18511,3388,350,3
18512,3389,350,3
18513,3390,350,3
18514,3386,351,2
18515,3387,351,2
18516,3388,351,2
18517,3389,351,2
18518,3390,351,2
18519,3391,350,3
18520,3391,351,2
18521,2614,249,2
18522,2614,250,1
18523,3386,358,1
18524,3387,358,1
18525,3388,358,1
18526,3389,358,1
18527,3390,358,1
18528,3391,358,1
18529,2614,253,2
18530,2616,249,1
18531,2616,250,1
18532,2616,251,3
18533,2616,253,1
18534,2621,249,2
18535,2621,250,2
18536,2621,251,1
18537,2626,249,1
18538,2626,254,1
18539,2620,249,2
18540,2620,250,3
18541,2620,251,3
18542,2620,252,1
18543,2621,252,1
18544,2614,251,2
18545,2316,151,3
18546,2316,154,1
18547,2316,160,2
18548,2316,163,3
18549,2316,178,2
18550,2316,181,3
18551,2317,151,3
18552,2317,154,3
18553,2317,163,2
18554,2317,181,1
18555,2318,151,3
18556,2319,151,3
18557,2320,151,3
18558,2321,151,3
18559,2318,160,2
18560,2318,163,2
18561,2318,181,2
18562,2318,184,1
18563,2433,250,2
18564,2433,251,2
18565,2433,252,3
18566,2440,252,3
18567,2440,253,3
18568,2440,249,2
18569,2319,160,2
18570,2441,249,3
18571,2441,250,2
18572,2441,251,1
18573,2319,181,2
18574,2319,184,2
18575,2442,251,1
18576,2442,252,2
18577,2320,154,2
18578,2442,253,3
18579,2320,157,1
18580,2320,160,2
18581,2443,249,3
18582,2320,184,2
18583,2443,250,1
18584,2321,184,2
18585,2443,251,1
18586,2440,251,3
18587,2442,249,1
18588,2442,250,2
18589,2441,252,3
18590,2425,249,3
18591,2425,250,3
18592,2426,250,3
18593,2426,251,2
18594,2426,252,2
18595,2427,253,3
18596,2427,258,2
18597,2428,250,3
18598,2428,251,3
18599,2428,252,3
18600,3392,256,2
18601,3392,257,3
18602,3394,258,3
18603,3392,259,3
18604,2588,226,3
18605,2588,228,2
18606,2588,229,3
18607,2588,230,3
18608,2588,231,3
18609,2588,232,2
18610,2588,276,2
18611,2590,226,3
18612,2590,229,3
18613,2590,230,3
18614,2590,231,3
18615,2590,232,3
18616,2590,276,3
18617,2590,277,2
18618,2590,278,2
18619,2357,280,3
18620,3395,150,3
18621,3396,150,3
18622,3397,150,3
18623,3398,150,3
18624,3399,150,3
18625,3400,150,3
18626,3395,153,2
18627,3396,153,3
18628,3399,153,1
18629,3400,153,3
18630,3395,156,1
18631,3398,156,2
18632,3400,156,2
18633,3395,159,2
18634,3396,159,3
18635,3398,159,3
18636,3400,159,3
18637,3395,162,1
18638,3396,162,2
18639,3397,162,2
18640,3398,162,2
18641,3399,162,2
18642,3401,309,3
18643,3400,162,2
18644,3395,168,1
18645,3397,168,2
18646,2357,197,3
18647,2357,198,3
18648,3401,311,1
18649,3401,313,2
18650,2357,199,2
18651,2357,205,1
18652,2358,197,3
18653,2358,199,2
18654,3402,309,3
18655,3402,310,3
18656,3402,311,2
18657,2358,205,1
18658,3402,312,1
18659,2358,198,3
18660,2359,197,3
18661,2359,198,3
18662,2359,199,2
18663,2359,205,1
18664,2360,197,3
18665,2360,198,3
18666,2360,199,2
18667,3403,309,2
18668,2360,205,1
18669,3403,311,3
18670,3403,313,3
18671,2361,197,3
18672,2361,198,3
18673,3403,319,1
18674,2361,199,2
18675,3404,309,2
18676,3404,310,2
18677,3404,311,3
18678,3404,312,1
18679,3404,313,3
18680,2361,205,1
18681,3404,314,1
18682,2362,197,3
18683,3404,317,3
18684,3404,319,2
18685,3405,309,3
18686,2362,198,3
18687,3405,310,2
18688,3405,311,2
18689,3405,313,2
18690,2362,199,2
18691,3405,317,2
18692,3405,319,1
18693,2362,205,1
18694,2357,185,3
18695,2357,186,3
18696,2358,185,3
18697,2358,186,3
18698,2359,185,3
18699,2359,186,3
18700,2360,185,3
18701,2360,186,3
18702,2361,185,3
18703,2361,186,3
18704,2362,185,3
18705,2362,186,3
18706,3408,297,3
18707,3408,282,1
18708,3408,285,2
18709,3409,295,2
18710,3409,296,2
18711,3409,280,3
18712,3410,280,3
18713,3410,281,2
18714,3410,293,3
18715,3411,296,2
18716,3411,281,3
18717,3411,283,2
18718,3356,237,2
18719,3357,237,2
18720,3358,237,2
18721,3359,237,2
18722,3360,237,2
18723,3356,238,1
18724,3356,239,2
18725,3356,240,2
18726,3357,238,2
18727,3357,239,1
18728,3357,241,3
18729,3357,242,2
18730,3357,247,1
18731,3358,238,3
18732,3358,239,2
18733,3358,240,3
18734,3358,241,3
18735,2341,338,2
18736,2341,339,1
18737,2341,340,2
18738,2351,224,3
18739,2352,224,3
18740,2353,224,3
18741,2354,224,3
18742,2355,224,3
18743,2356,224,3
18744,2351,225,3
18745,2352,225,3
18746,2353,225,3
18747,2354,225,3
18748,2355,225,3
18749,2356,225,3
18750,2351,278,1
18751,2352,228,1
18752,2354,227,1
18753,2354,228,2
18754,3109,268,1
18755,3109,262,3
18756,3109,263,3
18757,3109,264,2
18758,2356,228,1
18759,3109,265,2
18760,3109,266,3
18761,3109,267,1
18762,3110,262,3
18763,3110,263,3
18764,3110,264,2
18765,3110,265,1
18766,3110,266,3
18767,3110,267,1
18768,3110,268,1
18769,3111,262,3
18770,3111,263,3
18771,3111,264,2
18772,3111,265,2
18773,3111,266,3
18774,3111,267,1
18775,3111,268,1
18776,2351,227,2
18777,3112,262,3
18778,3112,263,3
18779,2351,228,1
18780,3112,264,2
18781,3112,265,2
18782,3112,266,3
18783,2352,227,2
18784,3112,267,1
18785,3112,268,1
18786,2353,227,1
18787,3113,262,3
18788,2355,227,2
18789,3113,263,3
18790,3113,264,2
18791,2356,227,1
18792,3113,265,1
18793,2352,278,1
18794,3113,266,3
18795,2353,278,1
18796,3113,267,1
18797,3113,268,1
18798,2354,278,1
18799,2355,278,1
18800,2356,278,1
18801,3114,262,3
18802,3114,263,3
18803,3114,264,2
18804,3114,265,2
18805,3114,266,3
18806,3114,267,1
18807,3114,268,1
18808,2351,185,3
18809,2352,185,3
18810,2353,185,3
18811,2354,185,3
18812,2355,185,3
18813,2356,185,3
18814,2351,186,2
18815,2352,186,2
18816,2353,186,2
18817,2354,186,2
18818,2355,186,2
18819,2356,186,2
18820,3124,350,3
18821,3124,351,3
18822,3124,352,3
18823,3124,353,3
18824,3124,354,1
18825,3124,355,1
18826,3124,358,2
18827,3125,350,3
18828,3125,351,3
18829,3125,352,3
18830,2859,172,1
18831,3125,353,3
18832,2864,172,1
18833,3125,354,3
18834,3125,355,1
18835,3125,356,1
18836,3125,357,3
18837,3125,358,2
18838,3125,359,1
18839,2865,172,1
18840,3126,350,1
18841,3126,351,1
18842,3126,352,2
18843,3126,353,2
18844,3126,354,3
18845,3126,355,3
18846,3126,356,1
18847,3126,357,3
18848,3400,168,1
18849,3127,350,3
18850,3127,351,3
18851,2523,151,2
18852,3127,352,3
18853,3395,177,1
18854,3397,177,1
18855,2523,157,2
18856,2523,160,1
18857,2523,163,2
18858,3399,183,1
18859,2523,172,1
18860,3127,353,3
18861,2523,175,1
18862,3127,354,3
18863,2926,174,1
18864,3127,357,3
18865,3127,358,2
18866,2523,181,2
18867,2926,180,1
18868,3127,359,1
18869,2523,184,3
18870,2927,150,2
18871,2927,153,2
18872,2927,156,1
18873,2522,151,2
18874,2522,154,2
18875,2927,162,2
18876,2522,157,3
18877,2927,165,1
18878,2522,160,1
18879,2927,177,1
18880,2522,172,1
18881,2522,175,1
18882,2927,180,2
18883,2927,183,1
18884,2522,178,3
18885,2928,150,2
18886,2522,181,2
18887,2522,184,3
18888,2928,153,2
18889,2928,174,1
18890,2521,151,1
18891,2521,157,2
18892,2928,180,2
18893,2929,150,2
18894,2521,163,3
18895,2929,153,2
18896,2929,156,3
18897,2929,159,1
18898,2521,172,1
18899,2930,150,1
18900,2521,175,1
18901,2521,178,2
18902,2521,181,2
18903,2930,156,2
18904,2521,184,3
18905,2930,159,2
18906,2520,151,1
18907,2930,168,1
18908,2930,180,1
18909,2520,160,1
18910,2931,150,1
18911,2520,163,3
18912,2520,172,1
18913,2520,178,2
18914,2931,153,1
18915,2520,181,2
18916,2931,156,2
18917,2931,174,2
18918,2931,180,3
18919,2931,183,2
18920,2519,166,1
18921,2519,172,1
18922,2519,184,1
18923,2358,280,3
18924,2359,280,3
18925,2360,280,3
18926,2361,280,3
18927,2362,280,3
18928,2357,284,1
18929,2358,284,1
18930,2359,284,1
18931,2360,284,1
18932,2361,284,1
18933,2362,284,1
18934,2357,285,2
18935,2358,285,2
18936,2359,285,2
18937,2360,285,2
18938,2361,285,2
18939,2362,285,2
18940,2357,297,1
18941,2358,297,1
18942,2359,297,1
18943,2360,297,1
18944,2361,297,1
18945,2362,297,1
18946,2290,154,1
18947,2518,151,3
18948,2518,154,1
18949,2518,157,1
18950,2518,184,2
18951,2518,178,1
18952,2517,151,1
18953,2517,154,1
18954,2517,175,1
18955,2517,184,1
18956,2517,181,1
18957,2516,151,2
18958,2515,151,1
18959,2516,178,1
18960,2290,184,2
18961,2515,184,2
18962,2290,178,1
18963,2954,265,3
18964,2984,265,3
18965,2986,265,3
18966,2989,265,2
18967,2290,166,2
18968,2516,166,2
18969,2517,166,3
18970,2518,166,2
18971,2518,169,1
18972,3128,350,3
18973,3128,351,3
18974,3128,352,3
18975,3128,353,3
18976,3128,354,2
18977,3128,355,2
18978,3128,356,1
18979,3128,357,1
18980,3128,358,3
18981,3128,359,3
18982,3129,350,3
18983,2969,266,1
18984,2980,266,1
18985,3321,180,1
18986,2954,266,1
18987,2984,266,2
18988,2986,266,2
18989,2989,266,2
18990,3322,150,2
18991,3322,153,2
18992,3322,156,1
18993,2969,267,1
18994,2980,267,1
18995,2954,267,2
18996,2984,267,2
18997,2986,267,2
18998,2989,267,2
18999,2969,268,2
19000,2980,268,2
19001,3129,353,3
19002,3322,162,1
19003,3322,165,1
19004,2954,268,2
19005,3322,171,1
19006,3322,183,1
19007,3323,150,1
19008,3323,153,1
19009,3323,156,2
19010,2984,268,2
19011,2986,268,2
19012,2989,268,2
19013,3323,162,1
19014,2969,269,2
19015,2980,269,1
19016,3323,183,1
19017,2954,269,3
19018,2984,269,2
19019,2986,269,1
19020,2989,269,2
19021,2969,270,2
19022,2980,270,2
19023,2954,270,2
19024,2984,270,2
19025,2986,270,2
19026,3324,150,1
19027,3324,153,1
19028,3324,156,2
19029,2989,270,3
19030,2969,271,3
19031,3324,162,1
19032,2980,271,2
19033,2954,271,3
19034,2984,271,3
19035,3325,150,2
19036,2986,271,3
19037,3325,153,2
19038,2989,271,3
19039,3325,156,2
19040,3325,159,1
19041,3129,354,3
19042,3325,168,1
19043,3351,149,3
19044,3351,152,3
19045,2969,272,2
19046,3325,180,1
19047,3351,155,2
19048,3351,158,3
19049,3351,161,2
19050,3326,150,1
19051,3326,153,1
19052,3351,164,2
19053,2980,272,2
19054,3326,156,2
19055,2954,272,2
19056,3351,179,3
19057,2984,272,2
19058,2986,272,2
19059,3351,182,2
19060,3326,165,1
19061,2989,272,3
19062,3326,177,1
19063,2969,273,3
19064,3352,149,3
19065,2980,273,3
19066,2954,273,3
19067,2984,273,3
19068,3352,152,2
19069,2986,273,3
19070,2989,273,3
19071,3352,155,3
19072,3352,158,2
19073,3352,161,1
19074,3352,164,2
19075,3352,167,2
19076,3352,170,2
19077,3352,179,2
19078,3352,182,3
19079,3353,149,3
19080,3353,152,3
19081,3353,155,3
19082,3353,158,2
19083,3353,167,2
19084,3353,170,2
19085,3353,179,2
19086,3353,182,2
19087,3354,152,2
19088,3354,155,2
19089,3328,150,1
19090,3354,158,2
19091,3354,164,2
19092,3328,153,1
19093,3354,179,2
19094,3354,182,2
19095,3355,152,2
19096,3355,155,2
19097,3355,158,3
19098,3355,167,2
19099,3355,182,3
19100,3423,249,2
19101,3426,249,3
19102,3424,252,3
19103,3425,254,2
19104,3427,259,1
19105,3428,260,3
19106,3429,209,2
19107,3429,215,2
19108,3430,209,2
19109,3430,211,2
19110,3430,212,2
19111,3430,215,1
19112,3430,220,2
19113,3431,209,2
19114,3431,211,2
19115,3431,220,2
19116,3432,209,3
19117,3432,211,2
19118,3433,209,1
19119,3433,211,1
19120,3433,212,2
19121,3433,215,1
19122,3433,220,1
19123,3434,209,1
19124,3434,211,1
19125,3434,212,2
19126,3434,215,2
19127,3434,220,1
19128,3393,258,3
19129,3393,250,3
19130,3393,249,2
19131,2961,200,1
19132,2961,202,1
19133,2961,204,2
19134,3134,350,2
19135,3130,350,2
19136,3377,321,3
19137,3378,321,3
19138,3379,321,3
19139,3380,321,1
19140,3381,321,1
19141,3382,321,3
19142,3377,322,3
19143,3378,322,3
19144,3379,322,3
19145,3380,322,1
19146,3381,322,1
19147,3382,322,3
19148,3377,323,3
19149,3378,323,3
19150,3379,323,3
19151,3380,323,1
19152,3381,323,1
19153,3382,323,3
19154,3377,324,3
19155,3382,324,3
19156,3381,324,1
19157,3440,185,2
19158,3440,186,1
19159,3440,187,2
19160,3440,188,2
19161,3440,189,3
19162,3440,190,2
19163,3440,192,1
19164,3445,194,3
19165,3445,195,1
19166,3445,196,1
19167,3445,186,3
19168,3445,187,2
19169,3445,188,2
19170,3445,189,1
19171,3445,190,3
19172,3445,191,3
19173,3445,192,1
19174,3445,193,1
19175,3442,195,2
19176,3442,185,2
19177,3442,186,2
19178,3440,195,2
19179,3462,262,3
19180,3462,263,2
19181,3462,264,1
19182,3462,265,1
19183,3462,266,1
19184,3462,268,1
19185,3462,270,1
19186,3462,271,1
19187,3462,273,2
19188,3463,262,3
19189,3463,263,2
19190,3463,265,2
19191,3463,266,1
19192,3463,269,1
19193,3463,271,2
19194,3463,272,1
19195,3464,262,3
19196,3464,263,2
19197,3464,265,1
19198,3464,266,1
19199,3464,268,1
19200,3464,270,2
19201,3464,271,2
19202,3464,273,2
19203,3465,262,3
19204,3465,263,2
19205,3465,264,1
19206,3465,265,2
19207,3465,266,1
19208,3465,268,1
19209,3465,270,1
19210,3465,271,2
19211,3465,272,1
19212,3465,273,2
19213,3466,262,2
19214,3466,263,2
19215,3466,265,1
19216,3466,266,1
19217,3466,267,1
19218,3466,268,1
19219,3466,269,1
19220,3466,271,2
19221,3466,272,1
19222,3466,273,1
19223,3467,262,2
19224,3467,263,2
19225,3467,264,1
19226,3467,265,1
19227,3467,266,1
19228,3467,268,1
19229,3467,270,1
19230,3467,271,1
19231,3467,273,1
19232,3283,188,1
19233,3285,188,2
19234,3284,190,3
19235,3283,189,2
19236,3282,192,1
19237,2452,262,3
19238,2452,263,2
19239,2452,264,3
19240,2452,265,2
19241,2452,267,1
19242,2452,268,1
19243,2452,271,1
19244,2452,272,2
19245,2452,273,1
19246,2453,262,2
19247,2453,263,2
19248,2453,264,2
19249,2453,265,1
19250,2453,267,2
19251,2453,270,1
19252,2453,271,2
19253,2453,272,1
19254,2453,273,1
19255,2454,262,3
19256,2454,263,2
19257,2454,264,1
19258,2454,265,2
19259,2454,266,1
19260,2454,267,2
19261,2454,269,1
19262,2454,270,2
19263,2454,271,2
19264,2454,272,1
19265,2454,273,2
19266,2455,273,2
19267,2455,262,3
19268,2455,263,2
19269,2455,264,1
19270,2455,265,1
19271,2455,266,1
19272,2455,267,2
19273,2455,268,2
19274,2455,269,1
19275,2455,270,1
19276,2455,271,1
19277,2455,272,2
19278,2456,273,3
19279,2456,262,2
19280,2456,263,2
19281,2456,264,2
19282,2456,265,2
19283,2456,266,1
19284,2456,267,2
19285,2456,268,2
19286,2456,269,1
19287,2456,270,2
19288,2456,271,2
19289,2456,272,1
19290,2457,273,2
19291,2457,262,2
19292,2457,263,2
19293,2457,264,2
19294,2457,265,2
19295,2457,266,1
19296,2457,267,1
19297,2457,269,1
19298,2457,271,1
19299,3328,159,1
19300,3328,162,1
19301,3328,165,1
19302,3328,183,1
19303,3330,150,2
19304,3330,153,1
19305,3330,156,1
19306,3330,159,1
19307,3330,162,1
19308,3330,165,1
19309,3330,183,1
19310,3331,150,2
19311,3331,153,1
19312,3331,156,2
19313,3331,159,1
19314,3331,162,1
19315,3331,165,1
19316,3331,168,1
19317,3331,180,1
19318,3332,150,2
19319,3332,153,2
19320,3332,156,2
19321,3332,159,1
19322,3332,162,1
19323,3332,165,1
19324,3332,180,1
19325,3334,150,2
19326,3334,153,2
19327,3334,156,1
19328,3334,159,1
19329,3334,162,1
19330,3334,165,1
19331,3334,168,1
19332,3334,180,1
19333,3334,183,1
19334,3335,150,1
19335,3335,153,1
19336,3335,156,1
19337,3335,162,1
19338,3335,165,1
19339,3335,183,1
19340,3474,150,3
19341,3475,150,3
19342,3476,150,3
19343,3477,150,3
19344,3478,150,3
19345,3479,150,3
19346,3474,153,3
19347,3475,153,3
19348,3476,153,3
19349,3477,153,3
19350,3478,153,3
19351,3479,153,3
19352,3474,183,1
19353,3475,183,1
19354,3476,183,1
19355,3477,183,1
19356,3478,183,1
19357,3479,183,1
19358,3241,250,3
19359,3241,251,2
19360,3242,250,2
19361,3242,249,3
19362,3243,249,3
19363,3243,251,3
19364,3244,249,3
19365,3244,252,2
19366,3244,253,2
19367,3245,252,3
19368,3245,253,3
19369,3245,257,2
19370,3246,249,2
19371,3246,253,3
19372,3246,258,1
19373,3287,249,2
19374,3287,250,3
19375,3288,250,2
19376,3288,251,2
19377,3289,249,3
19378,3289,250,2
19379,3289,251,3
19380,3289,253,3
19381,3290,250,2
19382,3290,252,3
19383,3290,258,1
19384,3291,250,2
19385,3291,251,2
19386,3291,252,1
19387,3292,249,2
19388,3292,253,3
19389,3292,257,2
19390,2357,224,3
19391,2358,224,3
19392,2359,224,3
19393,2357,225,3
19394,2360,224,3
19395,2361,224,3
19396,2362,224,3
19397,2358,225,3
19398,2359,225,3
19399,2360,225,3
19400,2361,225,3
19401,2362,225,3
19402,2357,227,1
19403,2358,227,1
19404,2359,227,1
19405,2360,227,1
19406,2361,227,1
19407,2362,227,1
19408,2973,309,3
19409,2973,311,3
19410,3498,224,3
19411,2660,309,1
19412,2973,310,3
19413,2662,313,2
19414,2981,319,3
19415,2983,317,3
19416,3361,251,3
19417,3522,218,3
19418,3361,249,3
19419,3523,210,2
19420,3362,249,1
19421,3363,253,3
19422,3118,226,2
19423,3118,227,1
19424,3363,257,3
19425,3118,228,1
19426,3118,229,1
19427,3118,230,1
19428,3118,231,1
19429,3364,260,3
19430,3118,232,1
19431,3118,276,1
19432,3118,277,2
19433,3118,278,1
19434,3119,224,1
19435,3119,225,1
19436,3119,226,1
19437,3119,227,1
19438,3119,228,1
19439,3119,229,1
19440,3119,230,1
19441,3119,231,1
19442,3119,232,1
19443,3119,276,1
19444,3119,277,1
19445,3119,278,2
19446,3120,224,1
19447,3120,225,1
19448,3120,226,2
19449,3120,229,1
19450,3120,230,1
19451,3120,231,1
19452,3120,232,1
19453,3120,276,1
19454,3120,278,1
19455,3121,224,1
19456,3121,226,1
19457,3121,231,1
19458,3121,232,2
19459,3121,276,1
19460,3121,277,1
19461,3121,278,1
19462,3122,226,1
19463,3122,231,1
19464,3122,232,2
19465,3122,276,1
19466,3122,277,2
19467,3122,278,3
19468,3123,224,1
19469,3123,227,1
19470,3123,229,1
19471,3123,230,2
19472,3123,231,2
19473,3123,232,2
19474,3123,276,2
19475,3123,277,1
19476,3123,278,3
19477,3359,240,1
19478,3360,240,1
19479,3356,241,3
19480,3359,241,2
19481,3360,241,3
19482,3356,242,2
19483,3358,242,2
19484,3359,242,1
19485,3360,242,3
19486,3356,243,1
19487,3357,243,1
19488,3358,243,1
19489,3360,243,1
19490,2972,156,1
19491,2972,174,3
19492,2972,177,3
19493,2972,180,2
19494,2974,174,1
19495,2974,177,1
19496,2977,174,3
19497,2977,177,2
19498,2977,180,1
19499,2978,174,2
19500,2978,177,1
19501,2978,180,1
19502,2963,174,2
19503,2963,177,1
19504,2963,180,1
19505,2967,174,2
19506,2967,177,1
19507,2967,180,2
19508,3531,175,2
19509,3532,175,3
19510,3533,175,2
19511,3534,175,3
19512,3535,175,3
19513,3531,178,1
19514,3532,178,1
19515,3533,178,1
19516,3534,178,2
19517,3535,178,2
19518,3532,181,2
19519,3533,181,1
19520,3534,181,2
19521,3535,181,1
19522,3414,175,3
19523,3415,175,1
19524,3416,175,1
19525,3417,175,2
19526,3419,175,1
19527,3414,178,1
19528,3415,178,1
19529,3416,178,1
19530,3417,178,1
19531,3418,178,1
19532,3419,178,1
19533,3414,181,2
19534,3415,181,3
19535,3416,181,2
19536,3419,181,1
19537,3420,175,1
19538,3421,175,1
19539,3422,175,1
19540,3529,175,2
19541,3530,175,3
19542,3420,178,2
19543,3421,178,2
19544,3529,178,1
19545,3530,178,1
19546,3421,181,1
19547,3422,181,2
19548,3528,181,3
19549,3529,181,2
19550,3530,181,3
19551,2605,225,2
19552,2605,226,3
19553,2605,227,1
19554,2605,228,2
19555,2605,229,3
19556,2605,230,3
19557,2605,231,2
19558,2605,232,3
19559,2605,276,3
19560,2605,277,2
19561,2605,278,2
19562,3541,331,1
19563,3542,331,1
19564,3547,332,3
19565,3547,333,1
19566,3548,332,3
19567,3549,332,3
19568,3549,333,3
19569,3550,332,3
19570,3550,336,1
19571,3551,332,3
19572,3541,320,1
19573,3541,321,2
19574,3543,321,3
19575,3544,320,1
19576,3544,321,1
19577,3544,323,2
19578,3544,327,1
19579,3544,331,2
19580,3545,320,1
19581,3545,321,2
19582,3545,323,2
19583,3546,320,1
19584,3546,321,2
19585,3546,323,2
19586,3546,324,2
19587,3546,328,1
19588,3546,329,1
19589,3546,331,1
19590,3548,333,1
19591,3550,334,1
19592,3551,334,1
19593,3548,335,1
19594,3550,335,1
19595,3549,337,1
19596,3551,337,3
19597,2606,224,3
19598,2606,225,3
19599,2606,226,3
19600,2606,227,3
19601,2606,228,3
19602,2600,224,1
19603,2600,278,1
19604,2618,224,1
19605,2623,224,1
19606,2633,224,3
19607,2994,224,1
19608,2600,225,2
19609,2618,225,1
19610,2625,225,1
19611,2633,225,3
19612,2994,225,3
19613,2600,226,3
19614,2618,226,1
19615,2623,226,3
19616,2625,226,3
19617,2633,226,3
19618,2994,226,2
19619,2600,227,1
19620,2618,227,1
19621,2623,227,1
19622,2625,227,1
19623,2633,227,2
19624,2994,227,2
19625,2623,228,1
19626,2600,229,2
19627,2618,229,2
19628,2623,229,2
19629,2625,229,2
19630,2633,229,3
19631,2994,229,2
19632,2600,230,1
19633,2618,230,2
19634,2623,230,2
19635,2625,230,2
19636,2633,230,2
19637,2994,230,2
19638,2633,276,2
19639,3536,249,3
19640,3537,249,3
19641,3538,249,3
19642,3539,249,3
19643,3540,249,3
19644,3536,250,2
19645,3537,250,2
19646,3538,250,2
19647,3539,250,2
19648,3540,250,2
19649,3536,251,1
19650,3537,251,1
19651,3538,251,1
19652,3539,251,1
19653,3540,251,1
19654,3536,252,1
19655,3537,252,1
19656,3538,252,1
19657,3539,252,1
19658,3540,252,1
19659,3536,253,2
19660,3537,253,2
19661,3538,253,2
19662,3539,253,2
19663,3540,253,2
19664,3536,254,1
19665,3537,254,1
19666,3538,254,1
19667,3539,254,1
19668,3540,254,1
19669,2765,209,3
19670,2766,209,3
19671,2768,209,3
19672,2770,209,3
19673,2772,209,3
19674,2773,209,3
19675,2765,210,1
19676,2766,210,1
19677,2768,210,1
19678,2770,210,1
19679,2772,210,1
19680,2773,210,1
19681,2765,211,2
19682,2766,211,2
19683,2768,211,2
19684,2770,211,2
19685,2772,211,2
19686,2773,211,2
19687,2765,212,2
19688,2766,212,2
19689,2768,212,2
19690,2770,212,2
19691,2772,212,2
19692,2773,212,2
19693,2765,213,1
19694,2766,213,1
19695,2768,213,1
19696,2770,213,1
19697,2772,213,1
19698,2773,213,1
19699,3558,187,3
19700,3558,188,2
19701,3558,189,3
19702,3559,189,3
19703,3560,190,3
19704,3561,190,3
19705,3562,187,3
19706,3563,190,1
19707,2946,325,3
19708,2941,320,1
19709,2942,320,1
19710,2943,320,1
19711,2944,320,1
19712,2941,321,2
19713,2942,321,3
19714,2943,321,3
19715,2944,321,3
19716,2945,321,1
19717,2946,321,1
19718,2941,322,3
19719,2942,322,3
19720,2943,322,3
19721,2944,322,2
19722,2945,322,1
19723,2946,322,1
19724,3536,255,1
19725,2946,323,1
19726,2941,323,3
19727,2942,323,3
19728,2943,323,3
19729,2944,323,3
19730,2945,323,2
19731,2945,324,1
19732,2946,324,1
19733,2941,324,2
19734,2942,324,2
19735,2943,324,3
19736,2944,324,3
19737,2941,325,2
19738,2942,325,2
19739,2943,325,3
19740,2944,325,3
19741,2945,325,2
19742,2941,326,3
19743,2942,326,3
19744,2943,326,2
19745,2944,326,2
19746,3537,255,1
19747,3538,255,1
19748,2945,326,2
19749,2946,326,1
19750,3539,255,1
19751,3540,255,1
19752,2943,327,1
19753,2944,327,2
19754,2945,327,2
19755,2946,327,3
19756,2941,328,2
19757,2942,328,1
19758,2943,328,1
19759,2944,328,1
19760,2945,328,3
19761,2946,328,3
19762,2942,329,3
19763,2943,329,1
19764,2944,329,1
19765,2945,329,3
19766,2946,329,3
19767,2941,330,3
19768,2942,330,2
19769,2943,330,2
19770,2944,330,1
19771,2945,330,2
19772,2941,331,2
19773,2942,331,2
19774,2943,331,2
19775,2944,331,2
19776,2945,331,2
19777,2946,331,2
19778,2765,220,2
19779,2766,220,2
19780,2768,220,2
19781,2770,220,2
19782,2772,220,2
19783,2773,220,2
19784,2693,320,2
19785,2693,321,1
19786,2695,321,2
19787,2696,321,1
19788,2698,321,2
19789,2699,321,2
19790,2693,322,1
19791,2695,322,2
19792,2696,322,2
19793,2698,322,2
19794,2699,322,2
19795,2693,323,2
19796,2695,323,1
19797,2696,323,1
19798,2698,323,1
19799,2699,323,1
19800,2693,324,2
19801,2695,324,2
19802,2696,324,3
19803,2698,324,3
19804,2699,324,3
19805,2693,325,1
19806,2695,325,2
19807,2696,325,1
19808,2698,325,1
19809,2699,325,1
19810,2696,326,1
19811,2698,326,1
19812,2699,326,2
19813,2693,329,2
19814,2695,329,2
19815,2696,329,2
19816,2698,329,2
19817,2699,329,2
19818,2693,330,2
19819,2695,330,3
19820,2696,330,3
19821,2698,330,3
19822,2699,330,3
19823,2695,331,1
19824,2696,331,1
19825,2698,331,1
19826,2699,331,1
19827,2693,331,1
19828,3378,324,1
19829,3379,324,1
19830,3377,331,3
19831,3378,331,2
19832,3379,331,2
19833,3382,331,3
19834,3377,330,3
19835,3378,330,1
19836,3379,330,1
19837,3382,330,3
19838,3377,329,3
19839,3378,329,1
19840,3379,329,1
19841,3382,329,3
19842,2351,320,3
19843,2352,320,3
19844,2353,320,3
19845,2354,320,3
19846,2355,320,3
19847,2356,320,3
19848,2351,321,3
19849,2352,321,3
19850,2353,321,3
19851,2354,321,3
19852,2355,321,3
19853,2356,321,3
19854,2351,326,1
19855,2351,331,1
19856,3052,338,2
19857,2352,331,1
19858,2353,331,1
19859,3054,338,2
19860,3056,338,2
19861,2354,331,1
19862,3057,338,2
19863,2355,331,1
19864,3058,338,2
19865,2356,331,1
19866,3052,339,1
19867,3054,339,1
19868,3056,339,1
19869,3057,339,1
19870,3058,339,1
19871,3052,340,1
19872,3054,340,2
19873,3056,340,2
19874,3057,340,2
19875,3058,340,2
19876,3052,341,1
19877,3054,341,1
19878,3056,341,1
19879,3057,341,1
19880,3058,341,1
19881,3054,342,1
19882,3056,342,1
19883,3057,342,1
19884,3058,342,2
19885,3058,343,1
19886,3052,343,2
19887,3054,343,2
19888,3056,343,2
19889,3057,343,2
19890,2615,322,2
19891,2615,324,2
19892,2617,320,3
19893,2617,323,3
19894,2862,224,3
19895,2866,224,2
19896,2869,224,3
19897,2872,224,3
19898,2430,237,2
19899,2430,238,3
19900,2430,239,3
19901,2430,240,3
19902,2430,241,3
19903,2430,242,3
19904,2430,243,3
19905,2430,244,2
19906,2430,245,2
19907,2430,246,3
19908,2430,247,2
19909,2430,248,3
19910,2431,237,2
19911,2431,238,2
19912,2431,239,3
19913,2431,240,3
19914,2431,241,2
19915,2431,242,3
19916,2431,243,3
19917,2431,244,3
19918,2431,245,3
19919,2431,246,3
19920,2431,247,3
19921,2431,248,2
19922,2432,237,2
19923,2432,238,3
19924,2432,239,3
19925,2432,240,3
19926,2342,339,1
19927,2345,339,1
19928,2344,339,1
19929,2343,339,1
19930,2342,338,2
19931,2342,340,1
19932,2342,343,3
19933,2340,343,1
19934,2341,341,1
19935,2341,342,1
19936,2341,343,3
19937,2342,341,1
19938,2342,342,1
19939,2343,338,2
19940,2343,340,1
19941,2343,341,1
19942,2343,342,1
19943,2343,343,1
19944,2344,338,2
19945,2344,340,1
19946,2344,341,1
19947,2344,342,1
19948,2344,343,2
19949,2345,340,1
19950,2345,341,1
19951,2345,342,1
19952,2345,343,1
19953,2345,338,2
19954,2384,332,1
19955,2384,337,2
19956,2385,337,3
19957,2385,332,3
19958,2385,333,2
19959,2385,334,1
19960,2385,335,1
19961,2385,336,1
19962,2386,337,2
19963,2386,332,3
19964,2386,333,1
19965,2386,334,1
19966,2386,335,1
19967,2386,336,1
19968,2387,336,1
19969,2387,337,3
19970,2387,332,2
19971,2387,333,2
19972,2387,334,2
19973,2387,335,1
19974,2388,337,2
19975,2388,332,2
19976,2388,333,1
19977,2388,334,1
19978,2388,335,1
19979,2388,336,1
19980,3564,320,2
19981,3570,320,3
19982,3564,321,2
19983,3570,321,3
19984,3564,322,2
19985,3570,322,2
19986,3564,323,3
19987,3570,323,3
19988,3564,324,1
19989,3570,324,3
19990,3377,325,2
19991,3378,325,2
19992,3379,325,1
19993,3564,325,1
19994,3570,325,2
19995,3377,326,1
19996,3378,326,1
19997,3379,326,1
19998,3564,326,1
19999,3570,326,1
20000,3377,327,1
20001,3378,327,1
20002,3570,327,1
20003,3564,329,1
20004,3570,329,1
20005,3570,330,3
20006,3564,331,1
20007,3570,331,1
20008,3571,320,3
20009,3576,320,3
20010,3575,320,3
20011,3574,320,3
20012,3573,320,3
20013,3572,320,3
20014,3571,321,3
20015,3572,321,3
20016,3573,321,3
20017,3574,321,3
20018,3575,321,3
20019,3576,321,3
20020,3571,322,1
20021,3572,322,1
20022,3573,322,1
20023,3574,322,1
20024,3575,322,1
20025,3576,322,1
20026,3571,323,2
20027,2268,298,2
20028,2269,298,2
20029,2269,299,2
20030,2269,300,3
20031,2269,301,1
20032,2269,302,2
20033,2270,298,1
20034,2270,299,1
20035,2270,300,1
20036,3572,323,2
20037,3573,323,2
20038,3574,323,2
20039,3571,324,1
20040,3575,323,2
20041,3576,323,2
20042,3571,326,3
20043,3572,326,3
20044,3573,326,3
20045,3574,326,3
20046,3575,326,3
20047,3576,326,3
20048,2271,298,3
20049,3571,327,1
20050,2271,299,2
20051,3572,327,1
20052,2271,300,3
20053,3573,327,1
20054,2271,301,2
20055,2271,302,2
20056,3574,327,1
20057,3575,327,1
20058,3576,327,1
20059,3571,328,1
20060,3572,328,1
20061,3573,328,1
20062,3574,328,1
20063,3575,328,1
20064,3576,328,1
20065,3571,329,2
20066,3572,329,2
20067,3573,329,2
20068,3574,329,2
20069,3575,329,2
20070,3576,329,2
20071,2272,298,3
20072,2272,299,3
20073,2272,300,3
20074,2272,301,3
20075,2272,302,3
20076,2272,303,2
20077,2272,304,1
20078,2272,305,1
20079,2272,306,1
20080,3383,332,2
20081,3384,332,2
20082,3385,332,2
20083,3406,332,2
20084,3407,332,2
20085,3383,333,3
20086,3384,333,3
20087,3385,333,3
20088,3406,333,3
20089,3407,333,3
20090,3383,334,2
20091,3384,334,2
20092,3385,334,2
20093,3406,334,2
20094,3407,334,2
20095,3383,335,2
20096,3384,335,2
20097,3385,335,2
20098,3406,335,2
20099,3407,335,2
20100,3383,336,1
20101,3384,336,1
20102,3385,336,1
20103,3406,336,1
20104,3407,336,1
20105,3383,337,3
20106,3384,337,3
20107,3385,337,3
20108,3406,337,3
20109,3407,337,3
20110,2432,241,2
20111,2432,242,1
20112,2432,243,1
20113,2432,244,1
20114,2432,245,1
20115,2432,246,1
20116,2432,247,1
20117,2432,248,1
20118,2434,237,1
20119,2434,238,1
20120,2434,239,1
20121,2434,240,2
20122,2434,241,3
20123,2434,242,1
20124,2434,243,1
20125,2434,244,1
20126,2434,245,1
20127,2434,246,1
20128,2434,247,2
20129,2434,248,2
20130,3577,332,3
20131,3578,332,3
20132,3579,332,3
20133,3580,332,3
20134,3581,332,2
20135,3577,333,3
20136,3578,333,3
20137,3579,333,3
20138,3580,333,3
20139,3581,333,1
20140,3577,334,3
20141,3578,334,3
20142,3579,334,3
20143,3580,334,3
20144,3581,334,1
20145,3577,335,3
20146,3578,335,3
20147,3579,335,3
20148,3580,335,3
20149,3581,335,1
20150,3577,336,2
20151,3578,336,2
20152,3579,336,2
20153,3580,336,3
20154,3581,336,3
20155,3577,337,3
20156,3578,337,3
20157,3579,337,3
20158,3580,337,3
20159,3581,337,2
20160,2435,237,3
20161,2436,237,2
20162,2437,237,2
20163,2438,237,2
20164,2439,237,1
20165,2435,238,2
20166,2436,238,2
20167,2437,238,2
20168,2438,238,2
20169,2439,238,1
20170,2435,239,1
20171,2436,239,2
20172,2437,239,3
20173,2438,239,1
20174,2439,239,2
20175,2435,240,1
20176,2436,240,2
20177,2437,240,1
20178,2438,240,2
20179,2439,240,2
20180,2435,241,1
20181,2436,241,2
20182,2437,241,1
20183,2438,241,2
20184,2439,241,2
20185,2435,242,1
20186,2436,242,2
20187,2437,242,2
20188,2438,242,1
20189,2439,242,1
20190,2435,243,1
20191,2436,243,2
20192,2437,243,3
20193,2438,243,1
20194,2439,243,2
20195,2435,244,1
20196,2436,244,2
20197,2437,244,2
20198,2438,244,1
20199,2439,244,2
20200,2439,245,1
20201,2435,245,1
20202,2435,246,2
20203,2436,246,1
20204,2437,246,2
20205,2438,246,2
20206,2439,246,1
20207,2435,247,2
20208,2436,247,1
20209,2437,247,1
20210,2438,247,2
20211,2439,247,2
20212,2435,248,1
20213,2436,248,2
20214,2437,248,1
20215,2438,248,1
20216,2439,248,1
20217,2436,245,2
20218,2437,245,1
20219,2438,245,1
20220,2708,331,3
20221,2709,331,3
20222,2710,331,3
20223,2711,331,3
20224,2712,331,3
20225,2713,331,3
20226,2708,324,1
20227,2709,324,1
20228,2710,324,1
20229,2711,324,1
20230,2712,324,1
20231,2713,324,1
20232,2708,323,2
20233,2709,323,2
20234,2710,323,2
20235,2711,323,2
20236,2712,323,2
20237,2713,323,2
20238,2724,320,2
20239,2725,320,2
20240,2727,320,2
20241,2729,320,2
20242,2730,320,2
20243,2724,321,3
20244,2725,321,3
20245,2727,321,3
20246,2729,321,3
20247,2730,321,3
20248,2724,323,1
20249,2725,323,1
20250,2727,323,1
20251,2729,323,1
20252,2730,323,1
20253,2724,324,3
20254,2725,324,3
20255,2727,324,3
20256,2729,324,3
20257,2730,324,3
20258,2724,326,1
20259,2725,326,1
20260,2727,326,1
20261,2729,326,1
20262,2730,326,1
20263,3586,344,3
20264,3587,344,3
20265,3588,344,2
20266,3586,345,2
20267,3587,345,2
20268,3588,345,1
20269,3586,346,3
20270,3587,346,3
20271,3588,346,2
20272,2607,224,2
20273,2607,226,3
20274,2607,227,2
20275,2607,228,3
20276,2607,276,2
20277,2610,226,2
20278,2610,227,3
20279,2610,229,2
20280,2611,227,2
20281,2611,232,2
20282,2612,278,3
20283,2612,224,3
20284,2612,225,3
20285,2612,226,3
20286,2612,227,2
20287,2612,228,2
20288,2612,229,2
20289,2612,230,2
20290,2612,231,2
20291,2612,232,3
20292,2612,276,2
20293,2612,277,2
20294,2464,262,2
20295,3596,320,1
20296,3597,320,1
20297,3598,320,1
20298,3599,320,1
20299,3600,320,1
20300,3601,320,1
20301,3596,321,3
20302,3597,321,3
20303,3598,321,3
20304,3599,321,3
20305,3600,321,3
20306,3601,321,3
20307,3596,322,1
20308,3597,322,1
20309,3598,322,1
20310,3599,322,1
20311,3600,322,1
20312,3601,322,2
20313,3596,323,2
20314,3597,323,2
20315,3598,323,2
20316,3599,323,2
20317,3600,323,2
20318,3601,323,2
20319,3596,324,1
20320,3597,324,1
20321,3598,324,1
20322,3599,324,1
20323,3600,324,1
20324,3601,324,2
20325,3596,325,2
20326,3597,325,1
20327,3598,325,2
20328,3599,325,1
20329,3600,325,1
20330,3601,325,3
20331,3596,326,1
20332,3597,326,1
20333,3598,326,2
20334,3599,326,1
20335,3600,326,1
20336,3601,326,2
20337,3596,327,3
20338,3597,327,1
20339,3601,327,1
20340,3596,328,1
20341,3597,328,1
20342,3598,328,1
20343,3601,328,1
20344,3596,329,2
20345,3601,329,1
20346,3596,330,3
20347,3597,330,2
20348,3598,330,2
20349,3599,330,2
20350,3600,330,3
20351,3601,330,3
20352,3596,331,1
20353,3601,331,1
20354,3608,237,3
20355,3609,237,2
20356,3610,237,3
20357,3611,237,1
20358,3612,237,3
20359,3608,238,1
20360,3609,238,2
20361,3610,238,1
20362,3611,238,2
20363,3612,238,2
20364,3608,239,1
20365,3610,239,2
20366,3611,239,1
20367,3612,239,3
20368,3608,240,1
20369,3608,241,2
20370,3609,240,2
20371,3609,241,2
20372,3610,241,1
20373,3611,240,1
20374,3611,241,1
20375,3612,240,2
20376,3612,241,3
20377,3613,209,3
20378,3613,210,3
20379,3613,211,2
20380,3613,212,2
20381,3613,213,2
20382,3613,214,2
20383,3613,215,2
20384,3613,216,2
20385,3613,217,1
20386,3613,219,1
20387,3614,209,2
20388,3614,210,2
20389,3614,211,1
20390,3614,212,3
20391,3615,212,1
20392,3615,213,2
20393,3615,214,2
20394,3615,215,3
20395,3616,209,2
20396,3617,209,2
20397,3617,210,3
20398,3435,198,1
20399,3618,209,2
20400,3618,211,2
20401,3618,212,3
20402,3618,213,2
20403,3618,215,2
20404,3619,209,2
20405,3619,210,2
20406,3619,211,3
20407,3619,212,2
20408,3620,212,3
20409,3620,214,2
20410,3620,220,3
20411,3621,209,2
20412,3621,210,1
20413,3621,211,2
20414,3621,214,3
20415,3622,214,3
20416,3622,215,1
20417,3622,217,1
20418,3622,209,1
20419,2932,237,3
20420,2933,237,3
20421,2934,237,3
20422,2935,237,3
20423,2936,237,3
20424,3623,260,3
20425,3364,250,3
20426,2932,238,2
20427,2933,238,2
20428,2934,238,2
20429,2935,238,2
20430,2936,238,2
20431,2937,237,3
20432,2937,238,2
20433,2932,239,1
20434,2933,239,1
20435,2934,239,1
20436,2935,239,1
20437,2936,239,1
20438,2937,239,1
20439,2932,240,2
20440,2933,240,2
20441,2934,240,2
20442,2935,240,2
20443,2936,240,2
20444,2937,240,2
20445,2932,241,2
20446,2933,241,2
20447,2934,241,2
20448,2935,241,2
20449,2936,241,2
20450,2937,241,2
20451,2932,242,1
20452,2933,242,1
20453,2934,242,1
20454,2935,242,1
20455,2936,242,1
20456,2937,242,1
20457,2932,243,2
20458,2933,243,2
20459,2934,243,2
20460,2935,243,2
20461,2936,243,2
20462,2937,243,2
20463,2932,244,1
20464,2933,244,1
20465,2934,244,1
20466,2935,244,1
20467,2936,244,1
20468,2937,244,1
20469,2932,245,2
20470,2933,245,2
20471,2934,245,2
20472,2935,245,2
20473,2936,245,2
20474,2937,245,2
20475,2932,246,1
20476,2933,246,1
20477,2934,246,1
20478,2935,246,1
20479,2936,246,1
20480,2937,246,1
20481,2932,247,2
20482,2933,247,2
20483,2934,247,2
20484,2935,247,2
20485,2936,247,2
20486,2937,247,2
20487,2932,248,1
20488,2933,248,1
20489,2934,248,1
20490,2935,248,1
20491,2936,248,1
20492,2937,248,1
20493,3630,338,3
20494,3630,339,3
20495,3630,340,2
20496,3631,342,2
20497,3631,343,3
20498,3631,338,3
20499,3631,339,2
20500,3631,340,3
20501,3631,341,2
20502,3632,342,3
20503,3632,343,3
20504,3632,338,3
20505,3632,339,3
20506,3632,340,3
20507,3632,341,2
20508,3633,342,2
20509,3633,343,2
20510,3633,338,3
20511,3633,339,3
20512,3633,340,3
20513,3633,341,2
20514,3634,342,2
20515,3634,343,3
20516,3634,338,3
20517,3634,339,3
20518,3634,340,3
20519,3634,341,2
20520,3635,344,3
20521,3635,345,1
20522,3635,346,3
20523,3636,344,3
20524,3636,345,1
20525,3636,346,3
20526,3637,344,3
20527,3637,345,1
20528,3637,346,3
20529,3638,344,3
20530,3638,345,1
20531,3638,346,3
20532,3639,344,3
20533,3639,345,1
20534,3639,346,3
20535,3640,347,3
20536,3641,347,3
20537,3642,347,3
20538,3643,347,3
20539,3644,347,3
20540,3640,348,1
20541,3641,348,1
20542,3642,348,1
20543,3643,348,1
20544,3644,348,1
20545,3640,349,3
20546,3641,349,3
20547,3642,349,3
20548,3643,349,3
20549,3644,349,3
20550,3365,249,3
20551,3367,249,2
20552,3368,250,3
20553,3366,251,3
20554,3370,251,3
20555,3367,252,3
20556,3368,252,3
20557,3370,253,3
20558,3366,253,3
20559,3369,253,3
20560,3365,254,3
20561,3366,255,3
20562,3370,255,3
20563,3367,256,3
20564,3369,257,3
20565,3367,258,3
20566,3366,259,2
20567,3368,259,2
20568,3370,259,3
20569,3365,260,3
20570,3366,260,3
20571,3370,260,3
20572,3645,339,2
20573,3645,340,1
20574,3646,342,3
20575,3646,343,1
20576,3646,339,2
20577,3647,339,2
20578,3648,339,2
20579,3649,339,2
20580,3650,339,2
20581,3646,340,1
20582,3647,340,1
20583,3648,340,1
20584,3649,340,1
20585,3650,340,1
20586,3645,342,3
20587,3647,342,3
20588,3648,342,3
20589,3649,342,3
20590,3650,342,3
20591,3645,343,1
20592,3647,343,1
20593,3648,343,1
20594,3649,343,1
20595,3650,343,1
20596,3646,333,2
20597,3645,333,2
20598,3645,334,1
20599,3645,335,2
20600,3645,336,1
20601,3647,333,2
20602,3648,333,2
20603,3649,333,2
20604,3650,333,2
20605,3650,334,1
20606,3649,334,1
20607,3648,334,1
20608,3647,334,1
20609,3646,334,1
20610,3646,335,2
20611,3647,335,2
20612,3648,335,2
20613,3649,335,2
20614,3650,335,2
20615,3646,336,1
20616,3647,336,1
20617,3648,336,1
20618,3649,336,1
20619,3650,336,1
20620,3584,344,2
20621,3582,344,2
20622,3583,344,2
20623,3582,345,1
20624,3585,344,2
20625,3651,344,2
20626,3652,344,2
20627,3583,345,1
20628,3584,345,1
20629,3585,345,1
20630,3651,345,1
20631,3652,345,1
20632,3486,186,2
20633,3486,187,2
20634,3486,185,3
20635,3487,185,3
20636,3487,186,3
20637,3487,187,2
20638,3487,188,1
20639,3487,189,1
20640,3487,190,1
20641,3488,185,2
20642,3488,186,3
20643,3488,187,3
20644,3488,188,2
20645,3488,189,2
20646,3488,190,2
20647,3489,185,2
20648,3489,186,3
20649,3489,187,3
20650,3489,188,2
20651,3489,189,2
20652,3489,190,2
20653,3490,185,2
20654,3490,186,3
20655,3490,187,3
20656,3490,188,2
20657,3490,189,2
20658,3490,190,2
20659,3487,191,1
20660,3491,186,3
20661,3491,187,3
20662,3491,188,2
20663,3491,189,2
20664,3491,190,2
20665,3491,185,3
20666,3602,332,1
20667,3603,332,2
20668,3604,332,1
20669,3605,332,1
20670,3606,332,1
20671,3607,332,2
20672,3602,333,1
20673,3603,333,1
20674,3604,333,2
20675,3605,333,1
20676,3606,333,1
20677,3607,333,1
20678,3602,334,2
20679,3603,334,3
20680,3604,334,3
20681,3605,334,3
20682,3606,334,2
20683,3607,334,3
20684,3602,335,3
20685,3603,335,3
20686,3604,335,3
20687,3605,335,3
20688,3606,335,3
20689,3607,335,3
20690,3602,336,1
20691,3602,337,1
20692,3603,337,2
20693,3604,337,1
20694,3605,337,1
20695,3606,337,2
20696,3607,337,3
20697,3047,338,2
20698,3048,338,2
20699,3050,338,3
20700,3055,338,2
20701,3059,338,2
20702,3047,339,2
20703,3048,339,2
20704,3050,339,1
20705,3055,339,2
20706,3059,339,1
20707,3047,340,1
20708,3048,340,2
20709,3050,340,2
20710,3055,340,1
20711,3059,340,1
20712,3047,341,1
20713,3048,341,1
20714,3055,341,2
20715,3059,341,2
20716,3047,342,2
20717,3048,342,2
20718,3050,342,1
20719,3055,342,1
20720,3059,342,2
20721,3047,343,2
20722,3048,343,1
20723,3050,343,1
20724,3055,343,3
20725,3059,343,1
20726,2357,262,3
20727,2358,262,3
20728,2359,262,3
20729,2360,262,3
20730,2361,262,3
20731,2362,262,3
20732,2357,263,3
20733,2358,263,3
20734,2357,265,3
20735,2358,265,3
20736,2359,265,3
20737,2360,265,3
20738,2361,265,3
20739,2362,265,3
20740,2357,266,2
20741,2358,266,2
20742,2359,266,2
20743,2360,266,2
20744,2361,266,2
20745,2362,266,2
20746,2359,263,3
20747,2360,263,3
20748,2361,263,3
20749,2362,263,3
20750,3655,262,3
20751,3655,263,3
20752,3655,264,1
20753,3655,265,3
20754,3655,266,2
20755,3655,267,1
20756,3656,262,3
20757,3656,263,3
20758,3656,264,1
20759,3656,265,3
20760,3656,266,2
20761,3656,267,1
20762,3656,269,1
20763,3657,262,3
20764,3657,263,3
20765,3657,264,2
20766,3657,265,3
20767,3657,266,3
20768,3657,267,1
20769,3657,268,1
20770,3657,269,2
20771,3657,270,1
20772,3657,271,1
20773,3657,272,1
20774,3657,273,1
20775,3658,262,3
20776,3658,263,3
20777,3658,264,2
20778,3658,265,2
20779,3658,266,3
20780,3658,267,1
20781,3658,268,1
20782,3658,272,1
20783,3658,273,2
20784,3659,262,3
20785,3659,263,3
20786,3659,264,2
20787,3659,265,3
20788,3659,266,2
20789,3659,271,1
20790,3659,273,1
20791,3660,262,3
20792,3660,263,3
20793,3660,264,3
20794,3660,265,2
20795,3660,266,2
20796,3660,267,2
20797,3660,268,1
20798,3660,269,1
20799,3660,272,1
20800,3660,273,1
20801,3452,209,3
20802,3453,209,3
20803,3454,209,3
20804,3455,209,3
20805,3456,209,2
20806,3452,210,3
20807,3453,210,3
20808,3454,210,3
20809,3455,210,3
20810,3456,210,2
20811,3452,212,1
20812,3453,212,1
20813,3454,212,1
20814,3455,212,1
20815,3452,213,1
20816,3453,213,1
20817,3454,213,1
20818,3455,213,1
20819,3455,215,2
20820,3454,215,2
20821,3457,185,2
20822,3458,185,2
20823,3459,185,2
20824,3461,185,2
20825,3457,186,3
20826,3458,186,3
20827,3459,186,3
20828,3461,186,3
20829,3457,187,3
20830,3458,187,3
20831,3459,187,3
20832,3461,187,3
20833,3457,188,2
20834,3458,188,2
20835,3459,188,2
20836,3461,188,2
20837,3457,189,2
20838,3458,189,2
20839,3459,189,2
20840,3460,189,1
20841,3461,189,2
20842,3457,190,1
20843,3458,190,1
20844,3459,190,2
20845,3461,190,1
20846,2746,151,1
20847,3339,153,2
20848,3339,156,2
20849,3339,159,1
20850,3339,168,1
20851,3339,183,2
20852,3340,150,3
20853,3340,153,2
20854,3340,156,2
20855,3340,159,3
20856,3340,162,2
20857,3340,165,2
20858,3340,180,3
20859,3340,183,2
20860,3341,150,3
20861,3341,153,2
20862,3341,156,3
20863,3341,159,2
20864,3341,162,1
20865,3341,165,2
20866,3341,168,2
20867,3341,171,2
20868,3341,180,2
20869,3341,183,3
20870,3342,150,3
20871,3342,153,3
20872,3342,156,3
20873,3342,159,2
20874,3342,168,2
20875,3342,171,2
20876,3342,180,2
20877,3342,183,2
20878,3343,153,2
20879,3343,156,2
20880,3343,159,2
20881,3343,165,2
20882,3343,180,2
20883,3343,183,2
20884,3344,153,2
20885,3344,156,2
20886,3344,159,3
20887,3344,168,2
20888,3344,183,3
20889,2251,151,2
20890,2250,151,3
20891,3662,151,2
20892,3664,151,3
20893,3661,151,2
20894,3670,151,3
20895,3663,149,1
20896,3663,152,1
20897,3665,155,1
20898,3665,158,1
20899,3665,161,1
20900,3665,167,1
20901,3665,170,1
20902,3665,173,1
20903,3663,155,1
20904,3664,157,2
20905,3663,158,1
20906,3663,161,1
20907,3663,164,1
20908,3663,167,1
20909,3662,154,2
20910,3663,170,1
20911,3663,173,3
20912,3663,176,1
20913,3662,157,2
20914,3670,157,3
20915,3665,182,1
20916,3665,149,1
20917,3664,160,3
20918,3665,176,1
20919,3665,179,1
20920,3345,151,3
20921,3670,163,3
20922,3666,149,1
20923,3662,163,2
20924,3666,152,1
20925,3666,155,1
20926,3666,161,1
20927,2251,163,3
20928,3666,173,1
20929,3666,176,1
20930,3666,179,1
20931,3670,166,3
20932,3664,166,2
20933,3668,149,1
20934,3668,152,1
20935,3668,155,3
20936,3668,158,1
20937,3662,166,3
20938,3668,161,1
20939,3668,164,1
20940,3670,169,3
20941,3668,173,1
20942,3664,172,3
20943,3668,176,1
20944,3668,179,1
20945,3668,182,3
20946,3667,149,1
20947,3667,152,1
20948,3667,155,1
20949,3667,158,2
20950,3667,161,2
20951,3667,164,1
20952,3667,167,2
20953,3667,170,1
20954,3667,173,1
20955,3667,176,2
20956,3667,179,1
20957,3667,182,1
20958,3669,155,1
20959,3669,158,1
20960,3669,161,1
20961,3669,173,1
20962,3669,176,1
20963,3345,154,3
20964,3345,157,2
20965,3345,160,3
20966,3345,163,1
20967,3139,298,2
20968,3345,166,2
20969,3136,298,2
20970,3137,298,3
20971,3138,298,3
20972,3135,298,1
20973,3137,299,2
20974,3138,299,1
20975,3346,151,2
20976,3137,300,1
20977,3349,151,2
20978,3348,151,2
20979,3346,154,3
20980,3348,154,2
20981,3348,157,3
20982,3345,184,2
20983,3346,184,2
20984,3349,184,1
20985,2746,157,1
20986,2746,163,2
20987,2746,169,1
20988,2746,178,1
20989,2746,184,2
20990,2744,184,2
20991,2744,160,1
20992,2744,163,1
20993,2744,178,1
20994,2747,151,3
20995,2747,154,1
20996,2747,157,2
20997,2747,160,1
20998,2747,163,2
20999,2747,184,2
21000,2748,151,3
21001,2748,154,2
21002,2748,157,1
21003,2748,160,1
21004,2748,163,2
21005,2748,172,1
21006,2748,181,1
21007,2748,184,1
21008,2749,151,2
21009,2749,154,2
21010,2749,157,1
21011,2749,163,3
21012,2749,178,1
21013,2749,181,1
21014,2749,184,1
21015,3247,151,1
21016,3248,184,1
21017,2250,175,2
21018,3249,184,2
21019,3250,184,1
21020,3250,151,1
21021,3250,154,1
21022,3250,160,1
21023,3251,184,1
21024,3251,151,1
21025,3251,154,1
21026,3251,157,1
21027,3251,160,1
21028,3251,163,1
21029,3252,184,1
21030,3252,151,1
21031,3252,163,1
21032,3346,157,2
21033,3346,163,2
21034,3346,166,2
21035,3671,209,3
21036,3672,209,2
21037,3673,209,3
21038,3674,209,3
21039,3675,209,1
21040,3671,210,1
21041,3672,210,2
21042,3673,210,3
21043,3674,210,1
21044,3673,211,2
21045,3675,211,1
21046,3676,210,1
21047,3671,212,2
21048,3672,212,3
21049,3674,212,2
21050,3675,212,2
21051,3676,212,1
21052,3672,213,2
21053,3674,213,1
21054,3676,213,1
21055,3671,214,1
21056,3672,214,2
21057,3673,214,1
21058,3674,214,1
21059,3676,214,1
21060,3682,209,3
21061,3682,210,2
21062,3682,211,2
21063,3681,213,1
21064,3680,215,2
21065,3681,217,2
21066,3682,219,1
21067,3682,220,3
21068,3672,215,2
21069,3673,215,1
21070,3674,215,1
21071,3675,215,2
21072,3676,215,3
21073,3671,215,2
21074,3673,216,1
21075,3674,216,1
21076,3676,216,2
21077,3671,216,1
21078,3672,216,1
21079,3673,217,1
21080,3671,218,1
21081,3672,218,1
21082,3675,218,1
21083,3671,219,1
21084,3673,219,1
21085,3672,220,2
21086,3674,220,2
21087,3676,220,1
21088,3674,218,1
21089,3671,211,3
21090,3673,213,3
21091,3671,217,1
21092,3672,219,3
21093,3674,219,1
21094,3671,220,2
21095,2250,178,2
21096,3670,178,2
21097,2251,181,2
21098,3670,184,3
21099,3664,184,2
21100,3468,299,2
21101,3236,249,3
21102,3238,249,3
21103,3239,249,3
21104,3240,249,3
21105,3254,249,3
21106,3255,249,3
21107,3236,250,2
21108,3238,250,2
21109,3239,250,2
21110,3240,250,2
21111,3254,250,2
21112,3255,250,2
21113,3236,251,2
21114,3238,251,2
21115,3239,251,2
21116,3240,251,2
21117,3254,251,2
21118,3255,251,2
21119,3236,252,1
21120,3238,252,1
21121,3239,252,1
21122,3240,252,1
21123,3254,252,1
21124,3255,252,1
21125,3683,262,3
21126,3684,262,3
21127,3685,262,3
21128,3686,262,3
21129,3687,262,3
21130,3688,262,3
21131,3688,263,3
21132,3683,263,3
21133,3684,263,2
21134,3685,263,3
21135,3686,263,3
21136,3687,263,3
21137,3689,262,1
21138,3690,262,1
21139,3691,262,1
21140,3692,262,1
21141,3693,262,1
21142,3694,262,1
21143,3689,263,2
21144,3690,263,3
21145,3691,263,1
21146,3692,263,3
21147,3693,263,3
21148,3694,263,1
21149,3689,264,3
21150,3690,264,3
21151,3691,264,2
21152,3692,264,3
21153,3693,264,3
21154,3694,264,2
21155,3689,265,2
21156,3690,265,1
21157,3691,265,3
21158,3692,265,1
21159,3693,265,3
21160,3694,265,2
21161,3689,266,3
21162,3690,266,2
21163,3691,266,1
21164,3692,266,2
21165,3693,266,2
21166,3694,266,1
21167,3689,267,1
21168,3690,267,1
21169,3691,267,1
21170,3692,267,1
21171,3693,267,2
21172,3694,267,1
21173,3689,268,2
21174,3690,268,3
21175,3691,268,2
21176,3692,268,2
21177,3693,268,1
21178,3694,268,2
21179,3689,269,1
21180,3690,269,1
21181,3691,269,1
21182,3692,269,1
21183,3693,269,1
21184,3694,269,1
21185,3689,270,2
21186,3690,270,1
21187,3691,270,1
21188,3692,270,2
21189,3693,270,2
21190,3694,270,2
21191,3689,271,1
21192,3690,271,1
21193,3691,271,1
21194,3692,271,1
21195,3693,271,1
21196,3694,271,1
21197,3689,272,3
21198,3690,272,3
21199,3691,272,3
21200,3692,272,3
21201,3693,272,3
21202,3694,272,3
21203,3689,273,2
21204,3690,273,2
21205,3691,273,2
21206,3692,273,1
21207,3693,273,1
21208,3694,273,2
21209,3695,262,1
21210,3696,262,1
21211,3697,262,2
21212,3698,262,1
21213,3699,262,1
21214,3700,262,2
21215,3696,269,3
21216,3697,265,2
21217,3699,270,2
21218,3695,272,1
21219,3697,273,2
21220,3699,273,3
21221,3696,265,1
21222,3698,265,3
21223,3698,268,2
21224,3699,267,1
21225,3695,267,1
21226,3700,270,1
21227,3700,273,1
21228,3700,265,3
21229,3697,270,3
21230,3695,263,2
21231,3696,263,2
21232,3697,263,1
21233,3698,263,3
21234,3699,263,2
21235,3700,263,2
21236,3695,264,1
21237,3696,264,3
21238,3697,264,2
21239,3698,264,2
21240,3696,266,2
21241,3699,265,2
21242,3698,270,2
21243,3683,264,1
21244,3683,265,2
21245,3697,268,2
21246,3695,269,2
21247,3695,266,2
21248,3696,272,2
21249,3700,267,2
21250,3698,267,3
21251,3698,272,1
21252,3700,271,2
21253,3696,268,3
21254,3697,267,1
21255,3695,273,2
21256,3697,271,2
21257,3695,271,1
21258,3699,268,2
21259,3683,266,3
21260,3683,267,2
21261,3683,268,1
21262,3683,271,2
21263,3683,272,1
21264,3684,264,3
21265,3684,265,2
21266,3684,266,1
21267,3684,267,1
21268,3684,268,1
21269,3684,269,2
21270,3684,270,2
21271,3701,262,1
21272,3684,271,1
21273,3702,262,1
21274,3703,262,2
21275,3702,263,3
21276,3703,263,1
21277,3704,263,2
21278,3685,264,2
21279,3685,265,3
21280,3705,263,3
21281,3705,264,2
21282,3685,266,2
21283,3706,264,2
21284,3685,267,1
21285,3701,264,2
21286,3702,264,3
21287,3685,268,1
21288,3685,269,1
21289,3703,266,2
21290,3705,269,2
21291,3703,270,2
21292,3685,271,3
21293,3701,271,2
21294,3701,268,2
21295,3705,266,2
21296,3706,272,2
21297,3704,273,2
21298,3686,264,2
21299,3686,265,3
21300,3686,266,3
21301,3686,267,2
21302,3686,268,1
21303,3702,273,1
21304,3702,268,1
21305,3686,269,2
21306,3704,269,1
21307,3686,270,2
21308,3706,269,1
21309,3706,266,1
21310,3701,266,1
21311,3704,272,1
21312,3704,266,2
21313,3702,271,3
21314,3705,272,3
21315,3706,273,3
21316,3706,262,3
21317,3703,268,3
21318,3701,273,2
21319,3702,266,2
21320,3705,268,1
21321,3703,273,1
21322,3706,268,2
21323,3704,264,1
21324,3701,269,1
21325,3705,273,2
21326,3705,271,2
21327,3704,268,1
21328,3703,272,2
21329,3706,271,1
21330,3702,269,2
21331,3704,271,2
21332,3703,265,3
21333,3705,262,1
21334,3703,267,2
21335,3705,267,3
21336,3702,267,2
21337,3705,265,1
21338,3705,270,1
21339,3706,263,1
21340,3703,271,1
21341,3701,263,2
21342,3704,262,1
21343,3686,271,2
21344,3686,272,2
21345,3686,273,2
21346,3687,264,3
21347,3687,265,2
21348,3687,266,2
21349,3687,267,2
21350,3687,268,2
21351,3687,269,2
21352,3687,270,2
21353,3687,271,3
21354,3687,272,1
21355,3688,264,3
21356,3716,273,2
21357,3716,262,3
21358,3716,263,3
21359,3716,264,3
21360,3716,265,3
21361,3716,266,2
21362,3716,267,2
21363,3716,268,2
21364,3716,269,1
21365,3716,270,1
21366,3716,271,1
21367,3716,272,1
21368,3688,265,3
21369,3717,262,3
21370,3688,266,1
21371,3717,263,3
21372,3717,264,3
21373,3717,265,2
21374,3688,267,2
21375,3717,266,2
21376,3688,268,2
21377,3688,269,2
21378,3688,270,1
21379,3688,271,2
21380,3688,272,1
21381,3725,262,1
21382,3725,263,1
21383,3725,264,3
21384,3725,267,2
21385,3725,268,1
21386,3725,269,1
21387,3725,271,1
21388,3725,272,1
21389,3725,273,2
21390,3726,262,1
21391,3726,263,2
21392,3726,264,2
21393,3726,268,1
21394,3726,269,2
21395,3726,271,1
21396,3726,272,1
21397,3726,273,1
21398,3727,262,1
21399,3727,263,2
21400,3727,264,2
21401,3727,265,1
21402,3727,267,1
21403,3727,268,2
21404,3727,269,2
21405,3727,270,1
21406,3727,271,1
21407,3727,272,2
21408,3727,273,1
21409,3728,262,1
21410,3728,263,2
21411,3728,264,3
21412,3728,265,1
21413,3728,267,1
21414,3728,268,2
21415,3728,269,2
21416,3728,270,1
21417,3728,271,1
21418,3728,272,1
21419,3728,273,1
21420,3729,262,1
21421,3729,263,1
21422,3729,264,3
21423,3729,266,1
21424,3729,267,2
21425,3729,268,2
21426,3729,269,2
21427,3729,270,1
21428,3729,271,1
21429,3729,272,1
21430,3729,273,1
21431,3730,264,2
21432,3730,265,2
21433,3730,266,1
21434,3730,267,1
21435,3730,268,1
21436,3730,269,2
21437,3730,271,2
21438,3730,272,1
21439,3730,273,1
21440,3510,263,3
21441,3510,264,1
21442,3510,265,2
21443,3510,266,3
21444,3510,267,3
21445,3510,270,1
21446,3510,272,1
21447,3510,273,3
21448,3511,273,2
21449,3511,262,2
21450,3511,263,3
21451,3511,264,1
21452,3511,265,2
21453,3511,266,3
21454,3511,269,1
21455,3511,270,1
21456,3511,272,2
21457,3512,262,3
21458,3512,263,2
21459,3512,264,1
21460,3512,265,2
21461,3512,266,1
21462,3512,268,1
21463,3512,269,3
21464,3512,270,1
21465,3512,272,1
21466,3513,272,2
21467,3513,273,1
21468,3707,237,2
21469,3513,262,2
21470,3513,263,2
21471,3513,264,3
21472,3513,265,3
21473,3513,266,2
21474,3513,268,2
21475,3513,270,1
21476,3513,271,3
21477,3514,262,3
21478,3514,263,2
21479,3708,238,2
21480,3514,265,3
21481,3514,266,2
21482,3514,267,1
21483,3514,268,3
21484,3711,241,2
21485,3514,269,1
21486,3514,271,2
21487,3514,273,1
21488,3722,241,2
21489,3515,262,3
21490,3515,263,2
21491,3515,264,1
21492,3515,265,2
21493,3515,266,3
21494,3515,268,1
21495,3515,269,1
21496,3515,271,1
21497,3515,272,1
21498,3723,240,3
21499,3724,237,3
21500,3731,344,3
21501,3732,344,3
21502,3736,347,3
21503,3737,347,3
21504,3738,347,2
21505,3733,344,2
21506,3734,344,1
21507,3739,347,1
21508,3740,347,2
21509,3735,344,2
21510,3737,348,2
21511,3732,345,2
21512,3733,345,1
21513,3738,348,1
21514,3734,345,1
21515,3739,348,1
21516,3735,345,3
21517,3740,348,3
21518,3731,346,3
21519,3736,349,3
21520,3732,346,2
21521,3737,349,2
21522,3733,346,2
21523,3738,349,2
21524,3734,346,2
21525,3739,349,2
21526,3735,346,3
21527,3740,349,3
21528,3736,348,1
21529,3731,345,1
21530,3743,350,3
21531,3743,351,1
21532,3743,352,1
21533,3743,353,2
21534,3743,354,2
21535,3743,355,2
21536,3743,356,1
21537,3743,357,2
21538,3743,358,1
21539,3743,359,2
21540,3743,360,1
21541,3744,350,3
21542,3744,351,2
21543,3744,352,2
21544,3744,353,1
21545,3744,354,2
21546,3744,355,1
21547,3744,356,1
21548,3744,357,1
21549,3744,358,2
21550,3744,359,1
21551,3744,360,1
21552,3745,350,3
21553,3745,351,2
21554,3745,352,2
21555,3745,353,1
21556,3745,354,1
21557,3745,355,1
21558,3745,356,1
21559,3745,357,1
21560,3745,358,1
21561,3745,359,1
21562,3745,360,1
21563,3751,350,3
21564,3751,351,2
21565,3751,352,2
21566,3751,353,1
21567,3751,354,1
21568,3751,355,1
21569,3751,356,1
21570,3751,357,1
21571,3751,358,1
21572,3751,359,1
21573,3751,360,1
21574,3753,350,3
21575,3753,351,2
21576,3753,352,2
21577,3753,353,1
21578,3753,354,1
21579,3753,355,1
21580,3753,356,1
21581,3753,357,1
21582,3753,358,1
21583,3753,359,1
21584,3753,360,1
21585,3754,350,3
21586,3754,351,2
21587,3754,352,3
21588,3754,353,1
21589,3754,354,2
21590,3754,355,1
21591,3754,356,1
21592,3754,357,1
21593,3754,358,1
21594,3754,359,1
21595,3754,360,1
21596,3444,187,2
21597,3442,187,2
21598,3443,187,2
21599,3441,187,2
21600,3444,188,2
21601,3442,188,2
21602,3443,188,2
21603,3441,188,2
21604,3442,189,2
21605,3756,309,1
21606,3756,311,3
21607,3756,312,2
21608,3756,314,1
21609,3756,316,2
21610,3756,318,3
21611,3756,319,1
21612,3444,196,1
21613,3440,196,1
21614,3442,196,1
21615,3443,196,1
21616,3441,196,1
21617,3441,195,1
21618,3757,209,2
21619,3757,215,2
21620,3757,216,1
21621,3758,209,2
21622,3758,211,2
21623,3758,213,3
21624,3758,215,2
21625,3758,219,1
21626,3758,220,1
21627,3759,209,2
21628,3759,211,3
21629,3759,212,2
21630,3759,213,1
21631,3759,215,1
21632,3759,219,1
21633,3759,220,1
21634,3760,209,2
21635,3760,210,2
21636,3760,211,3
21637,3760,212,2
21638,3760,215,2
21639,3760,219,2
21640,3760,220,1
21641,3761,209,2
21642,3761,210,1
21643,3761,211,2
21644,3761,212,2
21645,3761,213,3
21646,3761,215,1
21647,3761,218,1
21648,3761,219,2
21649,3761,220,1
21650,3762,209,2
21651,3762,210,2
21652,3762,211,2
21653,3762,212,1
21654,3762,215,2
21655,3762,219,1
21656,3762,220,2
21657,3509,224,3
21658,3499,224,3
21659,3500,224,3
21660,3501,224,3
21661,3502,224,3
21662,3498,225,1
21663,3499,225,2
21664,3500,225,2
21665,3501,225,3
21666,3502,225,3
21667,3509,225,3
21668,3498,226,2
21669,3499,226,3
21670,3500,226,1
21671,3501,226,3
21672,3502,226,2
21673,3509,226,3
21674,3498,227,2
21675,3499,227,3
21676,3500,227,2
21677,3501,227,3
21678,3502,227,3
21679,3509,227,3
21680,3498,228,1
21681,3499,228,2
21682,3500,228,3
21683,3501,228,2
21684,3502,228,2
21685,3509,228,3
21686,3498,229,3
21687,3499,229,3
21688,3500,229,2
21689,3501,229,3
21690,3502,229,1
21691,3509,229,3
21692,3498,230,2
21693,3499,230,2
21694,3500,230,3
21695,3501,230,2
21696,3502,230,1
21697,3509,230,3
21698,3498,231,2
21699,3499,231,2
21700,3500,231,2
21701,3501,231,3
21702,3502,231,1
21703,3509,231,3
21704,3498,232,1
21705,3499,232,2
21706,3500,232,3
21707,3501,232,2
21708,3502,232,1
21709,3509,232,3
21710,3498,276,2
21711,3499,276,3
21712,3500,276,3
21713,3501,276,3
21714,3502,276,2
21715,3509,276,3
21716,3498,277,1
21717,3499,277,2
21718,3500,277,2
21719,3501,277,2
21720,3502,277,2
21721,3509,277,3
21722,3498,278,2
21723,3499,278,2
21724,3500,278,2
21725,3501,278,2
21726,3502,278,1
21727,3509,278,3
21728,3446,185,2
21729,3516,262,2
21730,3516,263,3
21731,3516,264,1
21732,3516,265,1
21733,3516,266,3
21734,3516,267,3
21735,3516,268,3
21736,3516,269,2
21737,3516,270,1
21738,3516,272,1
21739,3516,273,3
21740,3517,273,2
21741,3517,263,1
21742,3517,264,2
21743,3517,265,1
21744,3517,266,3
21745,3517,267,3
21746,3517,268,1
21747,3517,269,3
21748,3517,270,1
21749,3517,271,1
21750,3517,272,3
21751,3518,273,2
21752,3518,262,1
21753,3518,263,1
21754,3518,264,3
21755,3518,265,1
21756,3518,266,2
21757,3518,268,1
21758,3518,269,2
21759,3519,271,1
21760,3519,272,2
21761,3519,273,1
21762,3519,262,3
21763,3519,263,3
21764,3519,264,1
21765,3519,266,3
21766,3519,268,1
21767,3519,269,2
21768,3520,270,2
21769,3520,271,1
21770,3520,273,1
21771,3520,262,3
21772,3520,263,1
21773,3520,264,2
21774,3520,265,2
21775,3520,266,3
21776,3520,267,2
21777,3520,268,3
21778,3520,269,2
21779,3521,269,3
21780,3521,270,3
21781,3521,271,3
21782,3521,272,1
21783,3521,273,2
21784,3521,262,3
21785,3521,263,2
21786,3521,264,2
21787,3521,265,3
21788,3521,266,1
21789,3521,267,3
21790,3521,268,1
21791,3447,186,2
21792,3451,186,3
21793,3450,186,3
21794,3449,186,3
21795,3448,186,1
21796,3451,187,1
21797,3450,187,1
21798,3449,187,3
21799,3448,187,1
21800,2414,197,3
21801,3451,188,2
21802,3450,188,2
21803,3449,188,2
21804,3448,188,2
21805,3137,301,1
21806,3138,301,2
21807,3139,301,2
21808,3135,302,1
21809,3136,302,2
21810,3137,302,3
21811,3138,303,1
21812,3135,304,2
21813,3138,304,1
21814,3135,305,2
21815,3137,305,1
21816,3138,306,1
21817,3135,307,2
21818,3503,209,1
21819,3504,209,3
21820,3505,209,2
21821,3503,211,3
21822,3504,211,3
21823,3505,211,2
21824,3508,211,3
21825,3504,212,1
21826,3505,212,2
21827,3506,212,1
21828,3507,213,1
21829,3507,220,2
21830,3508,220,1
21831,3505,220,1
21832,3779,311,3
21833,3779,310,2
21834,3780,312,1
21835,3780,313,3
21836,3780,319,1
21837,3781,319,2
21838,3782,316,2
21839,3783,317,1
21840,3783,312,3
21841,3783,313,3
21842,3784,312,2
21843,3784,310,3
21844,3781,310,2
21845,3781,312,1
21846,3317,320,2
21847,3318,320,3
21848,3316,321,3
21849,3317,322,2
21850,3318,322,3
21851,3319,322,3
21852,3320,322,2
21853,3316,322,3
21854,3317,321,1
21855,3318,321,1
21856,3320,321,1
21857,3317,323,2
21858,3318,323,2
21859,3317,324,1
21860,3319,324,2
21861,3594,324,3
21862,3594,326,3
21863,3595,322,2
21864,3595,324,3
21865,3595,326,2
21866,3798,344,3
21867,3798,345,1
21868,3798,346,1
21869,3799,344,3
21870,3799,345,3
21871,3799,346,3
21872,3800,344,3
21873,3800,345,2
21874,3800,346,3
21875,3801,344,3
21876,3801,345,1
21877,3801,346,3
21878,3802,344,3
21879,3802,345,2
21880,3802,346,3
21881,3798,347,3
21882,3799,347,3
21883,3800,347,3
21884,3801,347,3
21885,3802,347,3
21886,3799,348,3
21887,3800,348,3
21888,3802,348,2
21889,3798,349,1
21890,3799,349,3
21891,3800,349,3
21892,3801,349,3
21893,3802,349,3
21894,3785,210,1
21895,3766,209,1
21896,3786,212,1
21897,3785,211,2
21898,3808,214,3
21899,3809,218,3
21900,2584,320,2
21901,2584,322,3
21902,2584,321,2
21903,2584,324,3
21904,2584,325,1
21905,2584,327,2
21906,2584,329,1
21907,2584,330,2
21908,2584,331,3
21909,2585,320,3
21910,2585,321,2
21911,2585,322,1
21912,2585,323,1
21913,2585,324,3
21914,2585,325,1
21915,2585,326,2
21916,2585,329,1
21917,2585,330,1
21918,2585,331,2
21919,2586,320,2
21920,2586,321,2
21921,2586,322,3
21922,2586,323,2
21923,2586,324,3
21924,2586,326,1
21925,2586,327,1
21926,2586,330,1
21927,2586,331,3
21928,2587,320,3
21929,2587,321,2
21930,2587,322,1
21931,2587,323,3
21932,2587,324,2
21933,2587,325,3
21934,2587,326,3
21935,2587,327,1
21936,2587,328,1
21937,2587,330,2
21938,2587,331,3
21939,2588,320,2
21940,2588,321,2
21941,2588,322,3
21942,2588,323,2
21943,2588,324,1
21944,2588,325,3
21945,2588,329,2
21946,2588,330,1
21947,2588,331,2
21948,2590,320,2
21949,2590,321,1
21950,2590,322,2
21951,2590,324,3
21952,2590,325,1
21953,2590,326,2
21954,2590,329,1
21955,2590,330,1
21956,2590,331,3
21957,3815,185,2
21958,3815,186,3
21959,3814,187,2
21960,3813,187,2
21961,3814,189,1
21962,3813,189,1
21963,3812,189,2
21964,3811,189,1
21965,3822,189,3
21966,3822,196,1
21967,3811,196,1
21968,3823,185,2
21969,3824,185,1
21970,3825,185,1
21971,3826,185,1
21972,3827,185,1
21973,3828,185,1
21974,3824,186,2
21975,3825,186,3
21976,3826,186,2
21977,3827,186,3
21978,3828,186,2
21979,3823,187,1
21980,3824,187,2
21981,3825,187,2
21982,3823,195,1
21983,3766,320,3
21984,3785,320,2
21985,3786,320,2
21986,3808,320,3
21987,3809,320,1
21988,3810,320,1
21989,3766,321,3
21990,3785,321,2
21991,3786,321,2
21992,3808,321,2
21993,3809,321,3
21994,3810,321,1
21995,3766,322,1
21996,3785,322,2
21997,3786,322,2
21998,3808,322,2
21999,3809,322,2
22000,3810,322,2
22001,3766,323,2
22002,3785,323,1
22003,3786,323,2
22004,3808,323,1
22005,3809,323,1
22006,3810,323,1
22007,3766,324,2
22008,3785,324,2
22009,3786,324,3
22010,3808,324,1
22011,3809,324,1
22012,3810,324,1
22013,3766,325,2
22014,3785,325,2
22015,3786,325,2
22016,3808,325,2
22017,3809,325,2
22018,3810,325,1
22019,3766,326,2
22020,3785,326,2
22021,3786,326,3
22022,3808,326,1
22023,3809,326,1
22024,3810,326,1
22025,3766,327,1
22026,3785,327,1
22027,3786,327,1
22028,3808,327,1
22029,3809,327,1
22030,3810,327,1
22031,3766,328,1
22032,3785,328,1
22033,3786,328,1
22034,3808,328,1
22035,3809,328,1
22036,3810,328,1
22037,3766,329,3
22038,3785,329,2
22039,3786,329,2
22040,3808,329,3
22041,3809,329,2
22042,3810,329,3
22043,3766,330,2
22044,3785,330,2
22045,3786,330,2
22046,3808,330,3
22047,3809,330,3
22048,3810,330,3
22049,3766,331,2
22050,3785,331,1
22051,3786,331,3
22052,3808,331,2
22053,3809,331,2
22054,3810,331,2
22055,2298,197,3
22056,3829,249,2
22057,3831,249,3
22058,3832,249,3
22059,3829,250,2
22060,3829,251,3
22061,3830,253,3
22062,3831,253,3
22063,3832,250,3
22064,3832,253,3
22065,3833,257,3
22066,3833,259,2
22067,3830,249,3
22068,2414,198,2
22069,2414,199,2
22070,2414,200,2
22071,2414,201,2
22072,2414,207,1
22073,2414,208,2
22074,2417,197,2
22075,2417,198,2
22076,2417,199,2
22077,2417,200,1
22078,2417,201,2
22079,2417,208,2
22080,2419,197,2
22081,2419,198,1
22082,2419,199,1
22083,2419,200,1
22084,2419,201,2
22085,2419,207,2
22086,2419,208,2
22087,2421,197,2
22088,2421,198,2
22089,2421,199,1
22090,2421,201,1
22091,2421,208,1
22092,2423,197,3
22093,2423,198,2
22094,2423,199,2
22095,2423,200,2
22096,2423,201,2
22097,2423,203,1
22098,2423,206,2
22099,2423,207,2
22100,2423,208,2
22101,2424,197,3
22102,2424,198,2
22103,2424,199,2
22104,2424,200,1
22105,2424,201,1
22106,2424,203,1
22107,2424,205,1
22108,2424,206,2
22109,2424,208,2
22110,3834,224,3
22111,3834,225,3
22112,3834,226,2
22113,3834,227,3
22114,3834,228,3
22115,3834,229,2
22116,3834,230,3
22117,3834,231,3
22118,3834,232,3
22119,2444,197,3
22120,2444,198,1
22121,2444,199,2
22122,2444,200,1
22123,2444,201,2
22124,3834,276,1
22125,3834,278,1
22126,2444,208,2
22127,3835,224,2
22128,3835,225,3
22129,3835,226,2
22130,2445,197,3
22131,3835,227,2
22132,3835,228,2
22133,2445,198,2
22134,3835,229,3
22135,3835,230,1
22136,3835,231,2
22137,3835,232,1
22138,2445,199,2
22139,3835,277,2
22140,3835,278,1
22141,3836,224,3
22142,3836,225,2
22143,3836,226,3
22144,2445,200,2
22145,3836,227,2
22146,2445,201,2
22147,2445,202,1
22148,2445,208,2
22149,2446,197,1
22150,2446,199,1
22151,2446,201,1
22152,2446,208,1
22153,2447,197,2
22154,2447,198,1
22155,2448,207,3
22156,2448,208,2
22157,2448,197,3
22158,2448,198,2
22159,2448,199,2
22160,2448,201,1
22161,2448,202,1
22162,2449,197,1
22163,2449,198,1
22164,2449,199,1
22165,2449,201,1
22166,2449,208,1
22167,3763,152,1
22168,3836,228,3
22169,3836,229,2
22170,3836,230,3
22171,3836,231,2
22172,3836,232,1
22173,3836,276,3
22174,3836,277,2
22175,3836,278,3
22176,3763,155,2
22177,3837,224,2
22178,3837,225,3
22179,3763,158,2
22180,3837,226,2
22181,3837,227,3
22182,3837,228,2
22183,3837,229,3
22184,3837,230,2
22185,3837,231,1
22186,3837,232,1
22187,3837,276,1
22188,3837,278,3
22189,3838,224,3
22190,3838,225,2
22191,3838,226,2
22192,3838,227,3
22193,3838,228,3
22194,3838,229,1
22195,3838,230,2
22196,3838,231,1
22197,3838,276,1
22198,3838,277,1
22199,3838,278,1
22200,3763,161,2
22201,2414,262,2
22202,3763,164,1
22203,2414,263,2
22204,2414,264,2
22205,2414,265,2
22206,2414,266,1
22207,2414,267,1
22208,2414,272,2
22209,2417,262,1
22210,3763,170,1
22211,2417,263,2
22212,2417,264,1
22213,2417,265,1
22214,3763,173,1
22215,2417,272,1
22216,2419,262,2
22217,2419,263,2
22218,2419,264,2
22219,2419,265,2
22220,2419,271,1
22221,2419,272,1
22222,3763,182,1
22223,2421,262,1
22224,2421,263,1
22225,3764,149,1
22226,2421,265,1
22227,2421,272,1
22228,2423,262,2
22229,2423,263,2
22230,2423,264,2
22231,2423,265,1
22232,2423,266,1
22233,3764,152,1
22234,2423,271,1
22235,2423,272,2
22236,2424,262,2
22237,2424,263,2
22238,2424,264,2
22239,2424,265,2
22240,2424,266,1
22241,3764,155,2
22242,2424,271,2
22243,2424,272,1
22244,3764,158,2
22245,3764,161,1
22246,3764,164,1
22247,3764,173,1
22248,3764,176,2
22249,3764,179,1
22250,3765,152,2
22251,3765,155,1
22252,3765,158,2
22253,3608,209,2
22254,2444,262,2
22255,2444,263,2
22256,3609,209,3
22257,2444,264,2
22258,2444,265,1
22259,2444,266,1
22260,3610,209,1
22261,3611,209,3
22262,2444,272,1
22263,3612,209,2
22264,2445,262,2
22265,3608,210,1
22266,2445,263,2
22267,2445,264,2
22268,2445,265,2
22269,2445,266,2
22270,2445,272,2
22271,3609,210,2
22272,2446,262,1
22273,3610,210,2
22274,2446,263,1
22275,3611,210,3
22276,3612,210,3
22277,2446,272,1
22278,3608,211,1
22279,2447,262,2
22280,3608,213,1
22281,3609,211,1
22282,2447,263,2
22283,3610,211,1
22284,3609,213,2
22285,2447,265,1
22286,3611,211,1
22287,2447,266,1
22288,3612,211,1
22289,3610,213,1
22290,2447,272,2
22291,2448,262,2
22292,3611,213,2
22293,2448,263,2
22294,2448,264,3
22295,2448,265,2
22296,2448,266,2
22297,2448,267,1
22298,3612,213,2
22299,2448,268,2
22300,2448,272,2
22301,2449,262,1
22302,2449,263,1
22303,3612,212,1
22304,3765,164,1
22305,3765,167,1
22306,3765,173,1
22307,3765,176,2
22308,3869,320,2
22309,3870,320,2
22310,3871,320,2
22311,3872,320,1
22312,3873,320,3
22313,3874,320,3
22314,3869,237,2
22315,3870,237,2
22316,3871,237,2
22317,3872,237,1
22318,3873,237,3
22319,3874,237,3
22320,3869,238,2
22321,3870,238,1
22322,3871,238,1
22323,3765,179,3
22324,3872,238,1
22325,3873,238,2
22326,3874,238,1
22327,3869,239,2
22328,3870,239,1
22329,3871,239,2
22330,3872,239,1
22331,3765,182,1
22332,3873,239,2
22333,3874,239,2
22334,3767,149,2
22335,3767,152,1
22336,3869,240,2
22337,3870,240,1
22338,3871,240,2
22339,3872,240,1
22340,3873,240,1
22341,3874,240,3
22342,3869,241,1
22343,3870,241,1
22344,3871,241,2
22345,3872,241,3
22346,3873,241,2
22347,3874,241,2
22348,3869,242,2
22349,3870,242,2
22350,3871,242,1
22351,3872,242,3
22352,3873,242,1
22353,3874,242,1
22354,3869,243,1
22355,3870,243,2
22356,3871,243,1
22357,3872,243,2
22358,3873,243,2
22359,3874,243,3
22360,3869,244,3
22361,3870,244,3
22362,3871,244,2
22363,3872,244,1
22364,3873,244,3
22365,3874,244,2
22366,3869,245,2
22367,3870,245,2
22368,3871,245,1
22369,3872,245,2
22370,3873,245,3
22371,3874,245,3
22372,3869,246,2
22373,3870,246,1
22374,3871,246,1
22375,3872,246,3
22376,3873,246,3
22377,3874,246,2
22378,3869,247,3
22379,3870,247,2
22380,3871,247,2
22381,3872,247,3
22382,3873,247,2
22383,3874,247,3
22384,3869,248,2
22385,3870,248,1
22386,3871,248,1
22387,3872,248,3
22388,3873,248,3
22389,3874,248,3
22390,3767,161,2
22391,3767,167,1
22392,3608,224,2
22393,3609,224,2
22394,3610,224,2
22395,3611,224,2
22396,3612,224,2
22397,3608,225,2
22398,3609,225,2
22399,3610,225,2
22400,3611,225,2
22401,3612,225,2
22402,3608,226,1
22403,3767,170,1
22404,3609,226,1
22405,3767,173,1
22406,3610,226,2
22407,3611,226,1
22408,3612,226,2
22409,3608,227,1
22410,3609,227,2
22411,3610,227,2
22412,3611,227,2
22413,3612,227,2
22414,3768,158,1
22415,3768,161,1
22416,3768,164,3
22417,3768,167,1
22418,3608,276,2
22419,3609,276,2
22420,3768,170,2
22421,3768,176,1
22422,3768,179,1
22423,3768,182,1
22424,3769,149,1
22425,3769,152,1
22426,3769,155,2
22427,3769,158,2
22428,3769,161,1
22429,3769,164,1
22430,3769,167,3
22431,3769,176,2
22432,3769,179,1
22433,2635,282,3
22434,3409,284,2
22435,3410,284,2
22436,3412,284,1
22437,3409,293,3
22438,3411,286,1
22439,3410,282,2
22440,3412,287,3
22441,2653,280,3
22442,2656,280,1
22443,2707,280,2
22444,2635,280,2
22445,2651,282,2
22446,2653,284,2
22447,2653,285,3
22448,2656,285,3
22449,2656,287,1
22450,2656,295,2
22451,2707,297,2
22452,2707,284,1
22453,2635,296,2
22454,2649,293,3
22455,2651,286,3
22456,2707,281,2
22457,2651,284,2
22458,3746,361,3
22459,3746,362,3
22460,3746,363,2
22461,3746,364,1
22462,3746,366,2
22463,3746,367,2
22464,3746,368,1
22465,3747,361,2
22466,3747,362,1
22467,3747,363,1
22468,3747,365,1
22469,3747,366,1
22470,3747,367,2
22471,3747,368,1
22472,3747,372,1
22473,3748,363,3
22474,3749,361,2
22475,3749,362,1
22476,3749,363,2
22477,3749,366,3
22478,3750,363,1
22479,3750,366,1
22480,3750,367,2
22481,3752,362,2
22482,3752,363,2
22483,3752,367,1
22484,3752,369,1
22485,3752,365,1
22486,3752,366,1
22487,3816,262,1
22488,3817,262,2
22489,3820,262,2
22490,3821,262,2
22491,3816,263,2
22492,3818,263,2
22493,3819,263,2
22494,3820,263,3
22495,3821,263,3
22496,3816,264,3
22497,3817,264,3
22498,3818,264,2
22499,3819,264,2
22500,3820,264,3
22501,3821,264,1
22502,3817,265,1
22503,3818,265,2
22504,3819,265,2
22505,3820,265,2
22506,3821,265,2
22507,3816,266,3
22508,3817,266,3
22509,3818,266,3
22510,3819,266,2
22511,3820,266,3
22512,3821,266,2
22513,3816,267,3
22514,3816,268,3
22515,3817,267,2
22516,3817,268,2
22517,3818,267,1
22518,3818,268,1
22519,3818,269,1
22520,3818,272,2
22521,3819,267,1
22522,3820,267,1
22523,3778,262,3
22524,3776,263,2
22525,3777,264,1
22526,3876,264,3
22527,3776,267,3
22528,3875,269,2
22529,3877,270,3
22530,3777,271,3
22531,3877,266,1
22532,3876,273,1
22533,3889,262,2
22534,3889,264,1
22535,3890,263,3
22536,3891,262,1
22537,3892,262,3
22538,3893,262,1
22539,3890,264,3
22540,3891,263,2
22541,3892,264,1
22542,3894,263,2
22543,3889,265,3
22544,3889,266,1
22545,3890,267,1
22546,3889,267,2
22547,3890,265,2
22548,3891,265,2
22549,3891,268,2
22550,3879,263,2
22551,3892,270,2
22552,3893,266,1
22553,3880,263,1
22554,3894,265,2
22555,3892,268,1
22556,3881,263,3
22557,3889,272,1
22558,3889,270,1
22559,3890,269,1
22560,3882,263,2
22561,3890,271,2
22562,3891,273,1
22563,3893,271,2
22564,3894,268,1
22565,3894,271,1
22566,3893,273,1
22567,3895,262,1
22568,3895,265,2
22569,3895,268,3
22570,3895,271,3
22571,3896,263,3
22572,3895,267,1
22573,3896,266,2
22574,3897,263,3
22575,3897,262,2
22576,3899,262,1
22577,3898,264,1
22578,3897,266,2
22579,3897,269,1
22580,3899,265,1
22581,3898,268,1
22582,3899,269,2
22583,3898,272,1
22584,3896,272,1
22585,3899,272,2
22586,3896,269,2
22587,3883,263,2
22588,3878,264,2
22589,3880,264,3
22590,3882,264,3
22591,3878,267,1
22592,3879,267,3
22593,3881,267,2
22594,3880,268,3
22595,3883,269,1
22596,3884,262,3
22597,3884,263,3
22598,3884,273,3
22599,3884,272,1
22600,3884,271,3
22601,3884,270,2
22602,3884,269,1
22603,3884,268,1
22604,3884,267,2
22605,3884,266,2
22606,3884,265,3
22607,3884,264,2
22608,3885,262,3
22609,3885,263,3
22610,3885,264,2
22611,3885,265,3
22612,3885,266,1
22613,3885,268,3
22614,3885,269,1
22615,3885,270,1
22616,3885,271,2
22617,3885,272,2
22618,3885,273,3
22619,3886,262,2
22620,3886,263,2
22621,3886,264,2
22622,3886,265,2
22623,3886,266,2
22624,3886,268,2
22625,3886,271,3
22626,3886,272,3
22627,3886,273,3
22628,3887,262,1
22629,3887,263,3
22630,3887,264,3
22631,3887,265,3
22632,3887,266,2
22633,3887,268,2
22634,3887,273,2
22635,3888,263,2
22636,3888,264,1
22637,3888,265,2
22638,3888,266,3
22639,3888,268,2
22640,3888,270,2
22641,3888,273,3
22642,3888,272,2
22643,2465,262,3
22644,3869,321,1
22645,3870,321,1
22646,3871,321,3
22647,3869,322,3
22648,3870,322,3
22649,3871,322,3
22650,3872,322,3
22651,3873,322,2
22652,3874,322,2
22653,3869,323,1
22654,3871,323,2
22655,3874,323,1
22656,3869,324,1
22657,3871,324,2
22658,3872,324,2
22659,3873,324,1
22660,3874,324,1
22661,3869,325,1
22662,3870,325,1
22663,3871,325,1
22664,3873,325,1
22665,3869,326,2
22666,3870,326,1
22667,3871,326,1
22668,3874,326,1
22669,3864,151,3
22670,3864,154,3
22671,3864,157,2
22672,3868,151,3
22673,3865,151,3
22674,3867,151,3
22675,3866,151,3
22676,3868,154,3
22677,3865,154,3
22678,3867,154,3
22679,3866,154,3
22680,3868,157,2
22681,3865,157,2
22682,3867,157,2
22683,3866,157,2
22684,3864,175,1
22685,3868,175,1
22686,3865,175,1
22687,3867,175,1
22688,3866,175,1
22689,3864,184,1
22690,3868,184,1
22691,3865,184,1
22692,3867,184,1
22693,3866,184,1
22694,3869,262,1
22695,3870,262,1
22696,3871,262,2
22697,3872,262,1
22698,3873,262,2
22699,3869,263,2
22700,3874,262,2
22701,3870,263,1
22702,3871,263,1
22703,3872,263,2
22704,3873,263,3
22705,3874,263,2
22706,3869,264,2
22707,3870,264,2
22708,3871,264,1
22709,3872,264,3
22710,3873,264,3
22711,3874,264,2
22712,3869,265,2
22713,3870,265,1
22714,3871,265,1
22715,3872,265,2
22716,3873,265,2
22717,3874,265,3
22718,3869,266,3
22719,3870,266,2
22720,3871,266,1
22721,3872,266,3
22722,3873,266,3
22723,3874,266,2
22724,3869,267,2
22725,3870,267,1
22726,3871,267,3
22727,3872,267,2
22728,3873,267,3
22729,3874,267,3
22730,3869,268,3
22731,3918,309,2
22732,3870,268,2
22733,3871,268,2
22734,3872,268,1
22735,3919,312,3
22736,3873,268,3
22737,3874,268,2
22738,3920,316,2
22739,3869,269,2
22740,3920,318,3
22741,3870,269,3
22742,3921,317,3
22743,3871,269,2
22744,3872,269,3
22745,3873,269,2
22746,3874,269,2
22747,3869,270,2
22748,3870,270,1
22749,3871,270,2
22750,3872,270,2
22751,3873,270,2
22752,3874,270,3
22753,3869,271,1
22754,3870,271,2
22755,3871,271,1
22756,3872,271,1
22757,3873,271,1
22758,3874,271,2
22759,3869,272,2
22760,3870,272,1
22761,3871,272,1
22762,3872,272,2
22763,3873,272,2
22764,3874,272,3
22765,3869,273,2
22766,3870,273,1
22767,3871,273,1
22768,3872,273,1
22769,3873,273,1
22770,3874,273,3
22771,3869,209,1
22772,3869,210,1
22773,3869,211,1
22774,3869,214,2
22775,3869,217,1
22776,3869,219,1
22777,3870,209,1
22778,3870,210,1
22779,3870,211,1
22780,3870,214,1
22781,3870,215,1
22782,3870,218,1
22783,3871,219,2
22784,3871,220,1
22785,3871,209,1
22786,3871,211,1
22787,3871,214,1
22788,3871,215,2
22789,3872,218,1
22790,3872,219,1
22791,3872,209,2
22792,3872,210,2
22793,3872,211,1
22794,3872,214,1
22795,3872,215,1
22796,3873,218,1
22797,3873,219,2
22798,3873,220,1
22799,3873,209,1
22800,3873,210,1
22801,3874,210,1
22802,3874,211,1
22803,3874,214,1
22804,3874,215,1
22805,3874,217,1
22806,3874,218,1
22807,3922,344,3
22808,3923,344,3
22809,3926,344,3
22810,3924,344,3
22811,3925,344,3
22812,3922,345,2
22813,3923,345,3
22814,3924,345,3
22815,3925,345,2
22816,3926,345,3
22817,3922,346,3
22818,3923,346,3
22819,3924,346,3
22820,3925,346,3
22821,3926,346,3
22822,3181,220,3
22823,3610,276,2
22824,3611,276,1
22825,3612,276,2
22826,3608,277,2
22827,3609,277,2
22828,3610,277,2
22829,3611,277,2
22830,3612,277,2
22831,3608,278,2
22832,3609,278,2
22833,3610,278,2
22834,3611,278,2
22835,3612,278,2
22836,3608,232,1
22837,3609,232,1
22838,3610,232,1
22839,3611,232,1
22840,3612,232,1
22841,3608,320,2
22842,3609,320,2
22843,3557,361,2
22844,3610,320,2
22845,3556,361,2
22846,3611,320,2
22847,3612,320,2
22848,3608,321,1
22849,3609,321,1
22850,3610,321,1
22851,3555,361,2
22852,3611,321,1
22853,3554,361,2
22854,3612,321,1
22855,3553,361,2
22856,3552,361,2
22857,3608,325,1
22858,3609,325,1
22859,3610,325,1
22860,3611,325,1
22861,3612,325,1
22862,3608,327,1
22863,3609,327,1
22864,3608,326,1
22865,3609,326,1
22866,3610,326,1
22867,3610,327,1
22868,3611,326,1
22869,3611,327,1
22870,3612,326,1
22871,3612,327,1
22872,3608,331,2
22873,3609,331,2
22874,3610,331,2
22875,3611,331,2
22876,3552,372,1
22877,3612,331,2
22878,3553,372,1
22879,3554,372,1
22880,3555,372,1
22881,3556,372,1
22882,3557,372,1
22883,3552,370,1
22884,3553,370,1
22885,3554,370,1
22886,3555,370,1
22887,3556,370,1
22888,3557,370,1
22889,3552,364,1
22890,3553,364,1
22891,3554,364,1
22892,3555,364,1
22893,3556,364,1
22894,3557,364,1
22895,3755,365,2
22896,3755,372,1
22897,3755,361,2
22898,3755,362,1
22899,3928,361,1
22900,3928,362,1
22901,3928,363,1
22902,3928,364,1
22903,3928,365,2
22904,3928,366,1
22905,3929,361,1
22906,3929,362,1
22907,3929,366,1
22908,3929,369,1
22909,3929,372,1
22910,3930,361,1
22911,3930,362,2
22912,3930,364,1
22913,3930,365,2
22914,3930,366,1
22915,3931,361,1
22916,3931,362,3
22917,3931,365,2
22918,3931,372,1
22919,3932,361,1
22920,3932,362,3
22921,3932,365,2
22922,3932,372,1
22923,3029,320,3
22924,3030,320,3
22925,3031,320,3
22926,3032,320,3
22927,3033,320,3
22928,3038,320,2
22929,3029,321,3
22930,3030,321,2
22931,3031,321,3
22932,3032,321,2
22933,3033,321,2
22934,3038,321,2
22935,3029,322,3
22936,3030,322,3
22937,3031,322,2
22938,3032,322,3
22939,3033,322,2
22940,3038,322,2
22941,3029,323,1
22942,3030,323,2
22943,3031,323,1
22944,3032,323,2
22945,3033,323,1
22946,3038,323,1
22947,3029,324,3
22948,3030,324,3
22949,3031,324,3
22950,3032,324,3
22951,3033,324,2
22952,3038,324,2
22953,3029,325,3
22954,3030,325,2
22955,3031,325,2
22956,3032,325,1
22957,3033,325,2
22958,3038,325,2
22959,3030,326,2
22960,3031,326,2
22961,3032,326,2
22962,3033,326,2
22963,3038,326,2
22964,3029,327,2
22965,3030,327,2
22966,3031,327,2
22967,3032,327,2
22968,3038,327,2
22969,3029,328,3
22970,3030,328,2
22971,3031,328,2
22972,3032,328,2
22973,3033,328,2
22974,3038,328,2
22975,3029,329,3
22976,3030,329,3
22977,3031,329,2
22978,3032,329,3
22979,3033,329,2
22980,3038,329,3
22981,3029,330,3
22982,3030,330,2
22983,3031,330,2
22984,3032,330,2
22985,3033,330,2
22986,3038,330,2
22987,3029,331,3
22988,3030,331,2
22989,3031,331,2
22990,3032,331,2
22991,3033,331,2
22992,3038,331,2
22993,3033,327,2
22994,3803,332,2
22995,3804,332,3
22996,3805,332,2
22997,3806,332,2
22998,3807,332,1
22999,3803,333,3
23000,3804,333,2
23001,3805,333,2
23002,3806,333,2
23003,3807,333,1
23004,3803,334,1
23005,3804,334,2
23006,3805,334,2
23007,3806,334,2
23008,3807,334,1
23009,3803,335,1
23010,3804,335,2
23011,3805,335,2
23012,3806,335,2
23013,3807,335,2
23014,3803,336,2
23015,3804,336,2
23016,3805,336,2
23017,3806,336,2
23018,3807,336,2
23019,3803,337,3
23020,3804,337,3
23021,3805,337,2
23022,3806,337,2
23023,3807,337,2
23024,3041,338,2
23025,3042,338,2
23026,3043,338,2
23027,3933,338,2
23028,3934,338,2
23029,3041,339,2
23030,3042,339,2
23031,3043,339,2
23032,3933,339,2
23033,3934,339,2
23034,3041,340,2
23035,3042,340,2
23036,3043,340,2
23037,3933,340,2
23038,3934,340,2
23039,3041,341,3
23040,3042,341,2
23041,3043,341,2
23042,3933,341,2
23043,3934,341,2
23044,3041,342,2
23045,3042,342,1
23046,3043,342,1
23047,3933,342,2
23048,3934,342,2
23049,3041,343,2
23050,3042,343,2
23051,3043,343,1
23052,3933,343,1
23053,3934,343,1
23054,3941,280,1
23055,3941,281,3
23056,3941,282,2
23057,3941,283,2
23058,3941,284,2
23059,3941,287,2
23060,3941,295,1
23061,3941,296,2
23062,3941,293,1
23063,3670,160,2
23064,3661,172,1
23065,2251,157,1
23066,2653,283,2
23067,3943,280,2
23068,3944,280,2
23069,3945,280,2
23070,3946,280,2
23071,3943,281,2
23072,3944,281,2
23073,3944,284,1
23074,3945,284,1
23075,3946,284,1
23076,3943,285,3
23077,3944,285,3
23078,3945,285,3
23079,3946,285,3
23080,3941,286,2
23081,3942,293,2
23082,3943,293,2
23083,3944,295,2
23084,3944,296,3
23085,3944,297,2
23086,3935,280,1
23087,3935,281,2
23088,3935,282,1
23089,3935,285,2
23090,3935,293,2
23091,3935,295,2
23092,3935,296,3
23093,3935,297,2
23094,3947,280,1
23095,3947,281,2
23096,3947,282,1
23097,3947,283,2
23098,3947,284,1
23099,3947,285,3
23100,3947,293,1
23101,3947,296,3
23102,3947,297,1
23103,3951,280,1
23104,3951,281,2
23105,3951,282,1
23106,3951,283,2
23107,3951,284,1
23108,3951,285,2
23109,3951,293,1
23110,3951,295,2
23111,3951,296,1
23112,3951,297,1
23113,3949,281,2
23114,3949,282,2
23115,3949,283,1
23116,3949,284,1
23117,3949,285,1
23118,3949,293,1
23119,3949,295,2
23120,3949,296,1
23121,3949,297,1
23122,3948,280,3
23123,3948,281,2
23124,3948,282,1
23125,3948,285,2
23126,3948,296,3
23127,3948,297,2
23128,3950,280,1
23129,3950,281,1
23130,3950,285,2
23131,3950,293,1
23132,3950,295,2
23133,3950,296,1
23134,3950,297,2
23135,3952,280,3
23136,3952,281,3
23137,3953,280,1
23138,3953,281,3
23139,3953,285,2
23140,3953,296,1
23141,3954,280,1
23142,3954,281,3
23143,3954,285,1
23144,3954,295,1
23145,3955,280,1
23146,3955,281,3
23147,3955,285,2
23148,3956,280,1
23149,3956,281,3
23150,3956,285,2
23151,3957,280,1
23152,3957,281,3
23153,3957,285,2
23154,3957,295,2
23155,3957,297,1
23156,2466,262,2
23157,2468,262,1
23158,2467,262,2
23159,3793,197,3
23160,3794,197,3
23161,3795,197,3
23162,3796,197,3
23163,3797,197,3
23164,3793,198,2
23165,3794,198,2
23166,3795,198,3
23167,3796,198,3
23168,3797,198,3
23169,3794,199,2
23170,3795,199,3
23171,3796,199,2
23172,3797,199,2
23173,3793,200,1
23174,3795,200,1
23175,3796,200,2
23176,3797,200,2
23177,3793,201,1
23178,3794,201,1
23179,3795,201,2
23180,3796,201,2
23181,3797,201,2
23182,3793,202,2
23183,3794,202,2
23184,3795,202,2
23185,3796,202,2
23186,3797,202,2
23187,3793,203,2
23188,3794,203,2
23189,3795,203,2
23190,3796,203,2
23191,3797,203,2
23192,3793,204,1
23193,3794,204,2
23194,3795,204,2
23195,3796,204,2
23196,3797,204,2
23197,3794,205,1
23198,3795,205,3
23199,3796,205,3
23200,3797,205,3
23201,3793,206,1
23202,3793,207,1
23203,3793,208,2
23204,3794,206,1
23205,3794,207,2
23206,3794,208,2
23207,3795,206,2
23208,3795,207,2
23209,3795,208,2
23210,3796,206,2
23211,3796,207,2
23212,3796,208,2
23213,3797,206,2
23214,3797,207,2
23215,3797,208,2
23216,3927,361,3
23217,3927,362,3
23218,3770,185,1
23219,3771,185,2
23220,3772,185,3
23221,3773,185,1
23222,3770,186,1
23223,3771,186,3
23224,3772,186,3
23225,3773,186,3
23226,3774,186,2
23227,3771,187,2
23228,3772,187,3
23229,3773,187,3
23230,3774,187,3
23231,3772,189,2
23232,3773,189,3
23233,3774,189,3
23234,3771,190,2
23235,3772,190,2
23236,3773,190,3
23237,3774,190,3
23238,3775,193,3
23239,3775,194,3
23240,3771,196,2
23241,3772,196,2
23242,3773,196,3
23243,3774,196,2
23244,3775,196,3
23245,3979,186,3
23246,3979,187,3
23247,3979,188,1
23248,3979,189,3
23249,3980,185,3
23250,3980,186,3
23251,3980,187,3
23252,3980,188,1
23253,3980,189,3
23254,3980,190,3
23255,3978,186,3
23256,3978,187,3
23257,3978,188,1
23258,3978,189,2
23259,3979,185,3
23260,3979,190,3
23261,3981,187,3
23262,3981,189,3
23263,3981,190,3
23264,3982,186,3
23265,3982,187,3
23266,3982,188,1
23267,3982,189,3
23268,3982,190,3
23269,3983,186,3
23270,3983,189,3
23271,3983,190,3
23272,3983,188,1
23273,2040,230,1
23274,2041,230,1
23275,2042,230,1
23276,2043,230,1
23277,2056,230,1
23278,2057,230,1
23279,3987,224,2
23280,3993,157,3
23281,3993,160,2
23282,3993,169,1
23283,4001,297,2
23284,4001,280,3
23285,4001,281,2
23286,4001,282,1
23287,4001,283,1
23288,4002,297,2
23289,4002,280,2
23290,4002,281,3
23291,4002,282,1
23292,4002,283,2
23293,4003,280,2
23294,4003,282,1
23295,4003,285,2
23296,4003,297,3
23297,4004,297,3
23298,4004,280,2
23299,4004,281,3
23300,4004,283,1
23301,4005,297,3
23302,4005,280,2
23303,4005,281,2
23304,4005,283,2
23305,4007,297,2
23306,4007,280,3
23307,4007,283,2
23308,4007,285,1
23309,4018,280,2
23310,4019,280,3
23311,4020,280,3
23312,4021,280,2
23313,4022,280,1
23314,4023,280,1
23315,4018,281,2
23316,4019,281,2
23317,4037,150,1
23318,4039,150,2
23319,4041,150,1
23320,4036,153,1
23321,4036,156,2
23322,4036,159,2
23323,4036,162,2
23324,4036,168,1
23325,4036,177,1
23326,4036,165,1
23327,4036,171,1
23328,4036,174,1
23329,4036,183,1
23330,4037,153,1
23331,4037,156,2
23332,4037,159,2
23333,4037,162,1
23334,4037,165,1
23335,4037,174,1
23336,4037,177,2
23337,4037,180,1
23338,4038,153,2
23339,4038,156,1
23340,4038,159,2
23341,4038,165,1
23342,4038,168,1
23343,4038,174,1
23344,4038,177,2
23345,4038,180,3
23346,4038,183,1
23347,4039,153,1
23348,4039,159,2
23349,4039,165,1
23350,4039,168,1
23351,4039,171,1
23352,4040,159,1
23353,4040,162,1
23354,4040,165,3
23355,4040,168,1
23356,4040,171,2
23357,4040,177,1
23358,4040,180,1
23359,4040,183,1
23360,4041,153,1
23361,4041,156,2
23362,4041,159,2
23363,4041,162,1
23364,4041,165,1
23365,4041,168,3
23366,4041,177,2
23367,4041,180,1
23368,3911,224,3
23369,3915,224,3
23370,3912,224,3
23371,3912,225,3
23372,3913,225,3
23373,3914,225,3
23374,3916,225,3
23375,3916,226,3
23376,3911,225,3
23377,3913,224,3
23378,3914,224,3
23379,3916,224,3
23380,3915,225,3
23381,3911,226,3
23382,3915,226,3
23383,3912,226,3
23384,3913,226,3
23385,3914,226,3
23386,3911,227,3
23387,3915,227,3
23388,3912,227,3
23389,3913,227,3
23390,3914,227,3
23391,3916,227,3
23392,3911,228,3
23393,3915,228,3
23394,3912,228,3
23395,3913,228,3
23396,3914,228,3
23397,3916,228,3
23398,3911,229,2
23399,3915,229,2
23400,3912,229,2
23401,3913,229,2
23402,3914,229,2
23403,3916,229,2
23404,3911,230,1
23405,3915,230,1
23406,3912,230,1
23407,3913,230,1
23408,3914,230,1
23409,3916,230,1
23410,3911,231,1
23411,3915,231,1
23412,3912,231,1
23413,3913,231,1
23414,3914,231,1
23415,3916,231,1
23416,3911,232,2
23417,3915,232,2
23418,3912,232,2
23419,3913,232,2
23420,3914,232,2
23421,3916,232,2
23422,3911,276,2
23423,3915,276,2
23424,3912,276,2
23425,3913,276,2
23426,3914,276,2
23427,3916,276,2
23428,3911,277,1
23429,3915,277,1
23430,3912,277,2
23431,3913,277,2
23432,3914,277,2
23433,3916,277,2
23434,3911,278,1
23435,3915,278,1
23436,3912,278,1
23437,3913,278,1
23438,3914,278,1
23439,3916,278,1
23440,3964,361,3
23441,3965,361,3
23442,3966,361,3
23443,3967,361,3
23444,3968,361,3
23445,3964,362,3
23446,3965,362,3
23447,3966,362,3
23448,3967,362,3
23449,3968,362,3
23450,3927,363,3
23451,3964,363,2
23452,3965,363,2
23453,3966,363,3
23454,3967,363,3
23455,3968,363,3
23456,3927,364,2
23457,3964,364,1
23458,3965,364,2
23459,4048,185,2
23460,4049,185,3
23461,4053,185,2
23462,4054,185,2
23463,4055,185,2
23464,4056,185,2
23465,4049,188,2
23466,4049,189,2
23467,4049,192,3
23468,4053,187,2
23469,4053,188,2
23470,4053,192,3
23471,4054,187,3
23472,4055,186,3
23473,4055,187,2
23474,4055,188,3
23475,4055,192,3
23476,3966,364,3
23477,3967,364,3
23478,3968,364,3
23479,3927,365,3
23480,3964,365,3
23481,3965,365,2
23482,3966,365,3
23483,3967,365,2
23484,3968,365,3
23485,3927,366,3
23486,3964,366,3
23487,3965,366,3
23488,3966,366,3
23489,3967,366,3
23490,3968,366,3
23491,3968,367,3
23492,3927,367,2
23493,3964,367,2
23494,3965,367,2
23495,3966,367,2
23496,3967,367,3
23497,3927,368,2
23498,3964,368,1
23499,3965,368,1
23500,3966,368,1
23501,3967,368,1
23502,3968,368,2
23503,3927,369,2
23504,3964,369,2
23505,3965,369,2
23506,3966,369,2
23507,3967,369,3
23508,3968,369,2
23509,3927,370,2
23510,3964,370,2
23511,3965,370,2
23512,3966,370,2
23513,3967,370,2
23514,3968,370,2
23515,3927,371,2
23516,3964,371,1
23517,3965,371,1
23518,3966,371,1
23519,3967,371,1
23520,3968,371,2
23521,3927,372,1
23522,3964,372,2
23523,3965,372,3
23524,3966,372,2
23525,3967,372,2
23526,3968,372,3
23527,3869,280,2
23528,3869,281,1
23529,3869,282,1
23530,3869,283,1
23531,3869,293,1
23532,3870,280,2
23533,3870,281,2
23534,3870,283,3
23535,3870,285,1
23536,3871,280,2
23537,3871,281,1
23538,3871,282,1
23539,3871,283,2
23540,3871,284,2
23541,3872,280,2
23542,3872,281,2
23543,3872,282,2
23544,3872,283,1
23545,3872,284,1
23546,3873,280,1
23547,3873,281,2
23548,3873,282,2
23549,3873,284,1
23550,3874,280,1
23551,3874,281,2
23552,3874,282,2
23553,3874,283,2
23554,2470,262,1
23555,2466,263,2
23556,2465,263,1
23557,2468,263,1
23558,2470,263,1
23559,2464,264,3
23560,2465,264,2
23561,2466,264,2
23562,2467,264,1
23563,2468,264,2
23564,2470,264,2
23565,2470,265,2
23566,2465,265,1
23567,2466,265,1
23568,2467,265,2
23569,2468,265,1
23570,2470,266,3
23571,2464,266,2
23572,2465,266,1
23573,2466,266,2
23574,2467,266,1
23575,2468,266,2
23576,2464,267,1
23577,2465,267,1
23578,2466,267,1
23579,2464,268,1
23580,2465,268,1
23581,2467,268,1
23582,2470,268,1
23583,2464,269,2
23584,2465,269,2
23585,2466,269,1
23586,2467,269,2
23587,2468,269,1
23588,2470,269,1
23589,2470,270,2
23590,2464,270,1
23591,2466,270,1
23592,2468,270,1
23593,2464,271,3
23594,2465,271,3
23595,2466,271,3
23596,2467,271,3
23597,2468,271,3
23598,2470,271,3
23599,2464,272,1
23600,2465,272,2
23601,2466,272,1
23602,2467,272,1
23603,2468,272,1
23604,2470,272,1
23605,2470,273,1
23606,2464,273,2
23607,2465,273,1
23608,2466,273,3
23609,2467,273,2
23610,2468,273,1
23611,3969,298,3
23612,3970,298,3
23613,3998,298,3
23614,4000,298,3
23615,3999,298,3
23616,3999,299,3
23617,3969,299,3
23618,3970,299,3
23619,3998,299,3
23620,4000,299,3
23621,3969,300,2
23622,3970,300,2
23623,3998,300,2
23624,4000,300,2
23625,3999,300,2
23626,3969,301,2
23627,3970,301,2
23628,3998,301,2
23629,4000,301,2
23630,3999,301,2
23631,3969,302,1
23632,3970,302,1
23633,3998,302,1
23634,4000,302,1
23635,3999,302,1
23636,3969,306,1
23637,3999,306,1
23638,4000,306,1
23639,3998,306,1
23640,3970,306,1
23641,2862,249,2
23642,2866,249,1
23643,2869,249,1
23644,2872,249,1
23645,2862,280,2
23646,2866,280,2
23647,2869,280,3
23648,2872,280,3
23649,2876,249,1
23650,2876,224,1
23651,2876,280,2
23652,3936,249,2
23653,3937,249,2
23654,3938,249,2
23655,3939,249,2
23656,3940,249,2
23657,3936,255,1
23658,3937,255,1
23659,3938,255,1
23660,3939,255,1
23661,3940,255,1
23662,3936,260,1
23663,3937,260,1
23664,3938,260,1
23665,3939,260,1
23666,3940,260,1
23667,3987,230,1
23668,3989,225,3
23669,3989,226,3
23670,3989,227,2
23671,3989,276,1
23672,3989,224,2
23673,3990,225,2
23674,3990,226,3
23675,3990,227,2
23676,3990,228,1
23677,3990,224,2
23678,3991,225,3
23679,3991,226,2
23680,3991,227,2
23681,3991,228,1
23682,3991,230,1
23683,3991,232,1
23684,3991,276,2
23685,3991,277,1
23686,3991,224,2
23687,3992,225,1
23688,3992,226,2
23689,3992,227,1
23690,3992,228,3
23691,3992,229,1
23692,3992,230,1
23693,3992,231,1
23694,3992,232,2
23695,3992,276,3
23696,3992,278,1
23697,3992,224,1
23698,3988,224,3
23699,3988,225,2
23700,3988,226,1
23701,2525,320,2
23702,2526,320,3
23703,2530,320,3
23704,2531,320,2
23705,2532,320,3
23706,2534,320,3
23707,2526,321,1
23708,2530,321,1
23709,2531,321,2
23710,2532,321,2
23711,2534,321,2
23712,2862,225,2
23713,2862,226,2
23714,2866,226,2
23715,2876,226,2
23716,2961,262,2
23717,3435,200,3
23718,3435,263,1
23719,4067,224,1
23720,4069,224,3
23721,4066,228,1
23722,4066,229,1
23723,4066,232,1
23724,4066,276,3
23725,4066,277,1
23726,4066,278,1
23727,4067,229,2
23728,4067,232,1
23729,4067,276,1
23730,4067,277,3
23731,4067,278,2
23732,4068,232,1
23733,4068,276,3
23734,4068,277,1
23735,4068,225,1
23736,4070,232,1
23737,4070,276,3
23738,4070,277,1
23739,4070,278,1
23740,4069,225,2
23741,4069,227,2
23742,4069,228,2
23743,4069,232,1
23744,4069,276,1
23745,4069,277,1
23746,4069,278,3
23747,4071,232,2
23748,4071,226,1
23749,4071,229,1
23750,4071,230,1
23751,4071,276,2
23752,4071,278,2
23753,4072,229,1
23754,4072,231,1
23755,4072,232,2
23756,4072,277,1
23757,4072,278,2
23758,4073,228,2
23759,4073,230,1
23760,4073,231,1
23761,4073,232,2
23762,4073,276,2
23763,4073,278,2
23764,4074,229,1
23765,4074,230,2
23766,4074,232,1
23767,4074,276,2
23768,4074,277,2
23769,4074,278,2
23770,4075,228,2
23771,4075,229,1
23772,4075,230,1
23773,4075,232,2
23774,4075,276,2
23775,4075,277,1
23776,4075,278,1
23777,4076,344,1
23778,4077,344,3
23779,4077,345,1
23780,4076,346,3
23781,4077,346,3
23782,4078,309,3
23783,4078,310,2
23784,4079,312,3
23785,4081,313,3
23786,4081,314,2
23787,4081,315,1
23788,4079,315,2
23789,4020,281,2
23790,4021,281,3
23791,4022,281,2
23792,4023,281,1
23793,4018,282,2
23794,4019,282,1
23795,4020,282,2
23796,4021,282,2
23797,4022,282,2
23798,4023,282,2
23799,4018,283,3
23800,4019,283,3
23801,4020,283,3
23802,4021,283,3
23803,4022,283,3
23804,4023,283,3
23805,4018,284,1
23806,4019,284,1
23807,4020,284,1
23808,4021,284,1
23809,4022,284,1
23810,4023,284,1
23811,4018,285,1
23812,4019,285,2
23813,4020,285,3
23814,4021,285,3
23815,4022,285,3
23816,4023,285,3
23817,4018,286,1
23818,4019,286,1
23819,4020,286,1
23820,4021,286,1
23821,4022,286,1
23822,4023,286,1
23823,4018,287,2
23824,4019,287,2
23825,4020,287,2
23826,4021,287,2
23827,4022,287,2
23828,4023,287,2
23829,4018,293,2
23830,4019,293,2
23831,4020,293,2
23832,4021,293,2
23833,4022,293,2
23834,4023,293,2
23835,4018,295,2
23836,4019,295,2
23837,4020,295,2
23838,4021,295,2
23839,4022,295,3
23840,4023,295,3
23841,4018,296,3
23842,4019,296,2
23843,4020,296,3
23844,4021,296,2
23845,4022,296,3
23846,4023,296,2
23847,4018,297,2
23848,4019,297,2
23849,4020,297,1
23850,4021,297,3
23851,4022,297,2
23852,4023,297,3
23853,4024,280,3
23854,4025,280,3
23855,4026,280,3
23856,4027,280,3
23857,4028,280,3
23858,4029,280,2
23859,4024,281,3
23860,4025,281,2
23861,4026,281,2
23862,4027,281,2
23863,4028,281,2
23864,4029,281,2
23865,4024,282,2
23866,4025,282,2
23867,4026,282,2
23868,4027,282,2
23869,4028,282,2
23870,4029,282,2
23871,4024,283,2
23872,4025,283,2
23873,4026,283,2
23874,4027,283,1
23875,4028,283,1
23876,4029,283,2
23877,4024,284,1
23878,4025,284,1
23879,4026,284,1
23880,4027,284,1
23881,4028,284,1
23882,4029,284,1
23883,4024,285,2
23884,4025,285,2
23885,4026,285,2
23886,4027,285,2
23887,4028,285,2
23888,4029,285,2
23889,4024,286,3
23890,4025,286,1
23891,4026,286,1
23892,4027,286,1
23893,4028,286,1
23894,4029,286,1
23895,4024,287,2
23896,4025,287,2
23897,4026,287,1
23898,4027,287,2
23899,4028,287,1
23900,4029,287,1
23901,4024,293,3
23902,4025,293,3
23903,4026,293,1
23904,4027,293,1
23905,4028,293,1
23906,4029,293,3
23907,4024,295,3
23908,4025,295,3
23909,4026,295,1
23910,4027,295,3
23911,4028,295,3
23912,4029,295,1
23913,4024,296,2
23914,4025,296,3
23915,4026,296,1
23916,4027,296,2
23917,4028,296,2
23918,4029,296,1
23919,4024,297,2
23920,4025,297,2
23921,4026,297,1
23922,4027,297,2
23923,4028,297,2
23924,4029,297,2
23925,4030,280,3
23926,4031,280,2
23927,4032,280,2
23928,4033,280,2
23929,4034,280,1
23930,4035,280,2
23931,4030,281,3
23932,4031,281,3
23933,4032,281,1
23934,4033,281,3
23935,4034,281,3
23936,4035,281,3
23937,4030,282,2
23938,4031,282,2
23939,4032,282,2
23940,4033,282,3
23941,4034,282,3
23942,4035,282,3
23943,4030,283,3
23944,4031,283,2
23945,4032,283,1
23946,4033,283,1
23947,4034,283,2
23948,4035,283,1
23949,4030,284,1
23950,4031,284,1
23951,4032,284,1
23952,4033,284,1
23953,4034,284,1
23954,4035,284,2
23955,4030,285,2
23956,4031,285,1
23957,4032,285,1
23958,4033,285,1
23959,4034,285,2
23960,4035,285,2
23961,4030,286,1
23962,4031,286,2
23963,4032,286,1
23964,4033,286,3
23965,4034,286,3
23966,4035,286,3
23967,4030,287,2
23968,4031,287,2
23969,4032,287,1
23970,4033,287,1
23971,4034,287,2
23972,4035,287,2
23973,4030,293,1
23974,4031,293,2
23975,4032,293,2
23976,4033,293,3
23977,4034,293,3
23978,4035,293,3
23979,4030,295,2
23980,4031,295,2
23981,4032,295,3
23982,4033,295,3
23983,4034,295,3
23984,4035,295,3
23985,4030,296,2
23986,4031,296,2
23987,4032,296,3
23988,4033,296,3
23989,4034,296,3
23990,4035,296,3
23991,4030,297,1
23992,4031,297,1
23993,4032,297,1
23994,4033,297,3
23995,4034,297,3
23996,4035,297,1
23997,2862,185,3
23998,2866,185,3
23999,2869,185,3
24000,2872,185,3
24001,2876,185,3
24002,3936,185,3
24003,3937,185,3
24004,3938,185,3
24005,3939,185,3
24006,3940,185,3
24007,2883,320,1
24008,2888,320,1
24009,2893,320,3
24010,2878,321,1
24011,2888,321,2
24012,2893,321,3
24013,2893,322,3
24014,2883,323,1
24015,2897,324,2
24016,4065,323,3
24017,2893,326,3
24018,2897,325,2
24019,4065,325,1
24020,2897,327,2
24021,2878,328,1
24022,2897,328,1
24023,2883,329,1
24024,2888,330,1
24025,2878,330,2
24026,2893,331,1
24027,4065,331,2
24028,3492,186,3
24029,3492,185,3
24030,3493,185,2
24031,3492,187,3
24032,3493,186,3
24033,3493,187,3
24034,3494,185,2
24035,3494,186,3
24036,3494,187,3
24037,3495,185,2
24038,3495,186,3
24039,3495,187,3
24040,3496,185,2
24041,3496,186,3
24042,3496,187,3
24043,3497,185,2
24044,3497,186,3
24045,3497,187,3
24046,3497,189,2
24047,3497,190,3
24048,3496,190,3
24049,3495,190,3
24050,3493,190,3
24051,3936,262,3
24052,3937,262,2
24053,3940,262,2
24054,3936,263,2
24055,3937,263,1
24056,3939,265,1
24057,3994,281,3
24058,3995,281,3
24059,3996,281,3
24060,4084,281,3
24061,3996,283,3
24062,3997,283,3
24063,3996,285,1
24064,4085,286,3
24065,4086,185,2
24066,4090,185,3
24067,4091,185,1
24068,4088,185,2
24069,4089,185,3
24070,4087,185,2
24071,4086,186,2
24072,4090,186,2
24073,4091,186,2
24074,4088,186,3
24075,4089,186,2
24076,4087,186,2
24077,4090,187,2
24078,4087,187,2
24079,4087,188,3
24080,4086,189,1
24081,4087,195,3
24082,4087,196,2
24083,4092,344,3
24084,4092,345,1
24085,4092,346,2
24086,4093,344,3
24087,4093,345,1
24088,4093,346,2
24089,4094,344,3
24090,4095,344,3
24091,4095,345,1
24092,4095,346,2
24093,4094,345,1
24094,4094,346,2
24095,4096,344,3
24096,4096,345,1
24097,4096,346,2
24098,4097,347,3
24099,4135,347,3
24100,4136,347,3
24101,4137,347,3
24102,4138,347,3
24103,4097,348,1
24104,4135,348,1
24105,4136,348,1
24106,4137,348,1
24107,4138,348,1
24108,4097,349,2
24109,4135,349,2
24110,4136,349,2
24111,4137,349,2
24112,4138,349,2
24113,2180,201,2
24114,2180,203,2
24115,2180,206,3
24116,2181,201,2
24117,2181,203,2
24118,2181,206,3
24119,2182,201,2
24120,2182,203,1
24121,2182,206,2
24122,2183,201,2
24123,2183,203,1
24124,2183,206,2
24125,2184,201,3
24126,2184,203,3
24127,2184,206,3
24128,4165,189,2
24129,4166,188,2
24130,4165,185,2
24131,4165,186,3
24132,4165,188,3
24133,4166,189,2
24134,4166,185,2
24135,4166,186,3
24136,4167,186,3
24137,4167,187,2
24138,4167,188,3
24139,4167,189,2
24140,4172,346,3
24141,4172,344,3
24142,4168,344,2
24143,4169,344,2
24144,4170,344,2
24145,4171,344,2
24146,4168,345,2
24147,4169,345,2
24148,4171,345,2
24149,4172,345,2
24150,4168,346,2
24151,4169,346,3
24152,4170,346,2
24153,4171,346,2
24154,4173,347,2
24155,4174,347,2
24156,4175,347,2
24157,4176,347,2
24158,4177,347,3
24159,4173,348,2
24160,4174,348,2
24161,4176,348,2
24162,4177,348,2
24163,4173,349,2
24164,4174,349,3
24165,4175,349,2
24166,4176,349,2
24167,4177,349,3
24168,4160,347,3
24169,4161,347,3
24170,4162,348,2
24171,4163,348,2
24172,4164,349,2
24173,4160,349,2
24174,4162,347,3
24175,4163,347,3
24176,4164,347,2
24177,4160,348,2
24178,4161,348,2
24179,4164,348,3
24180,4155,344,3
24181,4156,344,3
24182,4157,344,3
24183,4158,344,3
24184,4159,344,2
24185,4155,345,2
24186,4156,345,2
24187,4157,345,2
24188,4158,345,2
24189,4159,345,3
24190,4159,346,2
24191,2299,197,3
24192,2300,197,1
24193,2301,197,2
24194,2302,197,1
24195,2298,198,1
24196,2299,198,3
24197,2300,198,1
24198,2301,198,2
24199,2302,198,1
24200,2298,199,1
24201,2299,199,2
24202,2300,199,2
24203,2301,199,2
24204,2302,199,2
24205,2298,200,3
24206,2299,200,2
24207,2300,200,2
24208,2301,200,2
24209,2302,200,2
24210,2298,201,3
24211,2299,201,2
24212,2300,201,2
24213,2301,201,2
24214,2302,201,3
24215,2298,202,2
24216,2299,202,2
24217,2300,202,2
24218,2301,202,2
24219,2302,202,3
24220,2298,203,2
24221,2299,203,1
24222,2300,203,1
24223,2301,203,1
24224,2302,203,2
24225,2298,204,2
24226,2299,204,3
24227,2300,204,2
24228,2301,204,2
24229,2302,204,2
24230,2298,205,3
24231,2299,205,2
24232,2300,205,2
24233,2301,205,2
24234,2302,205,2
24235,2298,206,2
24236,2299,206,2
24237,2300,206,3
24238,2301,206,2
24239,2302,206,2
24240,2298,207,2
24241,2299,207,2
24242,2300,207,1
24243,2301,207,2
24244,2302,207,2
24245,2298,208,2
24246,2299,208,2
24247,2300,208,2
24248,2301,208,2
24249,2302,208,2
24250,4061,225,1
24251,4061,228,1
24252,4061,277,2
24253,4060,277,2
24254,4062,225,1
24255,4062,228,1
24256,4062,277,3
24257,4063,277,3
24258,4064,277,3
24259,4063,228,1
24260,4064,228,1
24261,4063,225,1
24262,4064,225,1
24263,2058,224,3
24264,2065,224,3
24265,2066,224,3
24266,2067,224,3
24267,2068,224,3
24268,2069,224,3
24269,2069,225,3
24270,2058,225,3
24271,2065,225,3
24272,2066,225,3
24273,2067,225,3
24274,2068,225,3
24275,2068,227,1
24276,2069,227,1
24277,2058,227,1
24278,2065,227,1
24279,2066,227,1
24280,2067,227,1
24281,3859,347,3
24282,3859,348,1
24283,3859,349,3
24284,3860,347,3
24285,3860,348,1
24286,3860,349,3
24287,3861,347,3
24288,3861,348,1
24289,3861,349,3
24290,3862,347,3
24291,3862,348,1
24292,3862,349,3
24293,3863,347,3
24294,3863,348,1
24295,3863,349,3
24296,4178,344,3
24297,4178,345,1
24298,4178,346,3
24299,4179,344,3
24300,4179,345,1
24301,4179,346,3
24302,4180,344,3
24303,4180,345,1
24304,4180,346,3
24305,4181,344,3
24306,4181,345,1
24307,4181,346,3
24308,4182,344,3
24309,4182,345,1
24310,4182,346,3
24311,3936,320,1
24312,3936,321,2
24313,3936,322,1
24314,3936,323,2
24315,3936,324,3
24316,3936,325,1
24317,3936,326,1
24318,3936,327,1
24319,3936,329,3
24320,3936,330,1
24321,3936,331,2
24322,3936,328,2
24323,3937,320,2
24324,3937,321,1
24325,3937,322,2
24326,3937,323,2
24327,3937,324,2
24328,3937,325,1
24329,3937,326,2
24330,3937,327,2
24331,3937,328,2
24332,3937,329,1
24333,3937,330,2
24334,3937,331,1
24335,3938,320,2
24336,3938,321,2
24337,3938,322,1
24338,3938,323,2
24339,3938,324,1
24340,3938,325,1
24341,3938,326,2
24342,3938,327,1
24343,3938,328,1
24344,3938,329,1
24345,3938,330,2
24346,3938,331,1
24347,3939,321,2
24348,3939,322,1
24349,3939,323,2
24350,3939,324,1
24351,3939,325,3
24352,3939,326,2
24353,3939,327,2
24354,3939,328,1
24355,3939,329,1
24356,3939,330,2
24357,3939,331,1
24358,3939,320,1
24359,3940,320,2
24360,3940,321,2
24361,3940,322,2
24362,3940,323,1
24363,3940,324,3
24364,3940,325,1
24365,3940,326,2
24366,3940,327,3
24367,3940,328,1
24368,3940,329,2
24369,3940,330,1
24370,3940,331,2
24371,2932,262,3
24372,3123,237,2
24373,3118,237,2
24374,3119,237,2
24375,3120,237,2
24376,3121,237,1
24377,3122,237,1
24378,3118,238,2
24379,3118,239,2
24380,3118,240,2
24381,3118,241,2
24382,3118,243,2
24383,3118,244,3
24384,3118,245,3
24385,3118,246,3
24386,3118,247,2
24387,3118,248,3
24388,3119,248,3
24389,3119,238,2
24390,3119,239,1
24391,3119,240,1
24392,3119,241,2
24393,3119,242,2
24394,3119,243,1
24395,3119,244,2
24396,3119,245,2
24397,3119,246,2
24398,3119,247,3
24399,3120,247,2
24400,3121,247,1
24401,3122,247,3
24402,3123,247,2
24403,3120,248,2
24404,3120,238,1
24405,3120,239,1
24406,3120,240,2
24407,3120,241,2
24408,3120,242,2
24409,3120,243,3
24410,3120,244,1
24411,3120,245,3
24412,3120,246,2
24413,3121,248,2
24414,3122,248,1
24415,3123,248,3
24416,3123,238,3
24417,3123,240,3
24418,3123,241,2
24419,3123,242,3
24420,3123,243,3
24421,3123,244,1
24422,3123,245,2
24423,3121,239,1
24424,3121,240,2
24425,3121,242,3
24426,3121,243,2
24427,3121,244,2
24428,3121,245,3
24429,3121,246,2
24430,3122,246,2
24431,3122,238,2
24432,3122,239,1
24433,3122,240,1
24434,3122,241,2
24435,3122,242,2
24436,3122,244,2
24437,3122,245,3
24438,2933,262,3
24439,2934,262,3
24440,2935,262,3
24441,2936,262,3
24442,2937,262,3
24443,2932,263,2
24444,2933,263,2
24445,2935,263,2
24446,2936,263,2
24447,2937,263,2
24448,2932,264,1
24449,2933,264,1
24450,2934,264,1
24451,2935,264,1
24452,2936,264,1
24453,2937,264,1
24454,2932,265,2
24455,2933,265,2
24456,2934,265,2
24457,2935,265,2
24458,2936,265,2
24459,2937,265,2
24460,2932,266,2
24461,2933,266,2
24462,2934,266,2
24463,2935,266,2
24464,2936,266,2
24465,2937,266,2
24466,2932,267,1
24467,2933,267,1
24468,2934,267,1
24469,2935,267,1
24470,2936,267,1
24471,2937,267,1
24472,2932,268,2
24473,2933,268,2
24474,2935,268,2
24475,2936,268,2
24476,2937,268,2
24477,2934,268,2
24478,2932,269,1
24479,2933,269,1
24480,2934,269,1
24481,2935,269,1
24482,2936,269,1
24483,2937,269,1
24484,2932,270,2
24485,2933,270,2
24486,2934,270,2
24487,2935,270,2
24488,2936,270,2
24489,2937,270,2
24490,2937,271,1
24491,2932,271,1
24492,2933,271,1
24493,2934,271,1
24494,2935,271,1
24495,2936,271,1
24496,2932,272,2
24497,2933,272,2
24498,2934,272,2
24499,2935,272,2
24500,2936,272,2
24501,2937,272,2
24502,2932,273,1
24503,2933,273,1
24504,2934,273,1
24505,2935,273,1
24506,2936,273,1
24507,2937,273,1
24508,3936,224,2
24509,2429,262,2
24510,2429,263,1
24511,3076,321,2
24512,3206,332,3
24513,3207,332,3
24514,3208,332,2
24515,3209,332,1
24516,3210,332,2
24517,3206,333,2
24518,3207,333,2
24519,3208,333,3
24520,3209,333,3
24521,3210,333,2
24522,3206,334,2
24523,3207,334,2
24524,3208,334,2
24525,3209,334,2
24526,3210,334,1
24527,3206,335,2
24528,3207,335,2
24529,3208,335,1
24530,3209,335,2
24531,3210,335,1
24532,3206,336,2
24533,3207,336,2
24534,3208,336,3
24535,3209,336,2
24536,3210,336,1
24537,3206,337,2
24538,3207,337,3
24539,3208,337,3
24540,3209,337,3
24541,3210,337,2
24542,3589,332,1
24543,3590,332,3
24544,3591,332,3
24545,3592,332,2
24546,3593,332,1
24547,3589,333,1
24548,3590,333,3
24549,3591,333,3
24550,3592,333,2
24551,3593,333,2
24552,3589,334,2
24553,3590,334,2
24554,3591,334,3
24555,3592,334,2
24556,3593,334,2
24557,3589,335,2
24558,3590,335,2
24559,3591,335,3
24560,3592,335,3
24561,3593,335,2
24562,3076,322,2
24563,3076,323,1
24564,3078,320,2
24565,3077,321,2
24566,3078,321,3
24567,3079,321,2
24568,3078,322,2
24569,3079,322,3
24570,3080,322,2
24571,3078,323,2
24572,3079,323,1
24573,3080,323,1
24574,3076,324,3
24575,3077,324,1
24576,3078,324,3
24577,3079,324,1
24578,3080,324,2
24579,3076,326,1
24580,3078,326,1
24581,3079,326,1
24582,3080,326,1
24583,3078,328,1
24584,3079,328,1
24585,3080,328,1
24586,3076,330,1
24587,3077,330,1
24588,3078,330,2
24589,3079,330,2
24590,3080,330,2
24591,3076,331,3
24592,3077,331,1
24593,3078,331,3
24594,3079,331,3
24595,3080,331,2
24596,3435,227,3
24597,3436,229,1
24598,3437,231,3
24599,3438,231,3
24600,3439,231,3
24601,3436,278,3
24602,3437,278,1
24603,3438,278,3
24604,3439,278,1
24605,2802,327,2
24606,2805,327,2
24607,2809,327,2
24608,2815,327,2
24609,2822,327,2
24610,2802,328,3
24611,2805,328,3
24612,2809,328,3
24613,2815,328,3
24614,2822,328,3
24615,2802,329,1
24616,2805,329,1
24617,2809,329,1
24618,2815,329,1
24619,2822,329,1
24620,2802,331,3
24621,2805,331,3
24622,2809,331,3
24623,2815,331,3
24624,2822,331,3
24625,3081,332,3
24626,3082,332,3
24627,3085,332,3
24628,3087,332,3
24629,3088,332,3
24630,3082,333,1
24631,3085,333,1
24632,3087,333,1
24633,3088,333,1
24634,3082,334,2
24635,3085,334,1
24636,3087,334,1
24637,3088,334,1
24638,3081,335,2
24639,3082,335,2
24640,3085,335,2
24641,2627,320,2
24642,2629,320,2
24643,2632,321,3
24644,2630,322,2
24645,2631,322,3
24646,3087,335,1
24647,3088,335,1
24648,3081,336,1
24649,3082,336,2
24650,3085,336,2
24651,3087,336,2
24652,3088,336,1
24653,2862,250,1
24654,3081,337,1
24655,2866,250,1
24656,3082,337,1
24657,3085,337,1
24658,3087,337,1
24659,3088,337,1
24660,2876,250,1
24661,3589,336,2
24662,3590,336,2
24663,3591,336,2
24664,3592,336,2
24665,3593,336,2
24666,3589,337,2
24667,3590,337,3
24668,3591,337,3
24669,3592,337,3
24670,3593,337,2
24671,2876,251,1
24672,2862,252,1
24673,2862,255,2
24674,3092,332,1
24675,2862,258,2
24676,3093,332,3
24677,3094,332,3
24678,3095,332,2
24679,3096,332,1
24680,3092,333,1
24681,3093,333,3
24682,3094,333,3
24683,3095,333,2
24684,3096,333,2
24685,3092,334,2
24686,2869,259,1
24687,3093,334,2
24688,3094,334,3
24689,3095,334,2
24690,3096,334,2
24691,3092,335,2
24692,2862,285,1
24693,3093,335,2
24694,3094,335,3
24695,3095,335,3
24696,3096,335,2
24697,3092,336,2
24698,3093,336,2
24699,3094,336,2
24700,3095,336,2
24701,3096,336,2
24702,3002,320,2
24703,3092,337,2
24704,3093,337,3
24705,3002,321,1
24706,3094,337,3
24707,3095,337,3
24708,3096,337,2
24709,3002,324,2
24710,3002,330,2
24711,3007,321,3
24712,3007,324,3
24713,3007,330,2
24714,3011,322,2
24715,3011,324,3
24716,3014,321,3
24717,3014,322,2
24718,3014,323,1
24719,3014,324,3
24720,3015,322,1
24721,3015,324,3
24722,3015,328,1
24723,3015,330,2
24724,3938,266,1
24725,2866,281,1
24726,2866,282,1
24727,3176,209,2
24728,3177,209,2
24729,2739,330,3
24730,2739,320,1
24731,2739,321,2
24732,2745,321,2
24733,2745,329,1
24734,2745,330,2
24735,2745,320,1
24736,2755,320,2
24737,2755,321,2
24738,2755,323,1
24739,2755,329,1
24740,2755,330,3
24741,2756,320,1
24742,2756,321,2
24743,2756,323,2
24744,2756,330,3
24745,2757,320,2
24746,2757,321,3
24747,2757,324,2
24748,2757,330,2
24749,2775,320,2
24750,2775,321,3
24751,2775,322,1
24752,2775,329,2
24753,2775,330,3
24754,3178,209,2
24755,3179,209,2
24756,3180,209,2
24757,3181,209,2
24758,3176,212,3
24759,3177,212,3
24760,3178,212,3
24761,3179,212,3
24762,3180,212,3
24763,3181,212,2
24764,3176,220,2
24765,4042,185,3
24766,4042,186,3
24767,4042,187,2
24768,4043,185,2
24769,4043,186,3
24770,4043,187,3
24771,4043,188,2
24772,4044,185,1
24773,4044,186,3
24774,4044,187,3
24775,4044,188,2
24776,4045,185,1
24777,4045,186,3
24778,4045,187,3
24779,4045,188,2
24780,4046,185,2
24781,4046,186,3
24782,4046,187,3
24783,4046,188,3
24784,4047,185,2
24785,4047,186,3
24786,4047,187,1
24787,4047,188,3
24788,4183,186,3
24789,4183,187,3
24790,4183,189,3
24791,4183,188,2
24792,4184,186,3
24793,4184,187,3
24794,4184,188,3
24795,4184,189,3
24796,4185,186,3
24797,4185,187,3
24798,4185,188,3
24799,4185,189,3
24800,4185,190,1
24801,4186,186,2
24802,4186,187,3
24803,4186,188,3
24804,4186,189,3
24805,4186,190,3
24806,4187,186,2
24807,4187,188,3
24808,4187,189,3
24809,3480,185,1
24810,3480,186,3
24811,3480,187,3
24812,3480,188,3
24813,3480,189,3
24814,3480,190,3
24815,3481,185,2
24816,3481,186,3
24817,3481,188,2
24818,3481,189,3
24819,3481,190,3
24820,3481,187,3
24821,3482,185,1
24822,3482,186,3
24823,3482,187,2
24824,3482,188,3
24825,3482,189,3
24826,3482,190,3
24827,3483,185,2
24828,3483,186,2
24829,3483,187,3
24830,3483,188,2
24831,3483,189,2
24832,3483,190,3
24833,3484,185,1
24834,3484,186,2
24835,3484,187,2
24836,3484,188,3
24837,3484,189,2
24838,3484,190,2
24839,3485,185,1
24840,3485,187,3
24841,3485,188,2
24842,3485,189,3
24843,3485,190,3
24844,3485,186,3
24845,3565,332,2
24846,3566,332,2
24847,3567,332,2
24848,3569,332,2
24849,3566,333,2
24850,3567,333,1
24851,3569,333,2
24852,3565,335,1
24853,3567,334,2
24854,3569,334,1
24855,3569,337,1
24856,2429,264,1
24857,2429,266,2
24858,2430,262,1
24859,2430,263,1
24860,2430,264,2
24861,2431,262,1
24862,3937,224,1
24863,3938,224,1
24864,3939,224,1
24865,3940,224,1
24866,2191,224,3
24867,2192,224,3
24868,2193,224,2
24869,2194,224,2
24870,2195,224,2
24871,2195,225,2
24872,2190,225,2
24873,2191,225,1
24874,2192,225,1
24875,2193,225,1
24876,2190,226,1
24877,2192,226,1
24878,2193,226,2
24879,2194,226,2
24880,2195,226,1
24881,2195,227,1
24882,2190,227,3
24883,2191,227,2
24884,2192,227,1
24885,2193,227,3
24886,2192,228,1
24887,2193,228,1
24888,2194,228,1
24889,2195,228,1
24890,2195,229,2
24891,2190,230,1
24892,2191,230,1
24893,2192,230,2
24894,2193,230,2
24895,2194,230,3
24896,2195,230,2
24897,2195,231,1
24898,2191,231,2
24899,2192,231,1
24900,2193,231,2
24901,2194,231,1
24902,2190,231,1
24903,2191,232,2
24904,2192,232,2
24905,2193,232,2
24906,2194,232,2
24907,2195,232,3
24908,2190,232,3
24909,2191,276,2
24910,2192,276,2
24911,2193,276,3
24912,2194,276,2
24913,2195,276,2
24914,2195,277,2
24915,2190,277,2
24916,2191,277,2
24917,2192,277,2
24918,2193,277,2
24919,2194,277,3
24920,2191,278,1
24921,2192,278,1
24922,2193,278,2
24923,2194,278,2
24924,2195,278,2
24925,4194,249,2
24926,3787,322,2
24927,3787,323,2
24928,3787,326,3
24929,3787,327,3
24930,3788,323,3
24931,3788,326,2
24932,3789,321,3
24933,3789,323,2
24934,3789,327,3
24935,3790,323,2
24936,3790,324,3
24937,3790,327,3
24938,3791,323,3
24939,3791,324,3
24940,3791,328,2
24941,3791,330,3
24942,3792,323,2
24943,3792,325,2
24944,3792,326,3
24945,3259,224,2
24946,3260,224,3
24947,3262,224,2
24948,3263,224,2
24949,3266,224,3
24950,3267,224,2
24951,3259,225,3
24952,3262,225,2
24953,3263,225,2
24954,3266,225,2
24955,3267,225,2
24956,3260,225,2
24957,3260,226,1
24958,3262,226,1
24959,3263,226,1
24960,3266,226,1
24961,3267,226,1
24962,3267,227,2
24963,3259,227,1
24964,3260,227,2
24965,3262,227,1
24966,3263,227,2
24967,3266,227,2
24968,3267,228,2
24969,3259,228,2
24970,3260,228,1
24971,3262,228,1
24972,3263,228,1
24973,3263,229,1
24974,3266,229,1
24975,3267,229,1
24976,3259,229,2
24977,3260,229,2
24978,3262,229,1
24979,3259,230,1
24980,3263,230,1
24981,3266,230,1
24982,3267,230,2
24983,3259,231,2
24984,3262,231,1
24985,3266,231,1
24986,3267,231,2
24987,3267,232,1
24988,3259,232,2
24989,3260,232,2
24990,3262,232,2
24991,3263,232,3
24992,3266,232,2
24993,3266,276,2
24994,3267,276,1
24995,3259,276,1
24996,3260,276,1
24997,3262,276,3
24998,3263,276,2
24999,3267,277,1
25000,3259,277,2
25001,3260,277,2
25002,3262,277,2
25003,3263,277,3
25004,3266,277,1
25005,3267,278,2
25006,3259,278,2
25007,3260,278,2
25008,3262,278,3
25009,3263,278,3
25010,3266,278,1
25011,2525,322,3
25012,2525,323,2
25013,2526,322,2
25014,2526,323,1
25015,2526,331,2
25016,2530,322,2
25017,2530,323,1
25018,2530,324,1
25019,2531,322,3
25020,2531,323,1
25021,2531,324,1
25022,2531,331,1
25023,2532,322,2
25024,2532,323,2
25025,2532,324,3
25026,2532,326,3
25027,2532,329,3
25028,2534,322,3
25029,2534,323,2
25030,2534,324,3
25031,2534,326,3
25032,2534,329,3
25033,4188,361,2
25034,4189,361,3
25035,4190,361,2
25036,4191,361,2
25037,4192,361,3
25038,4193,361,3
25039,4193,362,1
25040,4188,362,1
25041,4189,362,2
25042,4190,362,1
25043,4191,362,1
25044,4192,363,1
25045,4193,363,1
25046,4188,363,1
25047,4189,363,1
25048,4190,363,1
25049,4191,363,1
25050,4191,364,1
25051,4192,364,1
25052,4193,364,1
25053,4188,364,1
25054,4189,364,1
25055,4190,364,1
25056,4190,365,1
25057,4191,365,1
25058,4192,365,1
25059,4193,365,1
25060,4188,366,1
25061,4189,366,1
25062,4193,367,1
25063,4188,367,1
25064,4189,367,1
25065,4190,367,1
25066,4191,367,1
25067,4192,367,1
25068,4188,368,1
25069,4189,368,1
25070,4188,369,1
25071,4189,369,1
25072,4190,369,1
25073,4192,369,1
25074,4193,369,1
25075,4193,370,3
25076,4188,370,3
25077,4189,370,3
25078,4190,370,3
25079,4191,370,3
25080,4192,370,3
25081,4193,371,1
25082,4188,371,1
25083,4189,371,1
25084,4190,371,1
25085,4191,371,1
25086,4192,371,1
25087,4193,372,3
25088,4188,372,1
25089,4189,372,1
25090,4190,372,1
25091,4191,372,2
25092,4192,372,2
25093,2395,262,1
25094,2403,264,2
25095,2398,268,3
25096,3798,309,2
25097,3799,309,1
25098,4195,151,1
25099,4196,151,2
25100,4195,154,1
25101,4195,160,3
25102,4195,163,2
25103,4195,166,1
25104,4195,172,1
25105,4195,175,1
25106,4195,184,3
25107,3798,310,2
25108,3799,310,2
25109,3801,309,1
25110,3802,309,1
25111,3801,310,2
25112,3802,310,2
25113,3798,311,3
25114,3799,311,3
25115,3800,311,1
25116,3801,311,3
25117,3799,312,2
25118,3801,312,1
25119,3802,312,1
25120,3799,313,1
25121,3801,313,2
25122,3802,313,3
25123,3798,314,3
25124,3801,314,1
25125,3802,314,1
25126,3798,315,3
25127,3799,315,2
25128,3800,315,2
25129,3802,315,2
25130,3800,316,2
25131,3800,318,3
25132,3802,317,1
25133,3798,318,1
25134,3801,318,1
25135,3802,318,1
25136,3798,319,1
25137,3801,319,1
25138,3802,319,1
25139,3798,342,2
25140,3798,343,1
25141,3799,338,2
25142,3799,339,1
25143,3800,340,1
25144,3801,338,1
25145,3801,339,2
25146,3801,343,1
25147,3802,339,2
25148,3802,340,3
25149,3799,332,2
25150,3799,333,1
25151,3798,336,2
25152,3798,337,1
25153,3800,334,1
25154,3801,332,1
25155,3801,333,2
25156,3801,337,1
25157,3802,333,2
25158,3802,334,3
25159,4196,160,3
25160,4196,163,3
25161,4196,166,1
25162,4196,169,1
25163,4196,172,3
25164,4196,175,2
25165,4196,178,2
25166,4196,181,2
25167,4196,184,1
25168,4197,151,2
25169,4197,154,2
25170,4197,160,2
25171,4197,163,3
25172,4197,172,2
25173,4197,175,3
25174,4197,178,1
25175,4197,184,1
25176,4198,184,3
25177,4198,151,1
25178,4198,157,1
25179,4198,160,3
25180,4198,163,2
25181,4198,166,1
25182,4198,169,3
25183,4198,172,2
25184,4198,175,3
25185,4198,178,2
25186,4199,157,3
25187,4200,157,2
25188,4199,151,1
25189,4200,154,2
25190,4200,163,1
25191,4199,166,2
25192,4200,166,3
25193,4199,169,1
25194,4200,172,2
25195,4199,184,2
25196,4200,181,2
25197,4199,181,2
25198,4201,151,2
25199,4201,154,3
25200,4201,157,1
25201,4201,160,3
25202,4201,166,1
25203,4201,169,1
25204,4201,172,3
25205,4201,178,2
25206,4201,184,2
25207,4202,151,1
25208,4202,154,2
25209,4202,157,2
25210,4202,160,1
25211,4202,163,3
25212,4202,166,1
25213,4202,172,1
25214,4202,175,2
25215,4202,178,2
25216,4202,181,1
25217,4202,184,3
25218,4203,151,2
25219,4203,154,2
25220,4203,157,1
25221,4203,160,2
25222,4203,163,2
25223,4203,166,3
25224,4203,169,2
25225,4203,172,1
25226,4203,175,3
25227,4203,178,1
25228,4203,181,1
25229,4203,184,3
25230,4204,151,2
25231,4204,163,2
25232,4204,166,1
25233,4204,169,2
25234,4204,172,2
25235,4204,175,2
25236,4204,184,3
25237,4205,151,2
25238,4205,157,3
25239,4205,160,3
25240,4205,163,1
25241,4205,166,2
25242,4205,169,3
25243,4205,172,1
25244,4205,175,3
25245,4205,178,2
25246,4205,181,2
25247,4205,184,2
25248,4206,151,3
25249,4206,154,2
25250,4206,157,2
25251,4206,163,2
25252,4206,172,3
25253,4206,175,2
25254,4206,178,1
25255,4206,181,2
25256,4206,184,2
25257,4214,264,3
25258,4214,266,2
25259,4214,267,1
25260,4214,268,3
25261,4214,269,2
25262,4214,270,3
25263,4214,273,2
25264,4215,262,1
25265,4215,263,1
25266,4215,264,3
25267,4215,265,1
25268,4215,266,3
25269,4215,267,1
25270,4215,268,2
25271,4215,269,1
25272,4215,271,1
25273,4215,273,3
25274,4216,262,2
25275,4216,263,1
25276,4216,264,2
25277,4216,266,3
25278,4216,267,3
25279,4216,268,1
25280,4216,270,1
25281,4216,271,2
25282,4216,273,2
25283,4217,262,1
25284,4217,264,3
25285,4217,265,1
25286,4217,266,1
25287,4217,267,1
25288,4217,268,3
25289,4217,269,2
25290,4217,270,1
25291,4217,273,3
25292,4219,262,2
25293,4219,263,3
25294,4219,264,3
25295,4219,265,1
25296,4219,266,1
25297,4219,268,2
25298,4219,273,1
25299,4220,262,2
25300,4220,263,3
25301,4220,264,1
25302,4220,265,3
25303,4220,266,2
25304,4220,268,1
25305,4220,269,1
25306,4220,273,2
25307,4225,262,1
25308,4225,263,1
25309,4225,264,2
25310,4225,265,2
25311,4225,266,2
25312,4225,267,1
25313,4225,268,3
25314,4225,269,2
25315,4225,271,1
25316,4225,272,2
25317,4225,273,2
25318,4225,270,1
25319,4226,262,1
25320,4226,263,2
25321,4226,264,2
25322,4226,265,1
25323,4226,266,1
25324,4226,267,3
25325,4226,268,2
25326,4226,269,1
25327,4226,270,2
25328,4226,271,3
25329,4226,272,3
25330,4226,273,3
25331,4227,262,1
25332,4227,263,2
25333,4227,264,2
25334,4227,265,2
25335,4227,266,3
25336,4227,267,3
25337,4227,268,3
25338,4227,269,2
25339,4227,270,1
25340,4227,271,2
25341,4227,272,1
25342,4227,273,3
25343,4228,262,2
25344,4228,263,1
25345,4228,264,2
25346,4228,265,1
25347,4228,266,2
25348,4228,267,3
25349,4228,268,1
25350,4228,269,3
25351,4228,270,2
25352,4228,271,2
25353,4228,273,3
25354,4229,262,2
25355,4229,263,1
25356,4229,264,2
25357,4229,265,3
25358,4229,266,1
25359,4229,267,3
25360,4229,268,2
25361,4229,269,3
25362,4229,270,1
25363,4229,271,2
25364,4229,272,2
25365,4229,273,3
25366,4228,272,2
25367,4230,262,2
25368,4230,263,2
25369,4230,264,3
25370,4230,265,1
25371,4230,266,3
25372,4230,267,1
25373,4230,268,1
25374,4230,269,2
25375,4230,270,2
25376,4230,271,1
25377,4230,272,3
25378,4230,273,2
25379,4213,262,3
25380,4232,151,3
25381,4233,151,1
25382,4234,151,3
25383,4235,151,2
25384,4236,151,3
25385,4231,154,2
25386,4234,157,1
25387,4232,160,3
25388,4235,160,3
25389,4231,157,2
25390,4233,157,2
25391,4236,154,2
25392,4236,160,3
25393,4231,163,1
25394,4232,163,2
25395,4233,163,1
25396,4234,163,1
25397,4236,166,1
25398,4231,169,1
25399,4232,169,1
25400,4234,169,3
25401,4235,169,3
25402,4236,169,2
25403,4231,172,1
25404,4232,175,2
25405,4236,175,3
25406,4231,178,2
25407,4232,178,1
25408,4235,178,1
25409,4231,181,3
25410,4232,181,3
25411,4233,181,1
25412,4236,181,3
25413,4231,184,3
25414,4232,184,2
25415,4234,184,2
25416,4235,184,1
25417,4236,184,3
25418,4213,263,3
25419,4213,273,2
25420,4213,264,2
25421,4213,265,1
25422,4213,266,1
25423,4213,268,2
25424,4213,269,3
25425,4213,270,2
25426,4213,271,2
25427,4213,272,2
25428,4218,263,1
25429,4218,264,2
25430,4218,265,1
25431,4218,266,1
25432,4218,267,2
25433,4218,268,3
25434,4218,269,3
25435,4218,270,3
25436,4218,271,3
25437,4218,272,2
25438,4218,273,2
25439,4221,263,2
25440,4221,264,1
25441,4221,265,2
25442,4221,266,3
25443,4221,267,3
25444,4221,268,2
25445,4221,269,2
25446,4221,270,2
25447,4221,271,3
25448,4221,272,1
25449,4222,262,2
25450,4222,263,1
25451,4222,264,2
25452,4222,266,3
25453,4222,269,2
25454,4222,270,2
25455,4222,271,2
25456,4222,272,2
25457,4222,273,2
25458,4223,262,2
25459,4223,263,2
25460,4223,264,3
25461,4223,265,3
25462,4223,267,3
25463,4223,268,2
25464,4223,269,1
25465,4223,270,2
25466,4223,271,1
25467,4223,272,2
25468,4224,262,2
25469,4224,264,1
25470,4224,265,2
25471,4224,266,1
25472,4224,268,1
25473,4224,269,3
25474,4224,270,3
25475,4224,271,1
25476,4224,272,1
25477,4250,209,3
25478,4250,210,3
25479,4250,211,2
25480,4251,209,2
25481,4251,210,3
25482,4251,211,2
25483,4252,210,2
25484,4252,212,2
25485,4253,212,3
25486,4253,214,2
25487,4254,212,2
25488,4249,210,3
25489,4249,212,3
25490,4249,214,2
25491,4255,249,3
25492,4248,151,2
25493,4243,151,2
25494,4244,151,1
25495,4245,151,2
25496,4246,151,2
25497,4247,151,1
25498,4243,154,1
25499,4244,154,2
25500,4245,154,1
25501,4246,154,3
25502,4247,154,1
25503,4248,154,3
25504,4243,157,1
25505,4244,157,1
25506,4245,157,2
25507,4246,157,2
25508,4247,157,1
25509,4248,157,3
25510,4256,198,3
25511,4255,250,1
25512,4257,249,3
25513,4258,249,2
25514,4259,249,3
25515,4260,249,2
25516,4261,249,3
25517,4268,260,1
25518,4268,249,3
25519,4268,250,2
25520,4268,251,1
25521,4268,252,1
25522,4268,253,1
25523,4268,254,1
25524,4268,256,1
25525,4269,249,3
25526,4269,250,2
25527,4269,251,2
25528,4269,252,1
25529,4269,253,2
25530,4269,254,1
25531,4269,255,1
25532,4269,256,1
25533,4269,259,1
25534,4269,260,2
25535,4270,249,2
25536,4270,251,1
25537,4270,252,2
25538,4270,253,3
25539,4270,255,1
25540,4270,260,2
25541,4271,249,1
25542,4271,250,2
25543,4271,251,1
25544,4271,252,3
25545,4271,253,3
25546,4271,255,1
25547,4271,259,1
25548,4271,260,2
25549,4272,249,1
25550,4272,250,2
25551,4272,251,1
25552,4272,252,2
25553,4272,253,1
25554,4272,255,1
25555,4272,256,2
25556,4272,259,1
25557,4272,260,2
25558,4255,251,2
25559,4259,250,2
25560,4261,250,2
25561,4258,251,1
25562,4259,251,3
25563,4260,251,2
25564,4261,251,3
25565,4255,252,3
25566,4257,252,2
25567,4258,252,3
25568,4259,252,3
25569,4260,252,3
25570,4261,252,3
25571,4255,253,2
25572,4257,253,2
25573,4258,253,3
25574,4259,253,2
25575,4260,253,3
25576,4261,253,3
25577,4255,254,1
25578,4257,254,1
25579,4258,254,1
25580,4260,254,3
25581,4261,254,3
25582,4258,255,1
25583,4260,255,1
25584,4261,255,3
25585,4255,256,2
25586,4259,256,2
25587,4260,256,2
25588,4261,256,3
25589,4255,257,1
25590,4257,257,3
25591,4258,257,1
25592,4259,257,2
25593,4260,257,2
25594,4261,257,3
25595,4255,258,1
25596,4257,258,2
25597,4257,259,2
25598,4257,260,2
25599,4255,259,2
25600,4255,260,1
25601,4258,260,1
25602,4259,260,2
25603,4260,260,1
25604,4261,260,2
25605,4258,258,1
25606,4259,258,2
25607,4260,258,1
25608,4261,258,3
25609,4258,259,2
25610,4259,259,2
25611,4260,259,2
25612,4261,259,2
25613,4257,250,1
25614,4257,256,2
25615,4273,237,2
25616,4275,237,2
25617,4276,237,3
25618,4277,237,2
25619,4278,237,1
25620,4274,237,2
25621,4273,238,3
25622,4273,239,3
25623,4273,240,2
25624,4273,241,3
25625,4273,242,1
25626,4273,243,2
25627,4273,244,1
25628,4273,245,2
25629,4273,246,1
25630,4273,247,1
25631,4273,248,3
25632,4274,238,2
25633,4274,239,2
25634,4274,241,3
25635,4274,242,2
25636,4274,243,2
25637,4274,245,3
25638,4274,246,1
25639,4274,247,2
25640,4274,248,2
25641,4275,248,3
25642,4276,248,3
25643,4277,248,3
25644,4278,248,3
25645,4278,238,2
25646,4278,239,2
25647,4278,240,2
25648,4278,241,1
25649,4278,242,3
25650,4278,243,1
25651,4278,244,2
25652,4278,245,1
25653,4278,246,1
25654,4278,247,2
25655,4275,238,3
25656,4275,239,2
25657,4275,240,2
25658,4275,241,3
25659,4275,242,1
25660,4275,243,2
25661,4275,244,1
25662,4275,245,2
25663,4275,246,1
25664,4275,247,2
25665,4274,244,2
25666,4276,238,2
25667,4276,239,1
25668,4276,240,1
25669,4276,241,3
25670,4276,242,2
25671,4276,243,2
25672,4276,244,1
25673,4276,245,2
25674,4276,246,1
25675,4276,247,2
25676,4277,238,3
25677,4277,239,1
25678,4277,240,1
25679,4277,241,3
25680,4277,242,1
25681,4277,243,2
25682,4277,245,3
25683,4277,246,1
25684,4277,247,2
25685,4279,249,3
25686,4279,250,3
25687,4279,251,3
25688,4279,252,2
25689,4279,253,2
25690,4279,254,2
25691,4279,260,1
25692,4280,249,3
25693,4280,250,2
25694,4280,251,3
25695,4280,252,1
25696,4280,253,2
25697,4280,254,2
25698,4281,249,2
25699,4281,250,3
25700,4281,251,3
25701,4281,252,2
25702,4281,253,1
25703,4281,254,2
25704,4282,249,2
25705,4282,250,2
25706,4282,251,3
25707,4282,253,2
25708,4282,254,1
25709,4283,249,2
25710,4283,250,2
25711,4283,251,2
25712,4283,252,3
25713,4283,253,1
25714,4283,260,1
25715,4284,249,3
25716,4284,250,2
25717,4284,251,3
25718,4284,252,1
25719,4284,253,3
25720,4284,254,1
25721,4285,237,2
25722,4285,239,3
25723,4285,241,1
25724,4285,242,1
25725,4286,237,3
25726,4286,238,1
25727,4286,239,1
25728,4286,240,1
25729,4286,242,1
25730,4286,247,1
25731,4287,237,2
25732,4287,238,3
25733,4287,239,3
25734,4287,241,1
25735,4287,243,3
25736,4288,237,3
25737,4288,238,2
25738,4288,239,1
25739,4288,240,1
25740,4288,241,3
25741,4288,243,1
25742,4288,247,1
25743,4289,237,3
25744,4289,238,2
25745,4289,239,3
25746,4289,240,1
25747,4289,242,1
25748,4289,243,1
25749,4290,237,2
25750,4290,238,2
25751,4290,239,3
25752,4290,240,2
25753,4290,242,2
25754,4298,361,1
25755,4298,362,1
25756,4298,363,1
25757,4298,365,1
25758,4298,367,1
25759,4298,368,1
25760,4299,361,1
25761,4300,361,1
25762,4301,361,1
25763,4302,361,1
25764,4303,361,1
25765,4299,362,1
25766,4300,362,1
25767,4301,362,2
25768,4302,362,1
25769,4303,362,1
25770,4299,363,1
25771,4300,363,1
25772,4301,363,1
25773,4302,363,1
25774,4303,363,1
25775,4299,365,2
25776,4300,365,2
25777,4301,365,2
25778,4302,365,2
25779,4303,365,1
25780,4299,368,2
25781,4300,368,3
25782,4301,368,3
25783,4302,368,3
25784,4303,368,3
25785,4299,367,3
25786,4300,367,3
25787,4301,367,3
25788,4302,367,3
25789,4303,367,3
25790,4313,201,3
25791,4313,206,3
25792,4313,207,1
25793,4313,208,3
25794,4314,208,2
25795,4314,197,3
25796,4314,198,3
25797,4314,200,3
25798,4314,201,2
25799,4314,202,3
25800,4314,203,3
25801,4314,204,3
25802,4314,205,2
25803,4314,206,1
25804,4314,207,2
25805,4315,197,3
25806,4315,198,3
25807,4315,199,3
25808,4315,200,1
25809,4315,201,2
25810,4315,202,3
25811,4315,203,3
25812,4315,204,3
25813,4315,205,2
25814,4315,206,1
25815,4315,207,2
25816,4315,208,2
25817,4316,197,3
25818,4316,198,3
25819,4316,199,3
25820,4316,200,1
25821,4316,201,2
25822,4316,202,3
25823,4316,203,3
25824,4316,204,3
25825,4316,205,2
25826,4316,206,1
25827,4316,207,2
25828,4316,208,2
25829,4317,197,3
25830,4317,198,3
25831,4317,200,3
25832,4317,201,2
25833,4317,202,3
25834,4317,203,3
25835,4317,204,3
25836,4317,205,2
25837,4317,206,1
25838,4317,207,2
25839,4317,208,2
25840,4308,361,1
25841,4308,362,1
25842,4308,363,1
25843,4308,364,3
25844,4308,365,1
25845,4308,366,1
25846,4308,369,2
25847,4308,370,1
25848,4308,372,1
25849,4309,361,2
25850,4310,361,2
25851,4311,361,2
25852,4312,361,2
25853,4309,362,3
25854,4310,362,2
25855,4311,362,2
25856,4312,362,2
25857,4309,363,3
25858,4310,363,3
25859,4311,363,3
25860,4312,363,3
25861,4309,364,1
25862,4310,364,1
25863,4311,364,1
25864,4312,364,1
25865,4309,365,3
25866,4310,365,3
25867,4311,365,3
25868,4312,365,3
25869,4309,366,2
25870,4310,366,1
25871,4311,366,2
25872,4312,366,2
25873,4310,367,1
25874,4311,367,1
25875,4312,367,1
25876,4309,369,1
25877,4310,369,1
25878,4311,369,2
25879,4312,369,1
25880,4309,370,1
25881,4310,370,1
25882,4311,370,1
25883,4312,370,1
25884,4309,372,2
25885,4310,372,2
25886,4311,372,3
25887,4312,372,2
25888,4297,361,1
25889,4304,361,2
25890,4305,361,3
25891,4306,361,3
25892,4307,361,3
25893,4329,151,3
25894,4330,151,3
25895,4331,151,3
25896,4332,151,3
25897,4333,151,3
25898,4334,151,3
25899,4329,154,3
25900,4330,154,3
25901,4331,154,3
25902,4332,154,3
25903,4333,154,3
25904,4334,154,3
25905,4329,160,2
25906,4330,160,2
25907,4331,160,2
25908,4332,160,2
25909,4333,160,2
25910,4334,160,2
25911,4329,163,2
25912,4330,163,2
25913,4331,163,2
25914,4332,163,2
25915,4333,163,2
25916,4334,163,2
25917,4329,166,1
25918,4330,166,1
25919,4331,166,1
25920,4332,166,1
25921,4333,166,1
25922,4334,166,1
25923,4207,211,3
25924,4207,212,3
25925,4207,213,2
25926,4329,169,1
25927,4330,169,1
25928,4207,215,1
25929,4331,169,1
25930,4332,169,1
25931,4333,169,1
25932,4334,169,1
25933,4207,220,1
25934,4207,210,1
25935,4208,211,2
25936,4208,212,3
25937,4208,213,2
25938,4208,210,2
25939,4209,210,1
25940,4209,211,2
25941,4209,212,3
25942,4209,213,2
25943,4210,210,1
25944,4210,211,2
25945,4210,212,3
25946,4210,213,1
25947,4211,210,1
25948,4211,211,1
25949,4211,212,3
25950,4211,213,2
25951,4212,212,2
25952,4212,213,1
25953,4340,185,3
25954,4340,186,3
25955,4340,187,3
25956,4337,191,1
25957,4335,185,3
25958,4335,186,3
25959,4335,187,3
25960,4335,188,3
25961,4335,189,3
25962,4335,190,2
25963,4336,185,3
25964,4336,186,3
25965,4336,187,1
25966,4336,188,3
25967,4336,189,3
25968,4336,190,2
25969,4341,209,2
25970,4341,211,3
25971,4341,212,3
25972,4341,213,2
25973,4341,215,1
25974,4341,216,2
25975,4341,220,2
25976,4342,209,1
25977,4342,210,3
25978,4342,211,3
25979,4342,212,2
25980,4342,213,2
25981,4342,214,2
25982,4342,215,3
25983,4342,218,1
25984,4342,220,2
25985,4343,209,2
25986,4343,210,3
25987,4343,211,2
25988,4343,212,2
25989,4343,213,2
25990,4343,214,2
25991,4343,215,1
25992,4343,220,2
25993,4346,210,2
25994,4346,212,2
25995,4346,213,1
25996,4346,220,2
25997,4345,209,2
25998,4345,210,2
25999,4345,211,2
26000,4346,219,1
26001,4345,213,2
26002,4345,220,3
26003,4344,209,1
26004,4344,210,2
26005,4344,211,3
26006,4344,212,2
26007,4344,213,2
26008,4344,215,2
26009,4344,219,1
26010,4344,220,2
26011,4337,185,3
26012,4337,186,3
26013,4337,187,3
26014,4337,188,3
26015,4337,189,2
26016,4337,190,1
26017,4338,185,3
26018,4338,186,3
26019,4338,187,3
26020,4338,188,3
26021,4338,189,3
26022,4338,190,2
26023,4339,185,3
26024,4339,186,3
26025,4339,187,3
26026,4339,188,3
26027,4339,189,3
26028,4339,190,2
26029,4340,189,3
26030,4340,190,2
26031,4347,237,3
26032,4347,238,3
26033,4347,239,2
26034,4347,240,3
26035,4347,241,2
26036,4347,242,3
26037,4347,243,2
26038,4347,244,3
26039,4347,245,2
26040,4347,246,3
26041,4347,247,2
26042,4347,248,3
26043,4348,237,2
26044,4348,238,2
26045,4348,239,3
26046,4348,240,2
26047,4348,241,3
26048,4348,242,3
26049,4348,243,2
26050,4348,244,1
26051,4348,245,1
26052,4348,246,1
26053,4348,247,2
26054,4348,248,2
26055,4349,237,3
26056,4349,238,3
26057,4349,239,2
26058,4349,240,3
26059,4349,241,2
26060,4349,242,3
26061,4349,243,2
26062,4349,244,2
26063,4349,245,3
26064,4349,246,2
26065,4349,247,2
26066,4349,248,2
26067,4350,248,2
26068,4350,237,1
26069,4350,238,2
26070,4350,239,2
26071,4350,240,2
26072,4350,241,3
26073,4350,242,2
26074,4350,243,2
26075,4350,244,2
26076,4350,245,2
26077,4350,246,2
26078,4350,247,2
26079,4351,248,2
26080,4351,237,3
26081,4351,238,3
26082,4351,239,3
26083,4351,240,3
26084,4351,241,3
26085,4351,242,2
26086,4351,243,3
26087,4351,244,3
26088,4351,245,2
26089,4351,246,2
26090,4351,247,3
26091,4359,361,1
26092,4359,362,1
26093,4359,363,1
26094,4359,365,2
26095,4359,366,1
26096,4360,361,1
26097,4360,362,3
26098,4360,363,2
26099,4360,364,1
26100,4360,365,1
26101,4360,368,1
26102,4360,369,1
26103,4360,372,1
26104,4361,361,1
26105,4361,362,3
26106,4361,363,3
26107,4361,364,2
26108,4361,365,1
26109,4361,366,1
26110,4361,367,1
26111,4361,368,1
26112,4361,369,1
26113,4361,372,1
26114,4362,361,2
26115,4362,362,1
26116,4362,363,1
26117,4362,365,1
26118,4362,366,1
26119,4362,367,2
26120,4362,368,3
26121,4362,369,2
26122,4362,372,1
26123,4363,361,1
26124,4363,362,2
26125,4371,209,3
26126,4372,209,3
26127,4373,209,3
26128,4371,210,2
26129,4372,210,2
26130,4373,210,2
26131,4374,210,3
26132,4375,210,3
26133,4371,211,3
26134,4372,211,3
26135,4373,211,3
26136,4374,211,3
26137,4375,211,3
26138,4371,212,1
26139,4372,212,1
26140,4373,212,1
26141,4374,212,3
26142,4375,212,3
26143,4371,213,3
26144,4373,213,3
26145,4374,213,2
26146,4375,213,3
26147,4372,213,3
26148,4374,214,3
26149,4375,214,3
26150,4375,215,3
26151,4371,215,3
26152,4372,215,3
26153,4373,215,3
26154,4374,215,3
26155,4371,216,3
26156,4372,216,3
26157,4373,216,3
26158,4374,216,1
26159,4375,216,1
26160,4371,218,3
26161,4372,218,3
26162,4373,218,3
26163,4374,218,3
26164,4375,218,3
26165,4371,219,3
26166,4372,219,3
26167,4373,219,3
26168,4374,219,3
26169,4375,219,3
26170,4371,220,1
26171,4372,220,1
26172,4373,220,1
26173,4262,185,3
26174,4262,189,3
26175,4263,188,2
26176,4264,188,2
26177,4265,188,2
26178,4265,189,2
26179,4266,185,2
26180,4266,188,1
26181,4266,186,1
26182,4266,189,1
26183,4267,188,2
26184,4267,189,2
26185,4256,197,3
26186,4256,199,3
26187,4256,200,2
26188,4256,202,2
26189,4256,203,2
26190,4256,207,3
26191,4256,208,3
26192,4376,197,3
26193,4376,198,3
26194,4376,199,3
26195,4376,200,3
26196,4376,201,2
26197,4376,202,3
26198,4376,203,2
26199,4376,204,2
26200,4376,207,3
26201,4376,208,3
26202,4377,197,3
26203,4377,198,3
26204,4377,199,3
26205,4377,200,3
26206,4377,201,2
26207,4377,202,3
26208,4377,203,2
26209,4377,204,2
26210,4377,207,3
26211,4377,208,3
26212,4378,197,3
26213,4378,198,3
26214,4378,199,3
26215,4378,200,3
26216,4378,201,2
26217,4378,202,3
26218,4378,203,2
26219,4378,204,2
26220,4378,207,3
26221,4378,208,3
26222,4379,197,1
26223,4379,198,1
26224,4379,199,1
26225,4379,202,3
26226,4379,203,2
26227,4379,204,2
26228,4379,206,3
26229,4379,207,1
26230,4379,208,3
26231,4402,166,1
26232,4402,169,2
26233,4403,154,1
26234,4403,169,3
26235,4404,169,3
26236,4405,154,1
26237,4405,169,3
26238,4406,169,3
26239,4407,169,3
26240,4380,197,3
26241,4380,198,1
26242,4380,200,1
26243,4380,201,1
26244,4381,197,1
26245,4381,199,2
26246,4382,197,1
26247,4383,197,1
26248,4384,197,1
26249,4381,198,3
26250,4382,198,1
26251,4383,198,2
26252,4384,198,2
26253,4380,199,1
26254,4382,199,2
26255,4383,199,3
26256,4384,199,3
26257,4381,200,2
26258,4382,200,1
26259,4383,200,2
26260,4384,200,2
26261,4384,201,1
26262,4383,202,1
26263,4384,202,1
26264,4383,203,1
26265,4384,203,1
26266,4383,204,2
26267,4384,204,2
26268,4381,205,2
26269,4383,205,2
26270,4384,205,2
26271,4380,206,2
26272,4381,206,2
26273,4382,206,2
26274,4383,206,2
26275,4384,206,2
26276,4380,207,1
26277,4380,208,2
26278,4414,251,1
26279,4414,249,1
26280,4414,250,2
26281,4415,251,3
26282,4415,252,3
26283,4415,253,3
26284,4415,254,3
26285,4415,255,1
26286,4415,256,1
26287,4415,257,1
26288,4416,249,3
26289,4416,250,3
26290,4416,251,3
26291,4416,252,3
26292,4416,253,3
26293,4416,259,2
26294,4416,260,1
26295,4417,249,3
26296,4417,250,3
26297,4417,251,3
26298,4417,252,2
26299,4417,253,3
26300,4417,254,1
26301,4418,250,3
26302,4418,251,2
26303,4418,252,2
26304,4415,249,3
26305,4415,250,3
26306,4416,258,1
26307,4397,197,3
26308,4398,197,2
26309,4399,197,3
26310,4400,197,3
26311,4401,197,2
26312,4380,202,2
26313,4419,262,1
26314,4397,198,3
26315,4398,198,1
26316,4399,198,3
26317,4400,198,3
26318,4397,199,3
26319,4398,199,3
26320,4399,199,3
26321,4400,199,3
26322,4401,198,3
26323,4401,199,3
26324,4397,200,1
26325,4398,200,3
26326,4399,200,1
26327,4400,200,2
26328,4401,200,1
26329,4398,201,3
26330,4399,201,3
26331,4419,263,2
26332,4397,202,1
26333,4398,202,1
26334,4399,202,1
26335,4419,264,2
26336,4400,202,1
26337,4401,202,1
26338,4397,203,1
26339,4398,203,3
26340,4399,203,3
26341,4400,203,2
26342,4401,203,2
26343,4397,205,1
26344,4398,205,1
26345,4399,205,1
26346,4400,205,1
26347,4401,205,1
26348,4397,207,2
26349,4398,207,2
26350,4399,207,2
26351,4400,207,2
26352,4401,207,2
26353,4397,208,1
26354,4398,208,1
26355,4399,208,1
26356,4400,208,1
26357,4419,265,1
26358,4401,208,1
26359,4419,266,1
26360,4419,267,2
26361,4419,268,2
26362,4425,262,1
26363,4426,263,3
26364,4427,264,3
26365,4428,265,1
26366,4429,266,1
26367,4430,267,3
26368,4425,268,1
26369,4426,269,3
26370,4427,270,1
26371,4428,271,1
26372,4429,272,1
26373,4426,262,2
26374,4425,263,2
26375,4425,264,3
26376,4425,265,1
26377,4427,267,2
26378,4429,263,3
26379,4430,264,3
26380,4429,269,1
26381,4430,272,2
26382,4425,272,2
26383,4427,272,2
26384,4428,262,2
26385,4430,269,2
26386,4430,262,2
26387,4428,268,2
26388,4428,273,1
26389,4427,262,1
26390,4426,266,1
26391,4426,272,1
26392,4427,273,1
26393,4430,271,1
26394,4429,273,2
26395,4425,270,3
26396,4428,264,1
26397,4428,267,2
26398,4429,271,1
26399,4430,273,3
26400,4426,273,2
26401,4426,267,3
26402,4430,266,1
26403,4427,266,3
26404,4428,269,1
26405,4429,267,3
26406,4435,150,3
26407,4436,150,1
26408,4439,150,2
26409,4421,264,2
26410,4435,153,2
26411,4422,268,2
26412,4436,153,3
26413,4423,268,2
26414,4424,264,2
26415,4437,153,1
26416,4421,271,2
26417,4424,273,2
26418,4423,262,2
26419,4419,272,2
26420,4422,272,2
26421,4437,156,2
26422,4422,262,2
26423,4438,156,1
26424,4420,268,2
26425,4439,156,1
26426,4420,263,2
26427,4435,159,1
26428,4422,265,1
26429,4436,159,2
26430,4423,270,1
26431,4437,159,2
26432,4424,270,1
26433,4424,266,1
26434,4420,266,1
26435,4437,162,2
26436,4421,268,1
26437,4438,162,2
26438,4423,265,2
26439,4439,162,3
26440,4424,262,1
26441,4420,273,1
26442,4439,165,2
26443,4422,273,1
26444,4438,165,1
26445,4421,262,1
26446,4420,270,3
26447,4422,267,3
26448,4424,268,3
26449,4423,273,3
26450,4421,273,3
26451,4422,270,3
26452,4421,266,3
26453,4423,264,3
26454,4424,272,3
26455,4422,264,1
26456,4419,270,1
26457,4423,272,2
26458,4419,273,1
26459,4420,272,1
26460,4421,269,1
26461,4441,197,2
26462,4442,197,3
26463,4443,197,3
26464,4444,197,2
26465,4445,197,2
26466,4441,198,2
26467,4442,198,2
26468,4443,198,2
26469,4444,198,2
26470,4445,198,2
26471,4441,199,2
26472,4442,199,2
26473,4443,199,2
26474,4444,199,2
26475,4445,199,3
26476,4441,200,3
26477,4442,200,2
26478,4443,200,2
26479,4444,200,2
26480,4445,200,2
26481,4441,201,3
26482,4442,201,3
26483,4443,201,3
26484,4444,201,3
26485,4445,201,3
26486,4441,202,1
26487,4442,202,1
26488,4443,202,2
26489,4444,202,1
26490,4445,202,1
26491,4441,203,3
26492,4442,203,3
26493,4443,203,3
26494,4444,203,3
26495,4445,203,3
26496,4441,204,2
26497,4442,204,2
26498,4443,204,2
26499,4444,204,3
26500,4445,204,2
26501,4441,205,3
26502,4442,205,3
26503,4443,205,3
26504,4444,205,3
26505,4445,205,3
26506,4441,206,2
26507,4442,206,1
26508,4443,206,2
26509,4444,206,3
26510,4445,206,3
26511,4441,207,3
26512,4442,207,3
26513,4443,207,3
26514,4444,207,3
26515,4445,207,3
26516,4441,208,1
26517,4442,208,3
26518,4443,208,3
26519,4444,208,2
26520,4445,208,2
26521,4446,151,2
26522,4447,151,2
26523,4448,151,1
26524,4446,154,1
26525,4447,154,1
26526,4448,154,1
26527,4450,154,1
26528,4449,154,1
26529,4452,311,2
26530,4452,312,2
26531,4452,313,2
26532,4452,309,3
26533,4452,310,3
26534,4453,309,2
26535,4453,310,3
26536,4453,311,3
26537,4453,312,2
26538,4453,313,3
26539,4453,317,2
26540,4453,318,2
26541,4453,319,2
26542,4454,309,3
26543,4454,310,3
26544,4454,311,2
26545,4454,312,2
26546,4454,313,3
26547,4454,314,1
26548,4454,317,2
26549,4454,318,1
26550,4454,319,1
26551,4455,309,3
26552,4455,310,3
26553,4455,311,3
26554,4455,312,3
26555,4455,313,3
26556,4455,314,2
26557,4455,317,3
26558,4455,318,1
26559,4455,319,1
26560,4456,309,3
26561,4456,310,3
26562,4456,311,3
26563,4456,312,3
26564,4456,313,3
26565,4456,314,2
26566,4456,315,1
26567,4456,316,1
26568,4456,317,2
26569,4456,318,1
26570,4456,319,1
26571,4457,309,3
26572,4457,310,3
26573,4457,311,3
26574,4457,312,3
26575,4457,313,3
26576,4457,314,2
26577,4457,315,1
26578,4457,316,1
26579,4457,317,2
26580,4457,318,2
26581,4457,319,2
26582,4385,320,1
26583,4385,321,2
26584,4385,328,2
26585,4385,329,3
26586,4385,326,3
26587,4386,326,3
26588,4386,328,2
26589,4386,330,2
26590,4386,320,3
26591,4386,321,2
26592,4386,322,1
26593,4387,322,1
26594,4387,326,3
26595,4387,328,2
26596,4387,320,2
26597,4388,326,3
26598,4388,324,3
26599,4389,326,3
26600,4389,321,2
26601,4390,326,3
26602,4390,329,2
26603,4390,324,1
26604,4458,209,3
26605,4459,209,3
26606,4458,210,3
26607,4459,210,3
26608,4460,210,3
26609,4461,210,2
26610,4460,209,1
26611,4461,209,2
26612,4463,209,3
26613,4463,210,1
26614,4458,211,3
26615,4459,211,3
26616,4460,211,1
26617,4461,211,2
26618,4462,211,1
26619,4463,211,3
26620,4458,212,3
26621,4459,212,3
26622,4460,212,2
26623,4461,212,3
26624,4462,212,1
26625,4463,212,1
26626,4458,213,3
26627,4459,213,3
26628,4460,213,1
26629,4461,213,1
26630,4462,213,1
26631,4463,213,1
26632,4458,214,3
26633,4459,214,3
26634,4460,214,2
26635,4461,214,1
26636,4462,214,1
26637,4463,214,1
26638,4458,215,3
26639,4459,215,3
26640,4460,215,1
26641,4461,215,1
26642,4462,215,2
26643,4463,215,3
26644,4458,216,3
26645,4460,216,1
26646,4461,216,2
26647,4462,216,1
26648,4463,216,2
26649,4458,217,3
26650,4459,217,3
26651,4460,217,3
26652,4461,217,3
26653,4462,217,3
26654,4463,217,3
26655,4458,218,3
26656,4459,218,3
26657,4460,218,3
26658,4461,218,3
26659,4462,218,3
26660,4463,218,3
26661,4458,219,3
26662,4459,219,3
26663,4460,219,3
26664,4461,219,3
26665,4462,219,3
26666,4463,219,3
26667,4458,220,3
26668,4459,220,3
26669,4460,220,3
26670,4461,220,2
26671,4462,220,2
26672,4463,220,3
26673,4459,216,1
26674,4446,157,1
26675,4447,157,2
26676,4447,160,1
26677,4447,163,2
26678,4447,181,1
26679,4446,160,1
26680,4446,163,1
26681,4446,169,1
26682,4446,181,1
26683,4448,157,2
26684,4448,163,1
26685,4449,157,1
26686,4449,175,1
26687,4450,157,1
26688,4450,163,1
26689,4451,157,1
26690,4451,163,1
26691,4451,175,1
26692,4451,181,1
26693,4451,184,1
26694,4237,249,2
26695,4242,253,3
26696,4237,250,3
26697,4238,253,3
26698,4238,250,1
26699,4238,251,2
26700,4238,252,3
26701,4239,249,1
26702,4239,251,2
26703,4239,252,2
26704,4239,253,3
26705,4239,254,3
26706,4240,252,2
26707,4240,253,3
26708,4240,251,1
26709,4241,249,1
26710,4241,250,2
26711,4241,251,3
26712,4241,253,2
26713,4242,249,1
26714,4242,250,3
26715,4242,251,3
26716,4474,280,1
26717,4476,280,1
26718,4474,281,1
26719,4478,281,1
26720,4475,283,1
26721,4475,285,1
26722,4478,296,2
26723,4474,297,1
26724,4475,297,1
26725,4477,297,1
26726,4478,297,2
26727,239,320,1
26728,239,326,2
26729,239,329,2
26730,243,321,1
26731,243,330,2
26732,250,320,1
26733,250,326,2
26734,250,330,2
26735,251,326,2
26736,251,330,2
26737,252,330,2
26738,252,326,2
26739,1730,326,1
26740,1730,330,2
26741,4502,320,1
26742,4502,322,2
26743,4503,322,2
26744,4504,322,2
26745,4505,322,2
26746,4506,322,2
26747,4507,322,2
26748,4502,328,1
26749,4502,330,2
26750,4502,331,2
26751,4503,331,2
26752,4504,331,2
26753,4505,331,2
26754,4506,331,2
26755,4507,331,2
26756,4507,330,2
26757,4503,330,2
26758,4504,330,2
26759,4505,330,2
26760,4506,330,2
26761,4508,197,2
26762,4511,204,3
26763,4512,204,2
26764,4510,204,1
26765,4508,207,3
26766,4508,198,1
26767,4509,198,1
26768,4513,203,2
26769,4480,154,3
26770,4480,157,3
26771,4480,160,3
26772,4480,151,3
26773,4481,151,3
26774,4481,154,3
26775,4481,157,3
26776,4481,160,3
26777,4481,163,2
26778,4481,166,2
26779,4481,169,2
26780,4483,172,1
26781,4483,175,3
26782,4483,181,3
26783,4483,184,2
26784,4484,151,2
26785,4482,178,3
26786,4484,157,2
26787,4318,347,3
26788,4319,347,3
26789,4320,347,3
26790,4321,347,2
26791,4322,347,1
26792,4318,348,3
26793,4319,348,3
26794,4320,348,2
26795,4321,348,2
26796,4322,348,1
26797,4318,349,3
26798,4319,349,3
26799,4320,349,3
26800,4321,349,2
26801,4322,349,2
26802,4514,185,2
26803,4515,185,1
26804,4516,185,1
26805,4518,185,3
26806,4519,185,2
26807,4514,186,3
26808,4515,186,3
26809,4516,186,2
26810,4517,186,2
26811,4518,186,3
26812,4519,186,2
26813,4514,187,2
26814,4515,187,3
26815,4516,187,2
26816,4517,187,2
26817,4518,187,2
26818,4519,187,2
26819,4519,188,3
26820,4519,189,3
26821,4518,189,1
26822,4519,190,1
26823,4517,190,2
26824,4518,190,2
26825,4519,194,1
26826,4519,196,2
26827,4518,196,1
26828,4517,196,2
26829,4520,207,1
26830,4520,197,1
26831,4520,198,1
26832,4520,201,1
26833,4520,202,2
26834,4520,203,3
26835,4520,208,1
26836,4521,197,1
26837,4521,198,2
26838,4521,199,1
26839,4521,202,1
26840,4521,203,2
26841,4521,206,1
26842,4521,207,3
26843,4522,197,2
26844,4522,198,1
26845,4522,199,1
26846,4522,200,2
26847,4522,202,1
26848,4522,203,2
26849,4522,204,1
26850,4522,205,1
26851,4523,197,1
26852,4523,198,1
26853,4523,199,2
26854,4523,200,1
26855,4523,201,1
26856,4523,202,3
26857,4523,203,3
26858,4523,204,2
26859,4523,205,2
26860,4523,206,1
26861,4523,208,1
26862,4524,197,2
26863,4524,198,1
26864,4524,201,1
26865,4524,202,2
26866,4524,203,3
26867,4524,204,2
26868,4524,205,3
26869,4524,206,2
26870,4524,207,3
26871,4524,208,2
26872,4525,185,2
26873,4526,185,3
26874,4527,185,3
26875,4528,185,3
26876,4529,185,3
26877,4530,185,3
26878,4530,186,3
26879,4525,186,1
26880,4526,186,3
26881,4527,186,3
26882,4528,186,3
26883,4529,186,3
26884,4530,187,3
26885,4525,187,1
26886,4526,187,3
26887,4527,187,3
26888,4528,187,3
26889,4529,187,3
26890,4530,188,3
26891,4526,188,3
26892,4527,188,3
26893,4528,188,3
26894,4528,189,3
26895,4526,190,3
26896,4527,190,3
26897,4528,190,3
26898,4529,190,3
26899,4530,190,3
26900,4530,191,1
26901,4530,192,3
26902,4530,196,3
26903,4526,196,3
26904,4527,196,3
26905,4528,196,3
26906,4529,196,3
26907,4537,185,2
26908,4537,187,2
26909,4538,186,3
26910,4538,187,2
26911,4539,186,2
26912,4539,187,2
26913,4540,186,2
26914,4540,187,3
26915,4531,185,3
26916,4531,186,2
26917,4531,189,2
26918,4532,185,2
26919,4532,187,2
26920,4533,185,3
26921,4533,186,2
26922,4533,189,2
26923,4534,185,2
26924,4534,186,2
26925,4534,187,2
26926,4535,185,2
26927,4536,185,2
26928,4536,186,2
26929,4536,187,2
26930,4536,189,2
26931,4531,187,2
26932,4546,191,2
26933,4546,189,3
26934,4549,186,2
26935,4549,189,3
26936,4549,190,2
26937,4550,190,2
26938,4550,188,2
26939,4551,186,3
26940,4543,209,2
26941,4543,210,3
26942,4544,210,3
26943,4545,210,2
26944,4545,212,3
26945,4547,212,2
26946,4547,213,2
26947,4548,210,2
26948,4548,211,2
26949,4548,212,3
26950,4548,213,3
26951,4551,187,3
26952,4551,189,2
26953,4552,189,3
26954,4552,188,2
26955,4553,189,2
26956,4553,188,2
26957,4554,209,2
26958,4554,210,2
26959,4554,212,2
26960,4555,212,3
26961,4555,213,2
26962,4556,213,2
26963,4557,213,2
26964,4558,213,2
26965,4556,209,2
26966,4557,209,2
26967,4557,210,2
26968,4557,211,2
26969,4558,212,3
26970,1448,280,3
26971,1449,280,2
26972,1450,280,2
26973,1451,280,1
26974,1452,280,1
26975,1448,281,2
26976,1449,281,2
26977,1450,281,1
26978,1451,281,3
26979,1452,281,3
26980,1448,282,1
26981,1449,282,2
26982,1450,282,2
26983,1451,282,1
26984,4560,352,3
26985,4560,350,3
26986,4391,361,2
26987,4464,224,3
26988,4464,225,3
26989,4464,226,3
26990,4464,227,2
26991,4464,228,2
26992,4464,229,1
26993,4464,278,2
26994,4464,230,1
26995,4465,224,1
26996,4465,225,1
26997,4465,226,2
26998,4465,227,2
26999,4465,228,1
27000,4465,229,1
27001,4465,230,1
27002,4465,276,1
27003,4466,224,2
27004,4466,225,2
27005,4466,226,3
27006,4466,227,2
27007,4466,228,2
27008,4466,229,2
27009,4466,230,2
27010,4466,231,2
27011,4466,232,2
27012,4466,276,2
27013,4466,277,1
27014,4466,278,3
27015,4467,224,1
27016,4467,225,1
27017,4467,226,1
27018,4467,230,1
27019,4467,232,1
27020,4467,277,1
27021,4467,278,1
27022,4566,224,2
27023,4566,225,2
27024,4566,226,2
27025,4566,227,2
27026,4566,228,1
27027,4566,229,1
27028,4566,230,3
27029,4566,231,2
27030,4566,232,3
27031,4566,277,1
27032,4566,278,1
27033,4568,226,1
27034,4568,227,1
27035,4568,229,1
27036,4568,230,2
27037,4568,231,1
27038,4568,278,1
27039,4353,224,3
27040,4355,224,2
27041,4353,225,2
27042,4355,225,1
27043,4356,225,1
27044,4353,226,3
27045,4354,226,3
27046,4356,226,3
27047,4357,226,2
27048,4358,226,1
27049,4353,227,1
27050,4355,227,1
27051,4356,227,1
27052,4358,227,1
27053,4353,230,1
27054,4355,230,1
27055,4356,230,1
27056,4569,237,1
27057,4570,237,1
27058,4571,237,1
27059,4572,237,1
27060,4573,237,1
27061,4574,237,1
27062,4569,238,3
27063,4570,238,3
27064,4571,238,3
27065,4572,238,3
27066,4573,238,3
27067,4574,238,3
27068,4569,239,1
27069,4570,239,1
27070,4571,239,1
27071,4572,239,1
27072,4573,239,1
27073,4574,239,1
27074,4574,240,2
27075,4569,240,2
27076,4570,240,2
27077,4571,240,2
27078,4572,240,2
27079,4573,240,2
27080,4569,241,3
27081,4570,241,3
27082,4571,241,3
27083,4572,241,3
27084,4573,241,3
27085,4574,241,3
27086,4569,243,2
27087,4570,243,2
27088,4571,243,2
27089,4572,243,2
27090,4573,243,2
27091,4574,243,2
27092,4569,245,1
27093,4570,245,1
27094,4569,246,1
27095,4569,247,2
27096,4570,247,2
27097,4571,247,2
27098,4572,247,2
27099,4573,247,2
27100,4574,247,2
27101,4569,248,2
27102,4570,248,2
27103,4571,248,2
27104,4572,248,2
27105,4573,248,2
27106,4574,248,2
27107,4468,320,2
27108,4469,320,2
27109,4470,320,2
27110,4471,320,2
27111,4472,320,2
27112,4473,320,2
27113,4468,321,3
27114,4469,321,3
27115,4473,321,3
27116,4472,321,3
27117,4471,321,3
27118,4470,321,3
27119,4468,322,1
27120,4469,322,1
27121,4473,322,1
27122,4472,322,1
27123,4471,322,1
27124,4470,322,1
27125,4468,323,3
27126,4469,323,3
27127,4470,323,3
27128,4473,323,3
27129,4472,323,3
27130,4471,323,3
27131,4468,324,1
27132,4473,324,1
27133,4472,324,1
27134,4471,324,1
27135,4470,324,1
27136,4469,324,1
27137,4468,325,3
27138,4469,325,3
27139,4473,325,3
27140,4472,325,3
27141,4471,325,3
27142,4470,325,3
27143,4468,326,3
27144,4469,326,3
27145,4470,326,3
27146,4471,326,3
27147,4472,326,3
27148,4473,326,3
27149,4468,327,2
27150,4468,330,2
27151,4469,330,2
27152,4470,330,2
27153,4471,330,2
27154,4472,330,2
27155,4473,330,2
27156,4323,231,2
27157,4324,232,2
27158,4325,276,1
27159,4325,226,2
27160,4326,226,1
27161,4326,229,3
27162,4327,226,3
27163,4327,227,1
27164,4327,229,1
27165,4327,231,2
27166,4328,224,1
27167,4328,226,2
27168,4328,227,1
27169,4328,229,2
27170,4328,231,2
27171,4328,276,2
27172,4328,277,1
27173,4328,278,1
27174,4328,232,2
27175,4392,361,2
27176,4408,224,2
27177,4409,224,2
27178,4410,224,2
27179,4411,224,2
27180,4412,224,3
27181,4413,224,2
27182,4413,225,1
27183,4408,225,1
27184,4409,225,1
27185,4410,225,2
27186,4411,225,1
27187,4412,225,2
27188,4413,226,1
27189,4411,226,1
27190,4393,361,2
27191,4394,361,1
27192,4395,361,2
27193,4396,361,2
27194,4391,362,1
27195,4392,362,2
27196,4393,362,2
27197,4394,362,2
27198,4395,362,2
27199,4396,362,1
27200,4391,363,3
27201,4392,363,3
27202,4393,363,3
27203,4394,363,3
27204,4395,363,3
27205,4396,363,3
27206,4391,364,1
27207,4392,364,1
27208,4393,364,1
27209,4394,364,1
27210,4395,364,1
27211,4396,364,1
27212,4391,365,3
27213,4392,365,3
27214,4393,365,3
27215,4394,365,3
27216,4395,365,3
27217,4396,365,3
27218,4391,366,2
27219,4392,366,2
27220,4393,366,2
27221,4394,366,2
27222,4395,366,2
27223,4396,366,2
27224,4391,367,1
27225,4392,367,1
27226,4393,367,1
27227,4394,367,1
27228,4395,367,1
27229,4396,367,2
27230,4391,368,1
27231,4392,368,1
27232,4393,368,1
27233,4394,368,1
27234,4395,368,1
27235,4396,368,2
27236,4391,369,2
27237,4392,369,2
27238,4393,369,2
27239,4394,369,2
27240,4395,369,2
27241,4396,369,2
27242,4391,370,2
27243,4392,370,2
27244,4393,370,2
27245,4394,370,2
27246,4395,370,2
27247,4396,370,2
27248,4391,371,2
27249,4392,371,2
27250,4393,371,2
27251,4394,371,2
27252,4395,371,2
27253,4396,371,2
27254,4391,372,3
27255,4392,372,3
27256,4393,372,3
27257,4394,372,3
27258,4395,372,3
27259,4396,372,3
27260,4291,361,2
27261,4296,372,2
27262,4292,361,1
27263,4293,361,1
27264,4291,362,3
27265,4291,363,3
27266,4291,364,3
27267,4291,365,3
27268,4291,366,3
27269,4291,367,2
27270,4291,368,2
27271,4291,369,1
27272,4291,370,2
27273,4291,372,2
27274,4292,362,1
27275,4292,363,2
27276,4292,364,3
27277,4292,365,3
27278,4292,366,2
27279,4292,367,1
27280,4292,368,2
27281,4292,369,2
27282,4292,370,1
27283,4292,371,1
27284,4292,372,2
27285,4293,362,1
27286,4293,363,3
27287,4293,364,3
27288,4293,365,3
27289,4293,366,2
27290,4293,367,1
27291,4293,368,1
27292,4293,369,1
27293,4293,370,2
27294,4293,371,2
27295,4294,361,3
27296,4294,362,3
27297,4294,363,3
27298,4294,364,2
27299,4294,365,3
27300,4294,366,3
27301,4294,367,2
27302,4294,368,1
27303,4294,369,1
27304,4294,370,2
27305,4294,371,1
27306,4294,372,3
27307,4295,361,3
27308,4295,362,3
27309,4295,363,3
27310,4295,364,3
27311,4295,365,2
27312,4295,366,3
27313,4295,367,2
27314,4295,368,2
27315,4295,369,2
27316,4295,370,1
27317,4295,372,2
27318,4296,361,3
27319,4296,362,2
27320,4296,363,3
27321,4296,364,3
27322,4296,365,3
27323,4296,366,3
27324,4296,367,1
27325,4296,368,1
27326,4296,369,2
27327,4296,370,1
27328,4296,371,1
27329,4586,224,1
27330,4587,224,3
27331,4588,224,3
27332,4589,224,3
27333,4590,224,3
27334,4591,224,3
27335,4587,225,1
27336,4588,225,1
27337,4589,225,1
27338,4590,225,1
27339,4591,225,1
27340,4586,225,1
27341,4587,226,2
27342,4588,226,2
27343,4589,226,2
27344,4590,226,2
27345,4591,226,2
27346,4591,229,2
27347,4586,229,2
27348,4586,230,2
27349,4591,230,2
27350,4591,277,1
27351,4586,277,1
27352,4587,277,1
27353,4588,277,1
27354,4589,277,1
27355,4590,277,1
27356,4408,227,1
27357,4409,227,1
27358,4410,227,1
27359,4412,227,1
27360,4413,227,2
27361,4413,229,3
27362,4408,229,2
27363,4409,229,2
27364,4410,229,2
27365,4411,229,2
27366,4412,229,2
27367,4413,231,2
27368,4408,232,2
27369,4409,232,2
27370,4410,232,1
27371,4411,232,2
27372,4412,232,2
27373,4413,232,2
27374,4413,276,1
27375,4408,276,1
27376,4409,276,2
27377,4410,276,1
27378,4411,276,2
27379,4412,276,3
27380,4409,277,1
27381,4410,277,2
27382,4412,277,1
27383,4413,277,1
27384,4408,278,2
27385,4409,278,3
27386,4410,278,2
27387,4411,278,2
27388,4412,278,1
27389,4413,278,2
27390,4592,262,1
27391,4593,265,2
27392,4594,268,1
27393,4595,269,1
27394,4596,262,1
27395,4597,262,1
27396,4496,280,3
27397,4497,280,2
27398,4499,280,2
27399,4500,280,1
27400,4501,281,3
27401,4496,281,2
27402,4497,281,3
27403,4498,281,3
27404,4499,281,2
27405,4500,281,1
27406,1618,381,2
27407,1619,381,3
27408,1620,381,3
27409,1621,381,2
27410,1622,381,2
27411,1618,382,1
27412,1619,382,3
27413,1620,382,3
27414,1621,382,1
27415,1622,382,2
27416,1618,383,2
27417,1619,383,3
27418,1620,383,3
27419,1621,383,1
27420,1622,383,1
27421,1618,384,3
27422,1619,384,2
27423,1620,384,3
27424,1621,384,3
27425,1622,384,2
27426,1618,385,3
27427,1619,385,3
27428,1620,385,2
27429,1622,385,2
27430,1619,386,3
27431,1620,386,3
27432,1621,386,1
27433,1622,386,1
27434,1618,387,1
27435,1619,387,3
27436,1620,387,2
27437,1621,387,2
27438,1622,387,1
27439,1618,388,1
27440,1619,388,3
27441,1620,388,3
27442,1621,388,3
27443,1622,388,2
27444,4491,237,1
27445,4492,237,3
27446,4493,237,3
27447,4494,237,2
27448,4495,237,2
27449,4491,238,2
27450,4492,238,2
27451,4493,238,2
27452,4494,238,2
27453,4495,238,2
27454,4491,239,2
27455,4492,239,1
27456,4493,239,3
27457,4494,239,3
27458,4495,239,3
27459,4491,240,2
27460,4492,240,2
27461,4493,240,3
27462,4494,240,2
27463,4495,240,2
27464,4491,241,2
27465,4492,241,1
27466,4493,241,2
27467,4494,241,3
27468,4495,241,3
27469,4491,242,2
27470,4492,242,2
27471,4493,242,2
27472,4494,242,2
27473,4495,242,3
27474,4491,245,1
27475,4492,245,1
27476,4493,245,1
27477,4494,245,1
27478,4495,245,1
27479,4575,224,1
27480,4577,224,2
27481,4576,224,2
27482,4578,224,2
27483,4579,224,3
27484,4580,224,2
27485,4575,225,2
27486,4577,225,2
27487,4576,225,2
27488,4578,225,3
27489,4579,225,2
27490,4580,225,2
27491,4575,226,1
27492,4577,226,1
27493,4576,226,1
27494,4578,226,2
27495,4579,226,3
27496,4580,226,2
27497,4575,227,1
27498,4577,227,3
27499,4576,227,3
27500,4578,227,2
27501,4579,227,3
27502,4580,227,2
27503,4577,228,2
27504,4576,228,2
27505,4578,228,2
27506,4579,228,3
27507,4580,228,2
27508,4575,229,3
27509,4577,229,1
27510,4576,229,3
27511,4578,229,3
27512,4579,229,2
27513,4580,229,3
27514,4575,230,3
27515,4577,230,3
27516,4576,230,3
27517,4578,230,3
27518,4579,230,3
27519,4580,230,2
27520,4575,231,3
27521,4577,231,3
27522,4576,231,3
27523,4578,231,3
27524,4579,231,3
27525,4580,231,3
27526,4575,232,1
27527,4577,232,2
27528,4576,232,2
27529,4578,232,3
27530,4579,232,3
27531,4580,232,3
27532,4575,276,2
27533,4577,276,3
27534,4576,276,2
27535,4578,276,3
27536,4579,276,3
27537,4580,276,3
27538,4575,277,2
27539,4577,277,2
27540,4576,277,2
27541,4578,277,3
27542,4579,277,3
27543,4580,277,3
27544,4575,278,1
27545,4577,278,2
27546,4576,278,3
27547,4578,278,3
27548,4579,278,3
27549,4580,278,3
27550,1839,381,2
27551,1840,381,3
27552,1841,381,3
27553,1842,381,3
27554,1843,381,2
27555,1839,382,2
27556,1840,382,3
27557,1841,382,3
27558,1842,382,1
27559,1843,382,1
27560,1839,383,1
27561,1840,383,1
27562,1841,383,2
27563,1842,383,2
27564,1843,383,1
27565,1840,384,2
27566,1841,384,1
27567,1842,384,1
27568,1843,384,1
27569,1839,385,1
27570,1840,385,2
27571,1841,385,1
27572,1842,385,3
27573,1843,385,1
27574,1839,386,2
27575,1840,386,3
27576,1841,386,3
27577,1842,386,1
27578,1843,386,1
27579,1839,387,1
27580,1840,387,1
27581,1841,387,1
27582,1842,387,1
27583,1843,387,2
27584,1839,388,2
27585,1840,388,3
27586,1841,388,3
27587,1842,388,2
27588,1843,388,1
27589,245,348,3
27590,246,348,3
27591,247,348,3
27592,244,381,2
27593,245,381,1
27594,246,381,2
27595,247,381,1
27596,248,381,1
27597,249,381,2
27598,244,382,1
27599,245,382,1
27600,246,382,1
27601,247,382,1
27602,248,382,1
27603,249,382,1
27604,244,383,1
27605,245,383,1
27606,246,383,1
27607,249,383,1
27608,244,385,1
27609,244,384,1
27610,245,385,1
27611,246,385,1
27612,247,385,1
27613,248,385,1
27614,249,385,1
27615,244,386,2
27616,245,386,2
27617,246,386,2
27618,247,386,2
27619,248,386,2
27620,249,386,2
27621,244,387,1
27622,245,387,1
27623,246,387,1
27624,247,387,1
27625,248,387,1
27626,249,387,1
27627,244,388,1
27628,245,388,1
27629,246,388,1
27630,247,388,1
27631,248,388,1
27632,249,388,1
27633,232,348,2
27634,233,348,2
27635,230,381,3
27636,231,381,2
27637,232,381,2
27638,233,381,2
27639,234,381,3
27640,235,381,2
27641,230,382,1
27642,234,382,2
27643,235,382,1
27644,230,383,1
27645,231,383,1
27646,234,383,1
27647,235,383,1
27648,230,384,1
27649,234,384,1
27650,235,384,1
27651,230,385,1
27652,231,385,1
27653,234,385,1
27654,235,385,1
27655,230,386,2
27656,231,386,2
27657,232,386,1
27658,233,386,1
27659,234,386,2
27660,235,386,2
27661,230,387,1
27662,231,387,1
27663,232,387,1
27664,233,387,1
27665,234,387,1
27666,235,387,1
27667,230,388,2
27668,231,388,2
27669,232,388,1
27670,233,388,1
27671,234,388,2
27672,235,388,2
27673,1439,381,1
27674,1441,381,2
27675,1442,381,3
27676,1443,381,1
27677,1444,381,1
27678,1439,382,1
27679,1441,382,1
27680,1442,382,2
27681,1439,383,1
27682,1441,383,1
27683,1442,383,2
27684,1443,383,1
27685,1444,383,2
27686,1441,384,1
27687,1442,384,2
27688,1443,384,1
27689,1444,384,1
27690,1439,385,1
27691,1441,385,1
27692,1442,385,2
27693,1443,385,3
27694,1444,385,1
27695,1439,386,1
27696,1441,386,1
27697,1442,386,2
27698,1443,386,1
27699,1444,386,1
27700,1439,387,1
27701,1441,387,1
27702,1442,387,1
27703,1443,387,1
27704,1444,387,1
27705,1439,388,2
27706,1441,388,2
27707,1442,388,1
27708,1443,388,1
27709,1444,388,1
27710,603,373,3
27711,604,373,3
27712,605,373,3
27713,606,373,3
27714,607,373,3
27715,603,374,1
27716,604,374,1
27717,605,374,2
27718,606,374,1
27719,607,374,2
27720,603,375,1
27721,604,375,2
27722,607,375,1
27723,603,377,1
27724,604,377,2
27725,605,377,1
27726,606,377,1
27727,607,377,2
27728,603,378,3
27729,604,378,2
27730,605,378,2
27731,606,378,2
27732,607,378,3
27733,603,379,2
27734,604,379,1
27735,605,379,2
27736,606,379,3
27737,607,379,1
27738,603,380,2
27739,604,380,2
27740,1098,280,2
27741,1099,280,3
27742,1101,280,2
27743,4598,280,1
27744,1098,281,1
27745,1098,284,1
27746,1099,285,3
27747,1101,285,1
27748,4598,285,1
27749,1098,296,1
27750,4599,347,3
27751,4603,347,2
27752,4607,347,2
27753,4608,347,2
27754,4609,347,2
27755,4609,348,1
27756,4599,348,1
27757,4603,348,1
27758,4607,348,1
27759,4608,348,1
27760,4599,349,2
27761,4603,349,1
27762,4607,349,2
27763,4608,349,2
27764,4599,382,1
27765,4607,382,1
27766,4608,382,1
27767,4599,383,1
27768,4603,383,1
27769,4608,383,1
27770,4609,383,1
27771,4609,384,2
27772,4599,384,2
27773,4607,384,3
27774,4608,384,2
27775,4603,385,3
27776,4607,385,1
27777,4608,385,2
27778,4609,385,2
27779,4599,385,2
27780,4603,386,1
27781,4608,386,1
27782,4609,386,1
27783,4599,387,2
27784,4603,387,2
27785,4608,387,1
27786,4607,388,2
27787,4608,388,1
27788,4313,224,2
27789,4314,224,2
27790,4315,224,2
27791,4316,224,2
27792,4317,224,2
27793,4313,225,2
27794,4313,226,3
27795,4314,226,3
27796,4315,226,3
27797,4316,226,3
27798,4317,226,2
27799,4313,227,1
27800,4314,227,2
27801,4315,227,2
27802,4316,227,2
27803,4317,227,2
27804,4317,228,2
27805,4314,225,2
27806,4315,225,2
27807,4316,225,2
27808,4317,225,2
27809,4313,228,2
27810,4314,228,2
27811,4315,228,2
27812,4316,228,2
27813,4313,229,3
27814,4314,229,3
27815,4315,229,3
27816,4316,229,3
27817,4317,229,2
27818,4313,230,2
27819,4314,230,3
27820,4315,230,3
27821,4316,230,2
27822,4317,230,3
27823,4313,231,3
27824,4314,231,3
27825,4315,231,3
27826,4316,231,3
27827,4317,231,3
27828,4313,232,1
27829,4314,232,2
27830,4315,232,2
27831,4316,232,3
27832,4317,232,3
27833,4313,276,3
27834,4314,276,3
27835,4315,276,3
27836,4316,276,2
27837,4317,276,3
27838,4313,277,2
27839,4314,277,2
27840,4315,277,1
27841,4316,277,3
27842,4317,277,3
27843,4313,278,3
27844,4314,278,2
27845,4315,278,2
27846,4316,278,3
27847,4317,278,3
27848,1481,295,1
27849,1481,296,3
27850,1477,280,1
27851,1478,280,1
27852,1479,280,1
27853,1480,280,2
27854,1481,280,1
27855,1476,281,3
27856,1477,281,2
27857,1478,281,2
27858,1479,281,3
27859,1480,281,1
27860,1481,281,2
27861,4600,249,3
27862,4600,251,3
27863,4601,249,3
27864,4601,251,3
27865,4601,253,2
27866,4602,249,3
27867,4602,250,2
27868,4602,251,3
27869,4602,253,3
27870,4604,249,2
27871,4604,250,3
27872,4604,251,2
27873,4604,253,3
27874,4605,249,2
27875,4605,251,3
27876,4605,253,1
27877,4606,249,1
27878,4606,251,3
27879,4606,253,3
27880,1032,350,2
27881,1032,351,3
27882,1032,352,3
27883,1032,353,3
27884,1032,354,2
27885,1032,355,1
27886,1032,357,1
27887,1032,359,1
27888,1032,360,1
27889,1033,350,2
27890,1034,350,2
27891,1035,350,3
27892,1036,350,3
27893,1033,351,3
27894,1034,351,3
27895,1035,351,3
27896,1036,351,3
27897,1033,352,3
27898,1034,352,3
27899,1036,352,3
27900,1035,352,2
27901,1033,353,3
27902,1034,353,3
27903,1035,353,2
27904,1036,353,3
27905,1033,354,3
27906,1034,354,3
27907,1035,354,2
27908,1036,354,3
27909,1033,355,1
27910,1034,355,2
27911,1035,355,1
27912,1036,355,3
27913,1032,356,1
27914,1033,356,2
27915,1034,356,1
27916,1035,356,1
27917,1036,356,1
27918,1033,357,1
27919,1034,357,2
27920,1035,357,1
27921,1036,357,1
27922,1032,358,1
27923,1033,358,1
27924,1034,358,1
27925,1035,358,1
27926,1036,358,1
27927,1033,359,1
27928,1034,359,1
27929,1035,359,1
27930,1036,359,1
27931,1033,360,1
27932,1034,360,1
27933,1035,360,1
27934,1036,360,1
27935,1706,280,2
27936,1708,281,2
27937,1708,283,3
27938,1707,281,1
27939,1707,283,2
27940,1709,283,2
27941,1709,285,2
27942,1709,296,2
27943,1710,296,2
27944,1710,281,1
27945,1710,283,3
27946,1711,283,3
27947,1711,285,3
27948,1711,295,1
27949,1711,280,3
27950,1709,282,1
27951,1476,282,2
27952,1478,282,1
27953,1480,282,3
27954,1481,282,1
27955,1476,283,3
27956,1477,283,2
27957,1478,283,3
27958,1479,283,1
27959,1480,283,3
27960,1481,283,1
27961,1476,284,1
27962,1477,284,1
27963,1478,284,1
27964,1480,284,2
27965,1481,284,1
27966,1476,285,1
27967,1477,285,2
27968,1478,285,1
27969,1479,285,3
27970,1480,285,1
27971,1481,285,1
27972,1478,286,1
27973,1476,295,1
27974,1477,295,1
27975,1478,295,2
27976,1479,295,1
27977,1480,295,1
27978,1476,296,2
27979,1477,296,2
27980,1478,296,1
27981,1479,296,3
27982,1480,296,1
27983,1476,297,1
27984,1478,297,2
27985,1479,297,1
27986,1481,297,1
27987,4497,282,2
27988,4498,282,2
27989,4499,282,3
27990,4500,282,1
27991,4500,283,1
27992,4501,283,2
27993,4496,283,3
27994,4610,281,1
27995,4611,281,1
27996,4612,281,2
27997,4613,281,1
27998,4614,281,1
27999,4615,281,2
28000,4611,282,3
28001,4612,282,3
28002,4614,282,1
28003,4613,284,1
28004,4614,284,1
28005,4610,285,1
28006,4611,285,1
28007,4612,285,1
28008,4611,286,1
28009,4611,293,2
28010,4613,293,2
28011,4614,293,1
28012,4615,293,2
28013,4615,295,1
28014,4611,295,2
28015,4613,295,1
28016,4614,295,3
28017,4615,296,2
28018,4610,296,1
28019,4612,296,2
28020,4615,297,1
28021,4613,297,1
28022,4614,297,1
28023,1701,284,1
28024,1702,285,2
28025,1703,286,3
28026,1704,287,2
28027,1705,293,1
28028,1701,297,3
28029,1702,280,1
28030,1703,283,2
28031,1702,282,2
28032,1702,296,3
28033,1700,295,2
28034,1712,280,2
28035,1713,281,2
28036,1715,281,3
28037,1716,282,1
28038,1712,283,2
28039,1714,284,2
28040,1713,285,2
28041,1715,286,3
28042,1713,287,2
28043,1715,293,3
28044,1717,295,3
28045,1714,296,2
28046,1715,297,1
28047,4610,226,3
28048,4610,229,3
28049,4610,230,2
28050,4610,231,2
28051,4610,232,1
28052,4610,276,1
28053,4610,277,1
28054,4610,278,2
28055,4611,226,3
28056,4611,229,3
28057,4611,230,2
28058,4611,231,2
28059,4611,232,2
28060,4611,276,1
28061,4611,277,1
28062,4611,278,1
28063,4612,226,3
28064,4612,229,3
28065,4612,230,3
28066,4612,231,2
28067,4612,232,2
28068,4612,276,1
28069,4612,277,1
28070,4612,278,2
28071,4613,226,3
28072,4613,229,3
28073,4613,230,2
28074,4613,231,3
28075,4613,232,2
28076,4613,276,2
28077,4613,277,1
28078,4613,278,2
28079,4614,224,1
28080,4614,226,3
28081,4614,229,3
28082,4614,230,2
28083,4614,231,2
28084,4614,232,2
28085,4614,276,1
28086,4614,278,2
28087,4615,226,2
28088,4615,229,3
28089,4615,230,2
28090,4615,231,2
28091,4615,276,2
28092,4615,278,2
28093,4612,225,1
28094,4612,227,1
28095,4612,228,1
28096,1292,350,1
28097,1292,351,2
28098,1292,352,1
28099,1292,353,2
28100,1292,354,3
28101,1292,355,1
28102,1292,356,2
28103,1292,357,2
28104,1292,358,1
28105,1292,359,2
28106,1292,360,1
28107,4616,350,2
28108,4616,351,1
28109,4616,352,2
28110,4616,353,1
28111,4616,354,2
28112,4616,355,2
28113,4616,356,1
28114,4616,357,2
28115,4616,358,1
28116,4616,359,1
28117,4616,360,2
28118,4617,350,3
28119,4617,351,1
28120,4617,352,2
28121,4617,353,2
28122,4617,354,1
28123,4617,355,2
28124,4617,356,1
28125,4617,357,3
28126,4617,358,1
28127,4617,359,2
28128,4617,360,1
28129,4618,351,3
28130,4618,352,1
28131,4618,353,2
28132,4618,354,2
28133,4618,355,1
28134,4618,356,1
28135,4618,357,2
28136,4618,358,2
28137,4618,359,3
28138,4618,360,2
28139,4618,350,1
28140,4619,351,3
28141,4619,352,2
28142,4619,353,2
28143,4619,354,1
28144,4619,355,2
28145,4619,356,2
28146,4619,357,1
28147,4619,358,2
28148,4619,359,2
28149,4619,360,1
28150,4619,350,2
28151,4620,351,2
28152,4620,352,3
28153,4620,353,1
28154,4620,354,2
28155,4620,355,3
28156,4620,356,1
28157,4620,357,2
28158,4620,358,2
28159,4620,359,1
28160,4620,360,1
28161,4620,350,2
28162,4621,280,2
28163,4623,280,2
28164,4624,280,1
28165,4621,281,2
28166,4622,281,3
28167,4622,282,3
28168,4625,282,2
28169,4624,282,1
28170,4621,283,3
28171,4622,284,3
28172,4623,285,2
28173,4622,286,2
28174,4626,287,2
28175,4624,293,1
28176,4623,295,2
28177,4623,296,2
28178,4623,297,2
28179,1363,381,1
28180,1364,381,2
28181,1365,381,2
28182,1366,381,2
28183,1367,381,2
28184,1364,382,1
28185,1365,382,3
28186,1366,382,2
28187,1367,382,2
28188,1363,383,2
28189,1364,383,3
28190,1365,383,3
28191,1366,383,3
28192,1367,383,3
28193,1363,384,2
28194,1364,384,3
28195,1365,384,3
28196,1366,384,3
28197,1367,384,3
28198,1363,385,3
28199,1364,385,3
28200,1365,385,3
28201,1366,385,3
28202,1367,385,3
28203,1363,386,3
28204,1364,386,2
28205,1365,386,2
28206,1366,386,2
28207,1367,386,2
28208,1364,387,1
28209,1365,387,1
28210,1366,387,1
28211,1367,387,1
28212,1363,388,2
28213,1364,388,3
28214,1365,388,3
28215,1366,388,3
28216,1367,388,3
28217,1076,280,1
28218,4627,280,2
28219,4628,281,2
28220,4630,282,2
28221,4628,283,3
28222,4629,284,2
28223,4630,285,2
28224,4629,286,1
28225,4630,287,1
28226,4629,293,3
28227,4630,295,1
28228,4629,296,3
28229,4630,297,1
28230,1077,283,2
28231,1079,280,2
28232,1079,283,2
28233,1079,285,2
28234,1076,283,2
28235,1472,280,1
28236,1471,286,2
28237,1473,280,2
28238,1471,280,2
28239,1474,280,2
28240,1471,282,2
28241,1471,283,2
28242,1471,284,3
28243,1471,285,1
28244,1471,287,1
28245,1471,293,2
28246,1471,295,2
28247,1471,296,3
28248,1471,297,1
28249,1472,281,3
28250,1472,282,2
28251,1472,284,2
28252,1472,285,3
28253,1472,286,1
28254,1472,287,1
28255,1472,293,3
28256,1472,295,3
28257,1472,296,3
28258,1472,297,2
28259,1472,283,3
28260,1473,281,3
28261,1473,282,3
28262,1473,283,3
28263,1473,284,2
28264,1473,285,2
28265,1473,286,1
28266,1473,293,3
28267,1473,295,2
28268,1473,296,2
28269,1473,297,2
28270,1473,287,1
28271,1474,281,2
28272,1474,282,2
28273,1474,283,3
28274,1474,285,2
28275,1474,286,1
28276,1474,287,2
28277,1474,293,2
28278,1474,295,3
28279,1474,296,3
28280,1474,297,2
28281,1475,280,2
28282,1475,281,2
28283,4561,350,2
28284,4562,350,2
28285,4563,350,2
28286,4564,350,2
28287,4565,350,2
28288,4560,351,2
28289,4561,351,2
28290,4562,351,3
28291,4563,351,3
28292,4564,351,3
28293,4565,351,2
28294,4638,185,2
28295,4639,185,2
28296,4640,185,3
28297,4641,185,3
28298,4642,185,1
28299,4643,185,1
28300,4638,186,2
28301,4639,186,2
28302,4640,186,2
28303,4641,186,1
28304,4642,186,1
28305,4643,186,1
28306,4638,187,1
28307,4639,187,2
28308,4640,187,3
28309,4641,187,2
28310,4642,187,1
28311,4643,187,1
28312,4643,188,2
28313,4642,189,2
28314,4643,189,2
28315,4638,189,3
28316,4639,189,2
28317,4640,189,3
28318,4641,189,2
28319,4643,191,2
28320,4643,196,2
28321,1475,282,2
28322,1475,283,3
28323,1475,284,3
28324,1475,285,2
28325,1475,286,2
28326,1475,287,1
28327,1475,293,2
28328,1475,295,2
28329,1475,296,2
28330,1475,297,3
28331,1470,282,3
28332,1470,284,3
28333,1470,285,1
28334,1470,286,3
28335,1470,287,2
28336,1470,295,2
28337,1470,296,3
28338,1470,297,3
28339,4546,186,2
28340,4550,186,2
28341,4551,190,2
28342,1673,298,1
28343,1675,298,1
28344,1673,299,1
28345,1674,299,1
28346,1675,299,1
28347,1677,299,1
28348,1678,299,1
28349,1679,299,1
28350,1674,300,1
28351,1675,300,1
28352,1679,300,1
28353,1673,301,1
28354,1675,301,1
28355,1674,302,2
28356,1675,302,2
28357,1673,308,2
28358,1674,308,2
28359,1675,308,1
28360,192,151,1
28361,192,154,2
28362,192,160,1
28363,192,175,1
28364,193,151,2
28365,193,154,2
28366,193,160,1
28367,193,163,1
28368,193,175,1
28369,195,151,2
28370,195,157,1
28371,195,160,2
28372,195,166,2
28373,195,169,1
28374,195,172,1
28375,195,175,1
28376,1102,280,1
28377,1102,284,1
28378,1102,296,2
28379,1100,280,1
28380,4435,168,1
28381,4435,171,1
28382,4437,171,2
28383,4438,177,2
28384,4436,174,1
28385,4439,180,3
28386,4436,183,3
28387,4243,160,2
28388,4244,160,3
28389,4245,163,2
28390,4243,163,2
28391,4244,166,3
28392,4243,166,1
28393,4244,163,2
28394,4245,160,2
28395,4246,163,2
28396,4246,160,1
28397,4247,160,3
28398,4248,160,3
28399,4247,163,1
28400,4248,163,2
28401,4243,169,3
28402,4244,169,2
28403,4243,172,2
28404,4243,175,3
28405,4243,178,2
28406,4243,181,1
28407,4243,184,3
28408,4244,172,3
28409,4244,175,1
28410,4244,178,3
28411,4244,181,3
28412,4244,184,1
28413,4245,166,2
28414,4245,169,1
28415,4245,172,3
28416,4245,175,2
28417,4245,178,3
28418,4245,181,1
28419,4245,184,1
28420,4246,169,2
28421,4246,166,2
28422,4246,172,3
28423,4246,175,1
28424,4246,178,3
28425,4246,181,3
28426,4246,184,3
28427,4247,166,2
28428,4247,169,2
28429,4247,172,2
28430,4247,175,2
28431,4247,178,1
28432,4247,181,3
28433,4247,184,3
28434,4248,166,1
28435,880,225,1
28436,4248,169,2
28437,4248,172,2
28438,880,226,1
28439,4248,175,3
28440,4248,178,3
28441,4248,181,2
28442,4248,184,3
28443,4581,225,3
28444,4364,361,2
28445,4364,362,2
28446,4364,363,3
28447,4364,364,1
28448,4364,365,1
28449,4364,366,1
28450,4364,369,1
28451,4364,372,1
28452,4479,297,1
28453,1718,297,2
28454,1718,285,3
28455,1719,281,2
28456,1719,295,1
28457,1718,282,1
28458,1719,283,3
28459,1719,284,1
28460,1719,293,3
28461,1720,281,2
28462,1720,293,3
28463,1720,295,1
28464,1720,296,3
28465,1721,281,3
28466,1721,284,1
28467,1721,293,3
28468,1721,296,2
28469,1722,284,2
28470,1722,281,2
28471,1722,293,3
28472,1723,293,3
28473,1723,281,3
28474,1723,283,3
28475,1722,283,3
28476,1721,283,3
28477,1720,283,3
28478,1718,283,3
28479,1721,280,1
28480,1720,286,1
28481,1718,287,1
28482,1423,373,2
28483,1416,374,1
28484,1416,375,1
28485,1416,373,2
28486,1419,373,3
28487,1420,373,2
28488,1422,373,3
28489,1419,374,3
28490,1420,374,3
28491,1422,374,3
28492,1423,374,2
28493,1419,375,2
28494,1420,375,2
28495,1422,375,2
28496,1423,375,2
28497,1416,376,2
28498,1419,376,3
28499,1420,376,3
28500,1422,376,3
28501,1423,376,3
28502,1416,377,3
28503,1416,378,3
28504,1416,379,1
28505,1419,377,3
28506,1420,377,3
28507,1422,377,3
28508,1423,377,3
28509,1419,378,1
28510,1420,378,1
28511,1422,378,1
28512,1423,378,2
28513,1419,379,3
28514,1420,379,3
28515,1422,379,3
28516,1423,379,3
28517,1416,380,1
28518,1419,380,1
28519,1420,380,1
28520,1422,380,1
28521,1423,380,1
28522,4633,344,3
28523,4634,344,3
28524,4635,344,3
28525,4636,344,2
28526,4637,344,3
28527,4633,345,2
28528,4634,345,3
28529,4635,345,1
28530,4636,345,3
28531,4637,345,2
28532,4633,346,2
28533,4634,346,2
28534,4635,346,2
28535,4636,346,2
28536,4637,346,2
28537,4633,379,3
28538,4633,373,1
28539,4633,374,1
28540,4633,375,3
28541,4633,376,3
28542,4633,377,2
28543,4633,378,2
28544,4633,380,1
28545,4634,373,1
28546,4634,374,1
28547,4634,375,3
28548,4634,376,3
28549,4634,377,2
28550,4634,378,2
28551,4634,379,3
28552,4634,380,1
28553,4635,373,1
28554,4635,374,1
28555,4635,375,3
28556,4635,376,3
28557,4635,377,2
28558,4635,378,2
28559,4635,379,3
28560,4635,380,1
28561,4636,373,1
28562,4636,374,1
28563,4636,375,3
28564,4636,376,3
28565,4636,377,2
28566,4636,378,2
28567,4636,379,3
28568,4636,380,1
28569,4637,373,2
28570,4637,374,1
28571,4637,375,2
28572,4637,376,3
28573,4637,377,2
28574,4637,378,2
28575,4637,379,3
28576,4637,380,1
28577,4644,237,2
28578,4644,238,2
28579,4644,239,1
28580,4644,240,3
28581,4644,241,1
28582,4644,242,1
28583,4644,243,2
28584,4644,244,1
28585,4644,245,1
28586,4644,247,1
28587,4644,248,1
28588,4645,237,1
28589,4645,238,1
28590,4645,239,1
28591,4645,240,1
28592,4645,244,1
28593,4645,245,1
28594,4645,246,3
28595,4645,247,1
28596,4645,248,1
28597,4646,237,1
28598,4646,238,1
28599,4646,239,2
28600,4646,240,1
28601,4646,241,3
28602,4646,243,1
28603,4646,246,1
28604,4647,237,2
28605,4647,238,3
28606,4647,239,3
28607,4647,240,3
28608,4647,241,1
28609,4647,242,3
28610,4647,243,3
28611,4647,247,1
28612,4647,248,1
28613,4648,242,1
28614,4648,243,1
28615,4648,244,1
28616,4648,245,3
28617,4648,246,1
28618,4648,247,1
28619,4648,248,3
28620,4581,224,2
28621,4581,226,3
28622,4581,227,2
28623,4581,228,3
28624,4581,229,1
28625,4581,230,2
28626,4581,231,1
28627,4581,232,3
28628,4581,276,1
28629,4581,277,2
28630,4581,278,3
28631,4582,224,2
28632,4582,225,3
28633,4582,226,2
28634,4582,227,3
28635,4582,228,3
28636,4582,229,2
28637,4582,230,1
28638,4582,232,3
28639,4582,276,3
28640,4582,277,1
28641,4582,278,3
28642,4583,278,3
28643,4583,224,1
28644,4583,225,2
28645,4583,226,2
28646,4583,227,1
28647,4583,228,1
28648,4583,229,1
28649,4583,230,1
28650,4583,231,2
28651,4583,232,3
28652,4583,276,3
28653,4583,277,1
28654,4584,278,3
28655,4584,224,3
28656,4584,225,3
28657,4584,226,2
28658,4584,227,3
28659,4584,228,1
28660,4584,229,1
28661,4584,230,1
28662,4584,231,1
28663,4584,232,3
28664,4584,276,3
28665,4584,277,2
28666,4585,224,3
28667,4585,225,3
28668,4585,226,3
28669,4585,227,3
28670,4585,228,3
28671,4585,229,3
28672,4585,230,2
28673,4585,231,3
28674,4585,232,1
28675,4585,276,3
28676,4585,277,2
28677,4585,278,3
28678,4582,231,2
28679,4541,186,3
28680,4541,187,3
28681,4542,187,3
28682,4542,186,3
28683,239,280,1
28684,239,281,2
28685,250,281,1
28686,251,285,1
28687,499,252,2
28688,502,253,2
28689,497,258,1
28690,500,259,1
28691,498,260,2
28692,502,249,1
28693,500,251,1
28694,500,255,1
28695,4098,280,2
28696,4098,281,2
28697,4098,282,2
28698,4098,283,3
28699,4098,284,3
28700,4098,285,3
28701,4098,286,2
28702,4098,287,3
28703,4098,293,1
28704,4098,295,2
28705,4098,296,3
28706,4098,297,3
28707,4099,280,1
28708,4100,280,1
28709,4101,280,2
28710,4102,280,2
28711,4103,280,1
28712,4099,281,3
28713,4099,282,2
28714,4099,283,3
28715,4099,284,3
28716,4099,285,3
28717,4099,286,3
28718,4099,287,2
28719,4099,293,2
28720,4099,295,2
28721,4099,296,2
28722,4099,297,3
28723,4100,281,3
28724,4100,282,3
28725,4100,283,3
28726,4100,284,3
28727,4100,285,3
28728,4100,286,2
28729,4100,287,2
28730,4100,293,1
28731,4100,295,3
28732,4100,296,2
28733,4100,297,3
28734,4101,281,3
28735,4101,282,2
28736,4101,283,3
28737,4101,284,2
28738,4101,285,2
28739,4101,286,1
28740,4101,287,2
28741,4101,293,1
28742,4101,295,3
28743,4101,296,2
28744,4101,297,1
28745,4102,281,3
28746,4102,282,2
28747,4102,283,3
28748,4102,284,2
28749,4102,285,2
28750,4102,286,3
28751,4102,293,3
28752,4102,295,3
28753,4102,296,2
28754,4102,297,3
28755,4102,287,2
28756,4103,281,1
28757,4103,282,2
28758,4103,284,2
28759,4103,285,3
28760,4103,286,2
28761,4103,287,1
28762,4103,293,2
28763,4103,295,3
28764,4103,296,2
28765,4103,297,3
28766,4103,283,3
28767,4655,151,3
28768,4656,151,2
28769,4658,151,3
28770,4659,151,3
28771,4660,151,2
28772,4655,154,2
28773,4656,154,3
28774,4657,154,3
28775,4658,154,2
28776,4659,154,3
28777,4660,154,3
28778,4655,157,3
28779,4656,157,2
28780,4657,157,2
28781,4658,157,3
28782,4659,157,3
28783,4660,157,3
28784,4660,160,3
28785,4656,160,2
28786,4657,160,2
28787,4658,160,2
28788,4659,160,2
28789,4656,163,2
28790,4657,163,1
28791,4658,163,1
28792,4659,163,1
28793,4660,163,3
28794,4660,166,1
28795,4659,166,1
28796,4658,166,1
28797,4656,169,1
28798,4658,169,1
28799,4659,169,1
28800,4660,169,1
28801,4660,172,1
28802,4659,172,1
28803,4658,178,2
28804,4659,178,1
28805,4660,178,1
28806,4660,181,1
28807,4659,181,1
28808,4655,184,1
28809,4659,184,1
28810,4660,184,1
28811,2003,185,3
28812,2003,186,3
28813,2003,187,3
28814,2003,188,2
28815,2003,189,2
28816,2004,185,3
28817,2004,186,3
28818,2004,187,3
28819,2004,188,3
28820,2004,189,3
28821,2004,190,3
28822,2006,185,2
28823,2006,186,3
28824,2006,187,3
28825,2006,188,3
28826,2006,189,3
28827,2006,190,3
28828,2007,185,2
28829,2007,186,3
28830,2007,187,2
28831,2007,188,3
28832,2007,189,3
28833,2008,190,2
28834,4662,249,3
28835,4661,249,3
28836,4661,250,1
28837,4662,250,1
28838,4663,249,2
28839,4663,250,3
28840,4664,250,2
28841,4665,250,1
28842,4664,249,1
28843,4665,249,1
28844,4666,249,2
28845,4661,251,2
28846,4661,252,1
28847,4661,253,1
28848,4661,254,1
28849,4661,255,1
28850,4661,256,1
28851,4661,257,1
28852,4661,258,1
28853,4661,259,1
28854,4661,260,1
28855,4662,251,2
28856,4662,257,1
28857,4662,252,2
28858,4662,253,1
28859,4662,254,1
28860,4662,255,1
28861,4662,256,1
28862,4662,258,1
28863,4662,259,1
28864,4662,260,1
28865,4663,251,2
28866,4663,252,2
28867,4663,253,1
28868,4663,254,1
28869,4663,255,1
28870,4663,256,1
28871,4663,257,1
28872,4663,258,1
28873,4663,259,1
28874,4663,260,1
28875,4664,251,2
28876,4664,252,3
28877,4664,253,1
28878,4664,254,1
28879,4664,255,1
28880,4664,256,1
28881,4664,257,1
28882,4664,258,1
28883,4664,259,1
28884,4664,260,1
28885,4665,251,3
28886,4665,252,2
28887,4665,253,2
28888,4665,254,1
28889,4665,255,1
28890,4665,256,1
28891,4665,257,1
28892,4665,258,1
28893,4665,259,1
28894,4665,260,1
28895,4666,250,3
28896,4666,251,2
28897,4666,252,1
28898,4666,253,1
28899,4666,254,1
28900,4666,255,2
28901,4666,256,2
28902,4666,257,1
28903,4666,258,1
28904,4666,259,1
28905,4666,260,1
28906,4682,249,1
28907,4683,249,1
28908,4684,249,2
28909,4685,249,3
28910,4687,249,1
28911,4686,249,1
28912,4700,151,3
28913,4701,151,2
28914,4702,151,2
28915,4703,151,1
28916,4705,151,2
28917,4700,154,2
28918,4701,154,1
28919,4702,154,1
28920,4703,154,1
28921,4705,154,3
28922,4702,157,1
28923,4703,157,1
28924,4704,157,2
28925,4702,160,1
28926,4700,163,2
28927,4701,163,2
28928,4702,163,1
28929,4703,163,3
28930,4704,163,2
28931,4705,163,2
28932,4700,169,1
28933,4701,169,1
28934,4702,169,2
28935,4703,169,2
28936,4704,169,1
28937,4705,169,1
28938,4701,172,1
28939,4702,172,2
28940,4703,172,1
28941,4704,172,1
28942,4705,172,1
28943,4700,175,1
28944,4702,175,2
28945,4703,175,2
28946,4704,175,2
28947,4705,175,2
28948,4701,181,1
28949,4705,181,1
28950,4700,184,3
28951,4701,184,2
28952,4702,184,2
28953,4704,184,1
28954,4705,184,1
28955,4682,250,1
28956,4682,251,1
28957,4706,262,2
28958,4706,263,1
28959,4711,262,1
28960,4711,263,1
28961,4711,265,1
28962,4711,267,2
28963,4711,269,1
28964,4711,273,1
28965,4712,262,1
28966,4712,263,2
28967,4712,269,2
28968,4712,271,1
28969,4712,267,1
28970,4713,262,2
28971,4713,263,1
28972,4713,267,1
28973,4713,269,1
28974,4714,273,1
28975,4714,262,1
28976,4714,263,3
28977,4714,264,3
28978,4714,267,1
28979,4714,269,1
28980,4714,271,1
28981,4682,255,2
28982,4682,256,1
28983,4682,258,1
28984,4682,259,1
28985,4682,254,2
28986,4683,254,1
28987,4683,255,1
28988,4683,258,1
28989,4683,260,1
28990,4684,250,1
28991,4684,251,1
28992,4684,260,1
28993,4715,262,1
28994,4715,263,2
28995,4716,263,2
28996,4716,264,3
28997,4716,265,2
28998,4716,267,2
28999,4716,268,2
29000,4716,269,1
29001,4716,271,1
29002,4716,272,2
29003,4716,273,1
29004,4716,262,1
29005,4715,264,1
29006,4715,265,1
29007,4715,267,1
29008,4715,268,1
29009,4715,269,2
29010,4715,270,2
29011,4715,271,1
29012,4715,272,1
29013,4740,320,1
29014,4741,320,1
29015,4742,320,1
29016,4743,320,1
29017,4744,320,1
29018,4745,320,1
29019,4740,321,2
29020,4741,321,2
29021,4742,321,2
29022,4743,321,2
29023,4744,321,2
29024,4745,321,2
29025,4741,322,3
29026,4742,322,3
29027,4740,325,2
29028,4741,325,2
29029,4742,325,2
29030,4743,325,2
29031,4744,325,2
29032,4745,325,2
29033,4740,326,3
29034,4741,326,3
29035,4742,326,3
29036,4743,326,3
29037,4744,326,3
29038,4745,326,3
29039,4740,331,1
29040,4741,331,1
29041,4742,331,1
29042,4743,331,1
29043,4744,331,1
29044,4745,331,1
29045,4688,249,2
29046,4688,250,1
29047,4688,251,2
29048,4688,252,1
29049,4688,253,1
29050,4688,254,1
29051,4688,258,1
29052,4688,259,1
29053,4689,249,2
29054,4689,250,1
29055,4689,251,1
29056,4689,258,1
29057,4689,259,1
29058,4689,260,1
29059,4690,249,2
29060,4690,250,1
29061,4690,251,1
29062,4690,252,1
29063,4690,258,1
29064,4690,259,2
29065,4690,260,1
29066,4691,249,2
29067,4691,250,1
29068,4691,251,2
29069,4691,252,1
29070,4691,253,1
29071,4691,254,1
29072,4691,258,2
29073,4691,259,1
29074,4692,249,2
29075,4692,250,2
29076,4692,251,1
29077,4692,252,1
29078,4692,258,1
29079,4692,259,1
29080,4693,249,2
29081,4693,250,2
29082,4693,251,1
29083,4693,252,2
29084,4693,258,1
29085,4693,259,1
29086,4682,209,2
29087,4682,210,2
29088,4682,212,2
29089,4682,213,1
29090,4682,214,2
29091,4682,215,2
29092,4682,216,1
29093,4682,218,1
29094,4682,219,1
29095,4682,220,2
29096,4682,211,1
29097,4682,217,1
29098,4683,209,2
29099,4684,209,2
29100,4683,210,1
29101,4684,210,2
29102,4683,211,1
29103,4683,212,2
29104,4683,213,1
29105,4683,214,2
29106,4683,215,2
29107,4683,216,1
29108,4683,217,1
29109,4684,211,1
29110,4684,212,1
29111,4684,213,1
29112,4684,214,2
29113,4684,215,1
29114,4684,216,1
29115,4684,219,1
29116,4707,262,2
29117,4707,263,3
29118,4707,264,3
29119,4707,265,2
29120,4707,266,3
29121,4708,262,2
29122,4707,271,3
29123,4707,273,2
29124,4708,266,2
29125,4708,271,2
29126,4708,273,2
29127,4709,273,2
29128,4709,262,3
29129,4709,263,2
29130,4709,264,3
29131,4709,268,2
29132,4710,262,2
29133,4710,264,3
29134,4710,266,2
29135,4706,264,2
29136,4706,266,3
29137,4706,268,2
29138,4706,271,2
29139,4753,197,3
29140,4749,197,3
29141,4749,198,2
29142,4749,199,2
29143,4749,200,1
29144,4749,201,3
29145,4749,208,1
29146,4750,208,1
29147,4750,197,3
29148,4750,199,1
29149,4750,200,1
29150,4750,201,3
29151,4751,197,3
29152,4751,198,2
29153,4751,199,1
29154,4751,201,3
29155,4751,208,1
29156,4752,197,3
29157,4752,198,2
29158,4752,199,2
29159,4752,200,1
29160,4752,201,3
29161,4752,202,2
29162,4752,203,1
29163,4752,208,1
29164,4753,198,2
29165,4753,199,2
29166,4753,200,3
29167,4753,201,3
29168,4753,205,2
29169,4753,206,2
29170,4753,208,1
29171,4754,197,2
29172,4754,198,2
29173,4754,199,2
29174,4754,200,1
29175,4754,201,1
29176,4754,208,1
29177,4755,208,1
29178,4755,197,2
29179,4755,198,2
29180,4755,199,2
29181,4755,200,1
29182,4755,201,1
29183,4756,208,1
29184,4756,197,2
29185,4756,198,2
29186,4756,199,2
29187,4756,200,1
29188,4756,201,1
29189,4757,197,2
29190,4757,200,1
29191,4757,201,1
29192,4757,208,1
29193,4758,208,1
29194,4758,197,2
29195,4758,199,2
29196,4758,200,1
29197,4758,201,1
29198,4765,249,2
29199,4766,249,2
29200,4766,251,2
29201,4766,252,3
29202,4767,253,3
29203,4768,250,3
29204,4770,250,2
29205,4770,252,3
29206,4768,253,2
29207,4770,251,2
29208,4769,251,3
29209,4729,151,1
29210,4730,151,2
29211,4731,151,1
29212,4732,151,1
29213,4733,151,2
29214,4734,151,1
29215,4729,154,1
29216,4730,154,2
29217,4731,154,1
29218,4732,154,1
29219,4733,154,2
29220,4734,154,1
29221,4729,157,1
29222,4730,157,1
29223,4731,157,2
29224,4732,157,2
29225,4733,157,2
29226,4734,157,2
29227,4733,160,1
29228,4730,163,1
29229,4731,163,1
29230,4732,163,1
29231,4730,166,1
29232,4734,166,1
29233,4733,169,1
29234,4730,172,1
29235,4734,178,1
29236,4729,181,1
29237,4733,181,1
29238,4730,184,1
29239,4731,184,1
29240,4735,197,3
29241,4735,198,3
29242,4735,205,1
29243,4735,208,1
29244,4736,197,3
29245,4736,198,3
29246,4736,205,1
29247,4736,208,1
29248,4737,197,3
29249,4737,198,3
29250,4738,197,3
29251,4738,198,3
29252,4739,197,3
29253,4739,198,3
29254,4737,208,1
29255,4738,208,1
29256,4739,208,1
29257,4771,361,3
29258,4772,361,3
29259,4773,361,3
29260,4774,361,2
29261,4775,361,1
29262,4776,361,2
29263,4771,362,3
29264,4772,362,3
29265,4773,362,3
29266,4774,362,2
29267,4775,362,2
29268,4776,362,2
29269,4771,363,3
29270,4772,363,3
29271,4773,363,2
29272,4774,363,1
29273,4775,363,1
29274,4776,363,1
29275,4771,364,1
29276,4772,364,1
29277,4773,364,1
29278,4774,364,1
29279,4775,364,1
29280,4776,364,1
29281,4776,365,2
29282,4771,365,2
29283,4772,365,2
29284,4773,365,2
29285,4774,365,2
29286,4775,365,2
29287,4775,366,3
29288,4772,366,3
29289,4773,366,2
29290,4774,366,3
29291,4771,366,3
29292,4776,366,2
29293,4771,367,1
29294,4772,367,1
29295,4773,367,1
29296,4774,367,1
29297,4775,367,1
29298,4776,367,1
29299,4771,368,1
29300,4772,368,1
29301,4773,368,1
29302,4774,368,1
29303,4775,368,1
29304,4776,368,1
29305,4771,369,1
29306,4772,369,1
29307,4773,369,1
29308,4774,369,1
29309,4775,369,1
29310,4776,369,1
29311,4771,370,1
29312,4772,370,1
29313,4773,370,1
29314,4774,370,1
29315,4775,370,1
29316,4776,370,1
29317,4771,372,1
29318,4772,372,1
29319,4773,372,1
29320,4774,372,1
29321,4775,372,1
29322,4776,372,1
29323,4771,371,1
29324,4772,371,1
29325,4773,371,1
29326,4774,371,1
29327,4775,371,1
29328,4776,371,1
29329,4746,197,2
29330,4746,198,1
29331,4746,200,2
29332,4747,197,3
29333,4747,198,2
29334,4748,197,2
29335,4748,198,2
29336,4748,200,2
29337,4673,197,1
29338,3958,229,1
29339,4674,199,1
29340,4675,199,2
29341,3959,224,1
29342,3959,226,2
29343,3959,227,2
29344,3960,224,1
29345,3960,225,1
29346,3960,226,2
29347,3960,227,1
29348,3961,225,1
29349,3962,224,1
29350,3962,225,2
29351,3962,226,2
29352,3962,227,3
29353,3962,228,1
29354,3963,224,1
29355,3963,225,1
29356,3963,226,2
29357,3963,227,1
29358,3963,229,1
29359,3963,231,1
29360,4777,361,2
29361,4779,362,3
29362,4780,362,3
29363,4781,362,3
29364,4782,362,2
29365,4778,362,2
29366,4777,364,1
29367,4780,364,1
29368,4781,364,1
29369,4777,365,1
29370,4778,365,2
29371,4778,367,1
29372,4779,365,3
29373,4779,369,1
29374,4780,366,1
29375,4781,366,1
29376,4781,365,3
29377,4782,363,1
29378,4782,365,3
29379,4688,209,2
29380,4689,209,2
29381,4689,210,2
29382,4688,210,1
29383,4688,211,2
29384,4688,212,1
29385,4688,214,1
29386,4688,219,1
29387,4689,211,1
29388,4689,212,1
29389,4689,214,1
29390,4689,215,1
29391,4690,209,2
29392,4690,210,2
29393,4690,212,1
29394,4690,213,1
29395,4735,209,3
29396,4735,210,3
29397,4735,220,1
29398,4736,209,3
29399,4736,210,3
29400,4691,209,2
29401,4737,209,3
29402,4691,210,1
29403,4737,210,3
29404,4691,211,1
29405,4738,209,3
29406,4691,212,1
29407,4735,224,3
29408,4738,210,3
29409,4736,224,3
29410,4692,209,1
29411,4692,210,1
29412,4739,209,3
29413,4692,211,1
29414,4739,210,3
29415,4737,224,3
29416,4736,220,1
29417,4692,212,1
29418,4737,220,1
29419,4738,224,3
29420,4692,213,1
29421,4738,220,1
29422,4739,224,3
29423,4739,220,1
29424,4693,209,1
29425,4735,225,3
29426,4693,210,2
29427,4693,211,1
29428,4736,225,3
29429,4737,225,3
29430,4693,212,1
29431,4738,225,3
29432,4693,213,1
29433,4739,225,3
29434,4735,278,1
29435,4736,278,1
29436,4737,278,1
29437,4738,278,1
29438,4739,278,1
29439,4685,329,1
29440,4685,330,1
29441,4685,331,1
29442,4686,325,1
29443,4686,329,1
29444,4686,330,1
29445,4686,331,1
29446,4687,321,1
29447,4687,322,1
29448,4687,326,1
29449,4687,329,1
29450,4687,330,1
29451,4687,331,1
29452,4685,186,2
29453,4735,237,3
29454,4736,237,3
29455,4737,237,3
29456,4738,237,3
29457,4739,237,3
29458,4685,195,1
29459,4735,238,2
29460,4736,238,2
29461,4737,238,2
29462,4738,238,2
29463,4686,185,3
29464,4739,238,2
29465,4735,248,1
29466,4686,188,1
29467,4736,248,1
29468,4737,248,1
29469,4738,248,1
29470,4739,248,1
29471,4686,193,1
29472,4686,194,1
29473,4686,195,1
29474,4687,185,3
29475,4687,192,1
29476,4687,193,1
29477,4687,194,1
29478,4687,195,1
29479,4682,185,1
29480,4682,191,1
29481,4682,192,1
29482,4682,193,1
29483,4129,347,2
29484,4129,348,1
29485,4130,347,2
29486,4130,348,1
29487,4131,347,2
29488,4131,348,1
29489,4132,347,2
29490,4132,348,1
29491,4133,347,2
29492,4133,348,1
29493,4134,347,2
29494,4134,348,1
29495,4718,362,3
29496,4718,372,1
29497,4717,361,1
29498,4717,363,1
29499,4717,365,1
29500,4717,367,1
29501,4717,368,1
29502,4717,370,1
29503,4717,371,1
29504,4718,361,1
29505,4718,363,3
29506,4718,364,2
29507,4718,365,2
29508,4718,366,1
29509,4718,369,2
29510,4718,370,2
29511,4719,363,2
29512,4719,365,1
29513,4719,366,1
29514,4719,369,1
29515,4719,370,1
29516,4760,209,1
29517,4761,209,3
29518,4764,209,3
29519,4763,209,2
29520,4762,209,2
29521,4759,209,2
29522,4760,210,2
29523,4761,210,1
29524,4764,210,3
29525,4763,210,1
29526,4762,210,3
29527,4759,210,1
29528,4760,211,1
29529,4761,211,2
29530,4764,211,3
29531,4763,211,1
29532,4762,211,3
29533,4759,211,1
29534,4759,212,1
29535,4760,212,1
29536,4761,212,2
29537,4764,212,3
29538,4763,212,1
29539,4762,212,3
29540,4759,213,1
29541,4760,213,1
29542,4761,213,2
29543,4764,213,3
29544,4763,213,2
29545,4762,213,3
29546,4686,250,1
29547,4685,251,1
29548,4686,251,1
29549,4687,251,1
29550,4686,254,1
29551,4686,257,1
29552,4685,258,1
29553,4687,256,1
29554,4761,214,1
29555,4786,154,2
29556,4787,154,3
29557,4788,154,2
29558,4784,157,3
29559,4785,157,3
29560,4784,160,3
29561,4785,163,3
29562,4783,184,3
29563,4784,181,3
29564,4784,166,2
29565,4785,169,3
29566,4784,175,3
29567,4783,178,3
29568,4783,151,3
29569,4785,151,3
29570,4762,214,3
29571,4760,215,1
29572,4761,215,2
29573,4764,215,2
29574,4763,215,1
29575,4762,215,2
29576,4759,215,1
29577,4760,216,1
29578,4764,216,2
29579,4762,216,2
29580,4764,217,1
29581,4763,217,1
29582,4668,151,3
29583,4762,217,1
29584,4669,151,3
29585,4670,151,3
29586,4760,218,2
29587,4761,218,2
29588,4764,218,2
29589,4763,218,3
29590,4762,218,2
29591,4759,218,2
29592,4760,219,1
29593,4761,219,1
29594,4764,219,3
29595,4763,219,3
29596,4762,219,3
29597,4759,219,1
29598,4761,220,3
29599,4764,220,1
29600,4763,220,2
29601,4762,220,2
29602,4759,220,1
29603,4719,372,1
29604,4720,363,1
29605,4720,366,1
29606,4721,362,3
29607,4721,363,2
29608,4721,364,1
29609,4721,365,1
29610,4721,366,2
29611,4721,369,1
29612,4722,362,2
29613,4722,364,1
29614,4722,366,1
29615,4722,369,1
29616,4722,372,1
29617,4667,154,2
29618,4669,154,2
29619,4668,154,2
29620,4670,154,3
29621,4671,154,2
29622,4672,154,2
29623,4672,157,2
29624,4668,157,2
29625,4670,157,3
29626,4671,157,2
29627,4667,157,2
29628,4669,157,3
29629,4667,160,1
29630,4668,160,3
29631,4669,160,2
29632,4670,160,2
29633,4671,160,2
29634,4672,160,3
29635,4668,163,2
29636,4669,163,1
29637,4669,169,2
29638,4670,169,2
29639,4672,169,2
29640,4667,169,1
29641,4669,172,2
29642,4670,172,2
29643,4670,181,2
29644,4671,181,2
29645,4668,181,3
29646,4669,181,2
29647,4669,184,3
29648,4670,184,2
29649,4671,184,2
29650,4672,184,3
29651,4667,184,2
29652,4668,184,2
29653,4668,166,2
29654,4669,166,2
29655,4671,166,2
29656,4110,280,1
29657,4110,295,1
29658,4110,296,1
29659,4111,281,1
29660,4111,282,1
29661,4111,295,1
29662,4112,280,2
29663,4112,281,2
29664,4112,296,2
29665,4113,281,1
29666,4113,296,2
29667,4114,280,3
29668,4114,281,2
29669,4114,282,1
29670,4115,280,1
29671,4115,281,2
29672,4115,296,2
29673,4122,280,2
29674,4123,280,2
29675,4124,280,3
29676,4125,280,1
29677,4126,280,3
29678,4128,280,2
29679,4128,281,2
29680,4128,283,2
29681,4128,285,2
29682,4128,287,2
29683,4128,295,1
29684,4128,297,2
29685,4122,297,2
29686,4122,281,2
29687,4122,283,2
29688,4122,285,2
29689,4122,287,1
29690,4122,295,2
29691,3677,209,3
29692,3677,210,2
29693,3677,211,2
29694,3677,214,2
29695,3677,217,2
29696,3678,209,3
29697,3678,210,3
29698,3678,211,1
29699,3678,213,2
29700,3679,210,2
29701,3679,211,3
29702,3679,213,2
29703,3679,214,2
29704,3679,217,1
29705,3680,209,2
29706,3680,211,3
29707,3680,212,2
29708,3680,216,2
29709,3680,217,1
29710,3681,209,2
29711,3681,210,2
29712,3681,211,1
29713,3849,347,3
29714,3850,347,3
29715,3851,347,2
29716,3852,347,2
29717,3849,348,1
29718,3849,349,2
29719,3849,381,1
29720,3849,383,1
29721,3849,384,2
29722,3849,385,2
29723,3849,386,3
29724,3849,387,2
29725,3849,388,1
29726,3850,348,3
29727,3850,349,3
29728,3850,381,2
29729,3850,382,3
29730,4676,185,3
29731,4677,185,2
29732,4678,185,3
29733,4679,185,3
29734,4680,185,3
29735,4681,185,3
29736,4676,189,2
29737,4677,189,2
29738,4678,189,3
29739,4679,189,2
29740,4680,189,2
29741,4681,189,2
29742,4681,188,2
29743,3850,383,3
29744,3850,384,3
29745,3850,385,3
29746,3850,386,2
29747,3850,387,1
29748,3850,388,3
29749,3851,348,3
29750,3851,349,3
29751,3851,381,2
29752,3851,382,3
29753,3851,383,3
29754,3851,384,3
29755,3851,385,3
29756,3851,386,2
29757,3851,387,1
29758,3851,388,2
29759,3852,348,3
29760,3852,349,3
29761,3852,381,2
29762,3852,382,2
29763,3852,383,3
29764,3852,384,3
29765,3852,385,3
29766,3852,386,2
29767,3852,387,2
29768,3852,388,3
29769,3853,347,2
29770,3853,348,3
29771,3853,349,3
29772,3853,381,2
29773,3853,382,3
29774,3853,383,3
29775,3853,384,3
29776,3853,385,3
29777,3853,386,1
29778,3853,387,1
29779,3853,388,2
29780,3293,309,3
29781,3293,310,2
29782,3293,311,3
29783,3294,311,3
29784,3294,313,3
29785,3294,309,3
29786,3294,310,2
29787,3295,310,3
29788,3295,311,2
29789,3295,309,3
29790,3296,309,3
29791,3296,311,2
29792,3297,317,1
29793,3298,309,3
29794,3298,310,2
29795,3298,311,2
29796,3297,309,3
29797,4796,210,2
29798,4796,211,1
29799,4796,212,2
29800,4796,213,1
29801,4796,214,1
29802,4796,215,2
29803,4796,217,1
29804,4796,220,1
29805,4796,209,3
29806,4797,209,3
29807,4798,209,3
29808,4799,209,1
29809,4797,211,3
29810,4798,211,3
29811,4800,211,3
29812,4801,347,2
29813,4797,210,2
29814,4798,210,2
29815,4797,212,3
29816,4798,212,3
29817,4800,212,2
29818,4797,213,2
29819,4798,213,2
29820,4801,348,2
29821,4801,349,2
29822,4801,383,3
29823,4801,384,3
29824,4801,385,1
29825,4801,387,2
29826,4801,388,1
29827,4802,347,2
29828,4802,348,2
29829,4802,349,2
29830,4802,381,1
29831,4802,383,3
29832,4802,384,3
29833,4802,385,2
29834,4802,387,2
29835,4802,388,1
29836,4803,349,2
29837,4803,383,3
29838,4803,384,3
29839,4804,384,3
29840,4805,384,3
29841,4803,385,2
29842,4804,385,1
29843,4803,387,2
29844,4804,387,3
29845,4805,387,3
29846,4799,214,1
29847,4800,214,2
29848,4800,215,3
29849,4799,217,1
29850,4800,217,2
29851,4800,218,1
29852,4800,219,1
29853,4800,220,2
29854,4797,220,2
29855,4798,220,2
29856,4789,185,2
29857,4789,194,2
29858,4789,195,2
29859,4790,185,3
29860,4790,187,1
29861,4806,332,2
29862,4810,332,1
29863,4811,332,2
29864,4806,333,2
29865,4811,333,1
29866,4806,334,1
29867,4811,334,1
29868,4806,335,1
29869,4811,335,1
29870,4806,336,1
29871,4811,336,1
29872,4806,337,1
29873,4811,337,1
29874,4791,185,3
29875,4791,186,1
29876,4791,188,1
29877,4791,194,1
29878,4791,195,1
29879,4792,185,3
29880,4792,186,2
29881,4792,188,2
29882,4792,189,1
29883,4792,194,1
29884,4792,195,1
29885,4793,185,3
29886,4793,186,3
29887,4793,188,1
29888,4793,194,1
29889,4793,195,1
29890,4794,185,3
29891,4794,186,3
29892,4794,187,3
29893,4794,188,2
29894,4794,189,2
29895,4794,194,1
29896,4794,195,1
29897,4794,196,2
29898,3624,361,1
29899,3626,361,1
29900,3627,361,3
29901,3628,361,3
29902,3629,361,1
29903,3624,362,2
29904,3626,362,1
29905,3627,362,3
29906,3628,362,3
29907,3629,362,1
29908,3624,363,1
29909,3625,363,1
29910,3626,363,2
29911,3627,363,3
29912,3628,363,3
29913,3629,363,1
29914,3624,364,2
29915,3625,364,1
29916,3626,364,2
29917,3627,364,3
29918,3628,364,3
29919,3629,364,1
29920,3624,365,2
29921,3625,365,1
29922,3626,365,1
29923,3627,365,3
29924,3628,365,3
29925,3624,366,2
29926,3625,366,2
29927,3626,366,2
29928,3627,366,3
29929,3628,366,3
29930,3629,366,1
29931,3624,367,1
29932,3627,367,2
29933,3628,367,2
29934,3626,368,1
29935,3627,368,1
29936,3628,368,1
29937,3624,369,1
29938,3625,369,1
29939,3626,369,1
29940,3627,369,2
29941,3628,369,2
29942,3624,370,2
29943,3625,370,2
29944,3626,370,2
29945,3627,370,2
29946,3628,370,2
29947,3629,370,2
29948,3627,371,1
29949,3628,371,1
29950,3624,372,2
29951,3625,372,1
29952,3626,372,1
29953,3627,372,2
29954,3628,372,2
29955,3629,372,1
29956,4812,151,1
29957,4813,151,1
29958,4813,154,1
29959,4814,151,1
29960,4815,151,1
29961,4816,151,2
29962,4817,151,2
29963,4812,154,1
29964,4814,154,1
29965,4815,154,1
29966,4816,154,1
29967,4817,154,2
29968,4813,157,1
29969,4816,157,1
29970,4817,157,1
29971,4812,160,1
29972,4813,160,1
29973,4814,160,1
29974,4815,160,1
29975,4817,160,1
29976,4812,163,2
29977,4813,163,1
29978,4815,163,1
29979,4816,163,1
29980,4812,166,2
29981,4813,166,1
29982,4814,166,1
29983,4817,166,1
29984,4812,169,1
29985,4816,169,1
29986,4812,172,1
29987,4813,172,1
29988,4817,172,1
29989,4812,175,1
29990,4815,178,1
29991,4817,178,1
29992,4812,181,1
29993,4813,181,1
29994,4814,181,1
29995,4818,249,2
29996,3900,265,3
29997,3901,264,2
29998,3902,267,2
29999,3903,270,3
30000,3904,263,3
30001,3905,262,3
30002,4012,297,2
30003,4012,280,2
30004,4013,280,3
30005,4015,281,3
30006,4014,280,3
30007,4015,280,1
30008,4016,280,2
30009,4017,280,2
30010,4012,281,2
30011,4013,281,1
30012,4014,281,1
30013,4016,281,1
30014,4017,281,1
30015,4012,282,1
30016,4013,282,2
30017,3977,280,2
30018,3971,280,2
30019,4014,282,2
30020,3972,280,3
30021,4015,282,1
30022,3973,280,2
30023,4016,282,3
30024,3974,280,1
30025,4017,282,2
30026,3975,280,2
30027,4012,283,3
30028,3971,282,1
30029,4013,283,3
30030,3972,282,1
30031,3974,282,1
30032,4014,283,2
30033,3971,283,1
30034,3973,283,2
30035,4015,283,2
30036,3977,283,1
30037,3971,284,3
30038,4016,283,1
30039,3972,284,2
30040,3974,284,1
30041,4017,283,3
30042,3975,284,2
30043,4012,284,1
30044,3971,285,3
30045,3972,285,3
30046,3973,285,3
30047,4013,284,1
30048,3974,285,3
30049,4014,284,3
30050,3975,285,3
30051,3977,285,3
30052,4015,284,3
30053,3971,287,1
30054,4016,284,3
30055,3973,287,1
30056,3974,286,2
30057,4017,284,1
30058,3975,281,1
30059,3971,293,3
30060,4012,285,2
30061,3972,293,2
30062,3973,293,2
30063,3974,293,2
30064,4013,285,3
30065,3975,293,1
30066,3977,293,3
30067,4014,285,3
30068,3971,295,1
30069,3971,296,2
30070,4015,285,2
30071,3973,296,2
30072,3975,296,2
30073,4016,285,3
30074,3972,297,1
30075,3974,297,1
30076,3977,297,1
30077,4017,285,1
30078,4012,286,2
30079,4013,286,3
30080,4014,286,1
30081,4015,286,3
30082,4016,286,1
30083,4017,286,3
30084,4012,287,3
30085,4013,287,1
30086,4014,287,2
30087,4015,287,1
30088,4016,287,3
30089,4017,287,1
30090,4012,293,1
30091,4013,293,1
30092,4014,293,1
30093,4015,293,3
30094,4016,293,1
30095,4017,293,2
30096,4012,295,1
30097,4013,295,2
30098,4014,295,2
30099,4015,295,1
30100,4016,295,2
30101,4017,295,2
30102,4012,296,2
30103,4013,296,1
30104,4014,296,2
30105,4015,296,3
30106,4016,296,3
30107,4017,296,3
30108,4013,297,3
30109,4014,297,3
30110,4015,297,3
30111,4016,297,2
30112,4017,297,3
30113,4749,204,1
30114,4750,204,1
30115,4751,204,1
30116,4752,204,1
30117,4753,204,1
30118,4749,205,2
30119,4750,205,2
30120,4751,205,2
30121,4752,205,2
30122,2574,237,2
30123,2575,237,3
30124,2576,237,3
30125,2577,237,2
30126,2578,237,2
30127,2575,238,1
30128,2574,238,1
30129,2576,238,1
30130,2577,238,2
30131,2578,238,1
30132,2574,239,2
30133,2575,239,1
30134,2576,239,1
30135,2577,239,1
30136,2578,239,2
30137,2574,240,1
30138,2575,240,3
30139,2576,240,3
30140,2577,240,2
30141,2578,240,3
30142,2574,241,1
30143,2575,241,2
30144,2576,241,2
30145,2577,241,2
30146,2578,241,1
30147,2574,242,2
30148,2576,242,1
30149,2577,242,2
30150,2578,242,1
30151,4789,197,1
30152,4790,197,2
30153,2574,244,2
30154,2574,243,1
30155,2575,243,2
30156,2576,243,1
30157,2577,243,1
30158,2576,244,1
30159,2577,244,1
30160,2574,246,2
30161,2575,246,2
30162,2576,246,1
30163,2577,246,1
30164,2578,246,1
30165,2574,247,1
30166,2575,247,1
30167,2576,247,1
30168,2577,247,2
30169,2578,247,1
30170,2574,248,2
30171,2575,248,2
30172,2576,248,1
30173,2577,248,2
30174,2578,248,1
30175,4829,154,1
30176,4829,157,3
30177,4829,160,2
30178,4829,163,3
30179,4829,172,1
30180,4829,181,1
30181,4104,280,2
30182,4104,281,1
30183,4830,151,1
30184,4104,282,2
30185,4830,154,3
30186,4104,293,3
30187,4105,283,2
30188,4106,281,2
30189,4107,283,3
30190,4830,160,1
30191,4108,284,2
30192,4830,163,3
30193,4109,281,3
30194,4106,287,2
30195,4107,296,2
30196,4108,297,1
30197,4830,169,1
30198,4105,297,1
30199,4109,297,2
30200,4830,175,2
30201,4109,293,1
30202,4105,293,2
30203,4107,286,3
30204,4106,295,2
30205,4109,285,2
30206,4830,178,2
30207,4106,285,1
30208,4105,285,1
30209,4831,151,2
30210,4831,157,2
30211,4831,160,2
30212,4831,163,1
30213,4831,166,1
30214,4831,172,1
30215,4831,178,1
30216,4831,184,1
30217,4831,154,2
30218,4832,154,2
30219,4832,163,3
30220,4832,166,1
30221,4832,172,1
30222,4832,175,3
30223,4832,178,2
30224,4832,184,1
30225,4833,154,2
30226,4833,157,3
30227,4833,160,3
30228,4833,163,2
30229,4833,166,1
30230,4833,172,1
30231,4833,175,2
30232,4833,178,1
30233,4833,181,1
30234,4834,151,3
30235,4834,154,2
30236,4834,157,3
30237,4834,160,1
30238,4834,163,2
30239,4834,178,1
30240,4834,184,2
30241,4139,350,2
30242,4140,350,2
30243,4141,350,2
30244,4142,350,1
30245,4143,350,1
30246,4139,351,1
30247,4140,351,2
30248,4141,351,1
30249,4142,351,2
30250,4143,351,2
30251,4139,352,3
30252,4140,352,3
30253,4141,352,3
30254,4142,352,3
30255,4143,352,3
30256,4139,353,3
30257,4140,353,2
30258,4141,353,2
30259,4142,353,1
30260,4143,353,2
30261,4139,354,3
30262,4140,354,1
30263,4141,354,2
30264,4142,354,1
30265,4143,354,2
30266,4139,355,1
30267,4143,355,1
30268,4139,356,1
30269,4139,357,1
30270,4140,357,1
30271,4139,358,2
30272,4140,358,1
30273,4141,358,1
30274,4142,358,1
30275,4143,358,1
30276,4139,359,1
30277,4140,359,2
30278,4139,360,2
30279,4140,360,2
30280,4141,360,1
30281,4142,360,1
30282,4143,360,1
30283,4150,361,1
30284,4150,362,3
30285,4151,362,3
30286,4153,362,3
30287,4152,363,3
30288,4150,364,1
30289,4151,364,1
30290,4153,364,1
30291,4150,365,2
30292,4151,365,2
30293,4152,365,2
30294,4154,365,2
30295,4154,366,3
30296,4154,369,1
30297,4694,280,3
30298,4694,281,2
30299,4695,280,2
30300,4696,280,3
30301,4697,280,3
30302,4698,280,3
30303,4699,280,3
30304,4696,281,3
30305,4697,281,3
30306,4699,281,2
30307,4695,282,1
30308,4696,282,1
30309,4698,283,2
30310,4699,283,1
30311,4695,285,2
30312,4696,285,2
30313,4697,285,3
30314,4694,286,3
30315,4695,286,1
30316,4697,286,1
30317,4694,287,2
30318,4696,287,2
30319,4694,293,1
30320,4696,295,1
30321,4698,295,1
30322,4698,297,2
30323,4699,297,2
30324,4838,344,2
30325,4795,344,3
30326,4835,344,2
30327,4836,344,1
30328,4835,345,2
30329,4795,345,2
30330,4836,345,1
30331,4837,345,1
30332,4838,345,2
30333,4795,346,1
30334,4839,347,3
30335,4840,347,2
30336,4841,347,1
30337,4843,347,2
30338,4839,348,2
30339,4839,349,1
30340,4840,348,2
30341,4843,348,2
30342,4842,348,1
30343,4841,348,1
30344,4688,244,1
30345,4688,204,1
30346,4688,216,1
30347,4688,256,1
30348,4688,192,1
30349,4688,327,1
30350,4688,269,1
30351,4688,287,1
30352,4688,231,1
30353,4688,0,1
30354,2458,189,1
30355,2458,185,2
30356,2458,191,1
30357,2458,192,2
30358,2458,193,1
30359,2458,195,2
30360,2458,196,1
30361,2459,188,1
30362,2459,191,1
30363,2459,195,1
30364,2460,191,2
30365,2461,185,1
30366,2461,192,2
30367,2461,195,1
30368,2462,185,1
30369,2462,188,2
30370,2462,192,1
30371,2462,193,1
30372,2462,195,2
30373,2462,196,1
30374,2463,185,2
30375,2463,188,1
30376,2463,192,3
30377,2463,193,1
30378,2463,194,1
30379,2463,195,2
30380,4749,237,3
30381,4749,209,3
30382,4749,249,3
30383,4749,185,3
30384,4749,320,3
30385,4749,262,3
30386,4749,280,3
30387,4749,224,3
30388,4749,0,1
30389,4750,237,3
30390,4750,209,3
30391,4750,249,3
30392,4750,185,3
30393,4750,320,3
30394,4750,262,3
30395,4750,280,3
30396,4750,224,3
30397,4750,0,1
30398,4751,237,3
30399,4751,209,3
30400,4751,249,3
30401,4751,185,3
30402,4751,320,3
30403,4751,262,3
30404,4751,280,3
30405,4751,224,3
30406,4751,0,1
30407,4752,237,3
30408,4752,209,3
30409,4752,249,3
30410,4752,185,3
30411,4752,320,3
30412,4752,262,3
30413,4752,280,3
30414,4752,224,3
30415,4752,0,1
30416,4753,237,3
30417,4753,209,3
30418,4753,249,3
30419,4753,185,3
30420,4753,320,3
30421,4753,262,3
30422,4753,280,3
30423,4753,224,3
30424,4753,0,1
30425,4749,238,2
30426,4749,210,2
30427,4749,250,2
30428,4749,186,2
30429,4749,321,2
30430,4749,263,2
30431,4749,281,2
30432,4749,225,2
30433,4751,238,2
30434,4751,210,2
30435,4751,250,2
30436,4751,186,2
30437,4751,321,2
30438,4751,263,2
30439,4751,281,2
30440,4751,225,2
30441,4752,238,2
30442,4752,210,2
30443,4752,250,2
30444,4752,186,2
30445,4752,321,2
30446,4752,263,2
30447,4752,281,2
30448,4752,225,2
30449,4753,238,2
30450,4753,210,2
30451,4753,250,2
30452,4753,186,2
30453,4753,321,2
30454,4753,263,2
30455,4753,281,2
30456,4753,225,2
30457,4749,239,2
30458,4749,211,2
30459,4749,251,2
30460,4749,187,2
30461,4749,322,2
30462,4749,264,2
30463,4749,282,2
30464,4749,226,2
30465,4749,240,1
30466,4749,212,1
30467,4749,252,1
30468,4749,188,1
30469,4749,323,1
30470,4749,265,1
30471,4749,283,1
30472,4749,227,1
30473,4749,241,3
30474,4749,213,3
30475,4749,253,3
30476,4749,189,3
30477,4749,324,3
30478,4749,266,3
30479,4749,284,3
30480,4749,228,3
30481,4749,244,1
30482,4749,216,1
30483,4749,256,1
30484,4749,192,1
30485,4749,327,1
30486,4749,269,1
30487,4749,287,1
30488,4749,231,1
30489,4749,245,2
30490,4749,217,2
30491,4749,257,2
30492,4749,193,2
30493,4749,328,2
30494,4749,270,2
30495,4749,293,2
30496,4749,232,2
30497,4749,248,1
30498,4749,220,1
30499,4749,260,1
30500,4749,196,1
30501,4749,331,1
30502,4749,273,1
30503,4749,297,1
30504,4749,278,1
30505,4750,239,1
30506,4750,211,1
30507,4750,251,1
30508,4750,187,1
30509,4750,322,1
30510,4750,264,1
30511,4750,282,1
30512,4750,226,1
30513,4750,240,1
30514,4750,212,1
30515,4750,252,1
30516,4750,188,1
30517,4750,323,1
30518,4750,265,1
30519,4750,283,1
30520,4750,227,1
30521,4750,241,3
30522,4750,213,3
30523,4750,253,3
30524,4750,189,3
30525,4750,324,3
30526,4750,266,3
30527,4750,284,3
30528,4750,228,3
30529,4750,244,1
30530,4750,216,1
30531,4750,256,1
30532,4750,192,1
30533,4750,327,1
30534,4750,269,1
30535,4750,287,1
30536,4750,231,1
30537,4750,245,2
30538,4750,217,2
30539,4750,257,2
30540,4750,193,2
30541,4750,328,2
30542,4750,270,2
30543,4750,293,2
30544,4750,232,2
30545,4750,248,1
30546,4750,220,1
30547,4750,260,1
30548,4750,196,1
30549,4750,331,1
30550,4750,273,1
30551,4750,297,1
30552,4750,278,1
30553,4751,239,1
30554,4751,211,1
30555,4751,251,1
30556,4751,187,1
30557,4751,322,1
30558,4751,264,1
30559,4751,282,1
30560,4751,226,1
30561,4751,241,3
30562,4751,213,3
30563,4751,253,3
30564,4751,189,3
30565,4751,324,3
30566,4751,266,3
30567,4751,284,3
30568,4751,228,3
30569,4751,244,1
30570,4751,216,1
30571,4751,256,1
30572,4751,192,1
30573,4751,327,1
30574,4751,269,1
30575,4751,287,1
30576,4751,231,1
30577,4751,245,2
30578,4751,217,2
30579,4751,257,2
30580,4751,193,2
30581,4751,328,2
30582,4751,270,2
30583,4751,293,2
30584,4751,232,2
30585,4751,248,1
30586,4751,220,1
30587,4751,260,1
30588,4751,196,1
30589,4751,331,1
30590,4751,273,1
30591,4751,297,1
30592,4751,278,1
30593,4752,239,2
30594,4752,211,2
30595,4752,251,2
30596,4752,187,2
30597,4752,322,2
30598,4752,264,2
30599,4752,282,2
30600,4752,226,2
30601,4752,240,1
30602,4752,212,1
30603,4752,252,1
30604,4752,188,1
30605,4752,323,1
30606,4752,265,1
30607,4752,283,1
30608,4752,227,1
30609,4752,241,3
30610,4752,213,3
30611,4752,253,3
30612,4752,189,3
30613,4752,324,3
30614,4752,266,3
30615,4752,284,3
30616,4752,228,3
30617,4752,244,1
30618,4752,216,1
30619,4752,256,1
30620,4752,192,1
30621,4752,327,1
30622,4752,269,1
30623,4752,287,1
30624,4752,231,1
30625,4752,245,2
30626,4752,217,2
30627,4752,257,2
30628,4752,193,2
30629,4752,328,2
30630,4752,270,2
30631,4752,293,2
30632,4752,232,2
30633,4752,248,1
30634,4752,220,1
30635,4752,260,1
30636,4752,196,1
30637,4752,331,1
30638,4752,273,1
30639,4752,297,1
30640,4752,278,1
30641,4753,239,2
30642,4753,211,2
30643,4753,251,2
30644,4753,187,2
30645,4753,322,2
30646,4753,264,2
30647,4753,282,2
30648,4753,226,2
30649,4753,240,3
30650,4753,212,3
30651,4753,252,3
30652,4753,188,3
30653,4753,323,3
30654,4753,265,3
30655,4753,283,3
30656,4753,227,3
30657,4753,241,3
30658,4753,213,3
30659,4753,253,3
30660,4753,189,3
30661,4753,324,3
30662,4753,266,3
30663,4753,284,3
30664,4753,228,3
30665,4753,244,1
30666,4753,216,1
30667,4753,256,1
30668,4753,192,1
30669,4753,327,1
30670,4753,269,1
30671,4753,287,1
30672,4753,231,1
30673,4753,245,2
30674,4753,217,2
30675,4753,257,2
30676,4753,193,2
30677,4753,328,2
30678,4753,270,2
30679,4753,293,2
30680,4753,232,2
30681,4753,248,1
30682,4753,220,1
30683,4753,260,1
30684,4753,196,1
30685,4753,331,1
30686,4753,273,1
30687,4753,297,1
30688,4753,278,1
30689,4754,237,2
30690,4754,209,2
30691,4754,249,2
30692,4754,185,2
30693,4754,320,2
30694,4754,262,2
30695,4754,280,2
30696,4754,224,2
30697,4754,0,1
30698,4754,238,2
30699,4754,210,2
30700,4754,250,2
30701,4754,186,2
30702,4754,321,2
30703,4754,263,2
30704,4754,281,2
30705,4754,225,2
30706,4754,239,2
30707,4754,211,2
30708,4754,251,2
30709,4754,187,2
30710,4754,322,2
30711,4754,264,2
30712,4754,282,2
30713,4754,226,2
30714,4754,240,1
30715,4754,212,1
30716,4754,252,1
30717,4754,188,1
30718,4754,323,1
30719,4754,265,1
30720,4754,283,1
30721,4754,227,1
30722,4754,241,1
30723,4754,213,1
30724,4754,253,1
30725,4754,189,1
30726,4754,324,1
30727,4754,266,1
30728,4754,284,1
30729,4754,228,1
30730,4754,248,1
30731,4754,220,1
30732,4754,260,1
30733,4754,196,1
30734,4754,331,1
30735,4754,273,1
30736,4754,297,1
30737,4754,278,1
30738,4755,248,1
30739,4755,220,1
30740,4755,260,1
30741,4755,196,1
30742,4755,331,1
30743,4755,273,1
30744,4755,297,1
30745,4755,278,1
30746,4755,0,1
30747,4755,237,2
30748,4755,209,2
30749,4755,249,2
30750,4755,185,2
30751,4755,320,2
30752,4755,262,2
30753,4755,280,2
30754,4755,224,2
30755,4755,238,2
30756,4755,210,2
30757,4755,250,2
30758,4755,186,2
30759,4755,321,2
30760,4755,263,2
30761,4755,281,2
30762,4755,225,2
30763,4755,239,2
30764,4755,211,2
30765,4755,251,2
30766,4755,187,2
30767,4755,322,2
30768,4755,264,2
30769,4755,282,2
30770,4755,226,2
30771,4755,240,1
30772,4755,212,1
30773,4755,252,1
30774,4755,188,1
30775,4755,323,1
30776,4755,265,1
30777,4755,283,1
30778,4755,227,1
30779,4755,241,1
30780,4755,213,1
30781,4755,253,1
30782,4755,189,1
30783,4755,324,1
30784,4755,266,1
30785,4755,284,1
30786,4755,228,1
30787,4756,237,2
30788,4756,209,2
30789,4756,249,2
30790,4756,185,2
30791,4756,320,2
30792,4756,262,2
30793,4756,280,2
30794,4756,224,2
30795,4756,0,1
30796,4756,238,2
30797,4756,210,2
30798,4756,250,2
30799,4756,186,2
30800,4756,321,2
30801,4756,263,2
30802,4756,281,2
30803,4756,225,2
30804,4756,239,2
30805,4756,211,2
30806,4756,251,2
30807,4756,187,2
30808,4756,322,2
30809,4756,264,2
30810,4756,282,2
30811,4756,226,2
30812,4756,240,1
30813,4756,212,1
30814,4756,252,1
30815,4756,188,1
30816,4756,323,1
30817,4756,265,1
30818,4756,283,1
30819,4756,227,1
30820,4756,241,1
30821,4756,213,1
30822,4756,253,1
30823,4756,189,1
30824,4756,324,1
30825,4756,266,1
30826,4756,284,1
30827,4756,228,1
30828,4756,248,1
30829,4756,220,1
30830,4756,260,1
30831,4756,196,1
30832,4756,331,1
30833,4756,273,1
30834,4756,297,1
30835,4756,278,1
30836,4757,237,2
30837,4757,209,2
30838,4757,249,2
30839,4757,185,2
30840,4757,320,2
30841,4757,262,2
30842,4757,280,2
30843,4757,224,2
30844,4757,0,1
30845,4757,240,1
30846,4757,212,1
30847,4757,252,1
30848,4757,188,1
30849,4757,323,1
30850,4757,265,1
30851,4757,283,1
30852,4757,227,1
30853,4757,241,1
30854,4757,213,1
30855,4757,253,1
30856,4757,189,1
30857,4757,324,1
30858,4757,266,1
30859,4757,284,1
30860,4757,228,1
30861,4757,248,1
30862,4757,220,1
30863,4757,260,1
30864,4757,196,1
30865,4757,331,1
30866,4757,273,1
30867,4757,297,1
30868,4757,278,1
30869,4758,248,1
30870,4758,220,1
30871,4758,260,1
30872,4758,196,1
30873,4758,331,1
30874,4758,273,1
30875,4758,297,1
30876,4758,278,1
30877,4758,0,1
30878,4758,237,2
30879,4758,209,2
30880,4758,249,2
30881,4758,185,2
30882,4758,320,2
30883,4758,262,2
30884,4758,280,2
30885,4758,224,2
30886,4758,239,2
30887,4758,211,2
30888,4758,251,2
30889,4758,187,2
30890,4758,322,2
30891,4758,264,2
30892,4758,282,2
30893,4758,226,2
30894,4758,240,1
30895,4758,212,1
30896,4758,252,1
30897,4758,188,1
30898,4758,323,1
30899,4758,265,1
30900,4758,283,1
30901,4758,227,1
30902,4758,241,1
30903,4758,213,1
30904,4758,253,1
30905,4758,189,1
30906,4758,324,1
30907,4758,266,1
30908,4758,284,1
30909,4758,228,1
30910,4144,350,3
30911,4144,352,2
30912,4144,355,1
30913,4144,354,3
30914,4144,357,1
30915,4145,350,3
30916,4145,352,1
30917,4145,354,3
30918,4146,351,2
30919,4146,352,1
30920,4146,354,3
30921,4146,350,2
30922,4147,350,2
30923,4147,351,3
30924,4147,352,2
30925,4147,353,1
30926,4147,354,3
30927,4148,350,3
30928,4148,351,2
30929,4148,352,2
30930,4148,354,1
30931,4148,358,2
30932,4149,350,3
30933,4149,351,2
30934,4149,352,2
30935,4149,353,1
30936,4149,354,3
30937,4149,355,1
30938,4149,358,1
30939,4124,284,3
30940,3188,185,2
30941,3188,186,3
30942,3188,187,1
30943,3188,190,1
30944,3188,193,2
30945,3188,196,2
30946,4845,241,2
30947,4845,201,2
30948,4845,213,2
30949,4845,253,2
30950,4845,189,2
30951,4845,324,2
30952,4845,266,2
30953,4845,284,2
30954,4845,228,2
30955,4845,0,2
30956,4846,241,2
30957,4846,201,2
30958,4846,213,2
30959,4846,253,2
30960,4846,189,2
30961,4846,324,2
30962,4846,266,2
30963,4846,284,2
30964,4846,228,2
30965,4846,0,2
30966,4848,241,3
30967,4848,201,3
30968,4848,213,3
30969,4848,253,3
30970,4848,189,3
30971,4848,324,3
30972,4848,266,3
30973,4848,284,3
30974,4848,228,3
30975,4848,0,3
30976,4849,241,2
30977,4849,201,2
30978,4849,213,2
30979,4849,253,2
30980,4849,189,2
30981,4849,324,2
30982,4849,266,2
30983,4849,284,2
30984,4849,228,2
30985,4849,0,2
30986,4844,241,1
30987,4844,201,1
30988,4844,213,1
30989,4844,253,1
30990,4844,189,1
30991,4844,324,1
30992,4844,266,1
30993,4844,284,1
30994,4844,228,1
30995,4844,0,1
30996,4847,241,1
30997,4847,201,1
30998,4847,213,1
30999,4847,253,1
31000,4847,189,1
31001,4847,324,1
31002,4847,266,1
31003,4847,284,1
31004,4847,228,1
31005,4847,0,1
31006,4821,237,3
31007,4821,197,3
31008,4821,209,3
31009,4821,249,3
31010,4821,185,3
31011,4821,320,3
31012,4821,262,3
31013,4821,280,3
31014,4821,224,3
31015,4821,0,3
31016,4823,237,3
31017,4823,197,3
31018,4823,209,3
31019,4823,249,3
31020,4823,185,3
31021,4823,320,3
31022,4823,262,3
31023,4823,280,3
31024,4823,224,3
31025,4823,0,3
