pcid,comid,psoid,wtid
22,105,25,2
23,126,32,1
24,126,33,2
25,110,31,2
26,94,23,1
27,141,37,3
28,142,37,3
29,143,37,3
30,144,37,3
31,145,37,3
32,141,39,2
33,142,39,2
34,143,39,2
35,144,39,2
36,145,39,2
37,106,25,2
38,106,28,2
39,107,25,3
40,107,28,2
41,108,25,2
42,108,31,2
43,109,28,2
44,109,31,2
45,110,25,2
46,110,28,2
47,111,25,2
48,112,25,2
49,112,28,2
50,131,25,2
51,131,28,2
52,132,25,2
53,132,31,2
54,133,28,2
55,133,31,2
56,134,25,2
57,134,28,2
58,134,31,2
59,272,37,1
60,273,37,1
61,274,37,1
62,306,37,3
63,274,38,1
64,275,38,1
65,307,37,3
66,276,38,1
67,308,37,2
68,272,38,1
69,309,37,2
70,310,37,2
71,275,37,1
72,310,38,3
73,276,37,1
74,306,38,3
75,307,38,3
76,308,38,3
77,309,38,3
78,309,39,2
79,310,39,1
80,306,39,2
81,307,39,1
82,272,39,2
83,308,39,2
84,273,38,1
85,273,39,2
86,274,39,2
87,275,39,2
88,276,39,2
89,277,37,2
90,277,38,3
91,277,39,3
92,278,37,3
93,278,38,1
94,278,39,2
95,279,37,3
96,279,38,1
97,279,39,2
98,280,37,3
99,280,38,2
100,280,39,3
101,281,37,3
102,281,38,2
103,281,39,3
104,311,40,3
105,311,41,1
106,311,42,1
107,312,41,3
108,105,28,3
109,350,37,1
110,351,37,2
111,352,37,1
112,353,37,1
113,354,37,1
114,258,37,3
115,258,38,2
116,190,25,3
117,192,28,3
118,195,31,3
119,466,23,2
120,466,27,2
121,466,30,2
122,467,23,2
123,467,27,2
124,467,30,2
125,468,23,2
126,468,27,2
127,468,30,2
128,469,23,2
129,469,27,2
130,469,30,2
131,470,23,2
132,470,27,2
133,470,30,2
134,471,23,2
135,471,27,2
136,471,30,2
137,472,23,2
138,473,23,1
139,474,23,1
140,474,27,1
141,475,27,2
142,472,30,1
143,473,30,2
144,476,30,3
145,313,40,1
146,313,42,1
147,316,43,1
148,526,23,3
149,527,23,3
150,528,23,3
151,529,23,3
152,530,23,3
153,531,23,3
154,526,27,2
155,527,27,2
156,528,27,2
157,529,27,2
158,530,27,2
159,531,27,2
160,526,30,1
161,527,30,1
162,528,30,1
163,529,30,1
164,541,23,3
165,530,30,1
166,531,30,1
167,543,27,3
168,545,27,3
169,542,30,3
170,350,38,3
171,350,39,3
172,106,31,1
173,259,37,3
174,258,39,3
175,259,38,3
176,130,25,2
177,383,28,2
178,130,31,1
179,383,31,2
180,259,39,3
181,260,37,1
182,260,38,1
183,260,39,2
184,262,39,3
185,262,37,1
186,262,38,2
187,552,23,2
188,555,30,3
189,557,27,3
190,520,25,3
191,522,28,2
192,523,31,1
193,351,38,3
194,351,39,3
195,352,38,3
196,352,39,1
197,353,38,3
198,353,39,2
199,354,38,3
200,354,39,2
201,261,37,1
202,261,38,3
203,261,39,1
204,630,37,3
205,631,37,3
206,632,37,3
207,633,37,3
208,634,37,3
209,635,37,3
210,630,38,3
211,631,38,3
212,632,38,3
213,633,38,3
214,634,38,3
215,635,38,3
216,630,39,3
217,631,39,3
218,632,39,3
219,633,39,3
220,634,39,3
221,635,39,3
222,674,23,1
223,675,23,1
224,676,23,2
225,677,23,1
226,678,23,1
227,674,27,1
228,675,27,2
229,676,27,1
230,677,27,1
231,678,27,1
232,674,30,1
233,675,30,2
234,676,30,1
235,677,30,1
236,678,30,1
237,658,23,2
238,659,27,2
239,658,30,2
240,668,30,2
241,669,23,1
242,672,27,1
243,113,25,1
244,151,25,1
245,153,25,1
246,154,25,1
247,155,22,1
248,155,26,1
249,156,22,1
250,157,26,1
251,158,22,1
252,159,22,1
253,160,22,1
254,113,28,3
255,105,31,3
256,119,48,3
257,702,47,3
258,702,48,3
259,702,49,3
260,121,47,3
261,703,47,3
262,704,47,3
263,119,47,3
264,705,48,3
265,706,49,3
266,707,47,3
267,696,47,2
268,697,47,2
269,698,47,2
270,699,47,2
271,700,47,2
272,701,47,2
273,739,47,1
274,740,47,3
275,741,47,3
276,742,47,3
277,743,47,1
278,739,48,1
279,740,48,2
280,741,48,3
281,742,48,3
282,743,48,1
283,739,49,2
284,684,23,1
285,740,49,3
286,685,23,2
287,741,49,2
288,686,23,1
289,742,49,2
290,743,49,3
291,687,23,1
292,688,23,1
293,689,23,1
294,686,27,1
295,687,27,1
296,688,27,2
297,689,27,1
298,686,30,1
299,690,25,1
300,691,25,2
301,692,25,1
302,693,25,1
303,694,25,1
304,695,25,1
305,690,28,1
306,693,28,1
307,694,28,1
308,695,28,1
309,690,31,1
310,691,31,1
311,694,31,1
312,695,31,1
313,733,25,2
314,734,25,2
315,735,25,3
316,736,25,2
317,737,25,2
318,738,25,2
319,733,28,3
320,734,28,2
321,735,28,2
322,736,28,2
323,737,28,2
324,738,28,2
325,733,31,3
326,734,31,3
327,735,31,2
328,736,31,2
329,737,31,2
330,738,31,2
331,282,37,1
332,282,39,2
333,283,37,3
334,283,38,1
335,283,39,3
336,284,37,3
337,284,38,1
338,284,39,3
339,285,37,3
340,285,38,1
341,285,39,3
342,286,37,3
343,286,39,2
344,510,37,3
345,510,38,2
346,570,37,3
347,648,37,3
348,510,39,3
349,649,37,3
350,650,37,3
351,511,37,3
352,511,38,2
353,511,39,3
354,512,37,3
355,512,38,2
356,512,39,3
357,513,37,3
358,513,38,2
359,513,39,3
360,570,38,2
361,514,37,3
362,514,38,2
363,570,39,3
364,514,39,3
365,648,39,3
366,651,37,2
367,651,39,2
368,649,39,3
369,650,39,3
370,648,38,2
371,649,38,2
372,650,38,2
373,652,47,1
374,653,47,1
375,654,47,1
376,655,47,1
377,656,47,1
378,657,47,1
379,652,48,1
380,653,48,1
381,654,48,1
382,655,48,1
383,656,48,1
384,657,48,1
385,652,49,1
386,657,49,1
387,656,49,1
388,655,49,1
389,654,49,1
390,653,49,1
391,817,32,3
392,817,33,3
393,817,34,3
394,818,32,3
395,818,33,3
396,818,34,3
397,408,40,1
398,412,40,2
399,412,43,2
400,417,43,2
401,418,43,2
402,419,43,2
403,420,43,2
404,819,32,2
405,819,33,3
406,820,32,3
407,820,33,2
408,821,32,3
409,821,33,2
410,95,23,1
411,96,23,1
412,97,23,1
413,98,23,1
414,99,23,1
415,94,27,1
416,95,27,1
417,96,27,1
418,97,27,1
419,98,27,1
420,99,27,1
421,846,25,2
422,848,28,2
423,849,25,2
424,850,31,2
425,847,25,2
426,383,25,2
427,867,25,2
428,868,28,2
429,869,28,2
430,114,37,3
431,115,37,3
432,116,37,3
433,117,37,3
434,120,37,3
435,123,37,3
436,114,38,2
437,115,38,2
438,116,38,2
439,117,38,2
440,120,38,1
441,123,38,1
442,114,39,2
443,115,39,2
444,116,39,2
445,117,39,2
446,120,39,3
447,123,39,3
448,492,37,3
449,493,37,3
450,494,37,3
451,495,37,3
452,496,37,3
453,492,39,2
454,493,39,2
455,494,39,2
456,495,39,2
457,496,39,2
458,492,38,1
459,493,38,2
460,494,38,2
461,495,38,1
462,496,38,2
463,828,47,1
464,830,47,1
465,831,47,2
466,832,47,2
467,833,47,1
468,829,47,3
469,828,48,2
470,831,48,3
471,890,37,3
472,890,38,1
473,892,37,2
474,890,39,1
475,892,39,1
476,895,37,3
477,895,38,3
478,895,39,2
479,899,37,2
480,899,38,1
481,899,39,1
482,900,37,1
483,900,39,2
484,989,40,2
485,988,40,2
486,991,40,2
487,991,41,2
488,991,42,2
489,989,42,2
490,947,40,2
491,947,41,2
492,947,42,2
493,947,43,2
494,950,40,2
495,950,41,2
496,950,42,2
497,950,43,2
498,107,31,3
499,976,40,2
500,977,40,1
501,978,40,1
502,980,40,2
503,977,41,1
504,978,41,2
505,979,41,1
506,980,41,2
507,978,42,2
508,979,42,2
509,980,42,2
510,976,43,3
511,977,43,3
512,978,43,3
513,979,43,3
514,980,43,3
515,913,47,3
516,914,47,2
517,914,48,2
518,916,48,3
519,912,47,3
520,914,49,2
521,915,49,3
522,915,47,1
523,433,32,3
524,437,32,3
525,434,32,3
526,435,32,3
527,436,32,3
528,800,50,2
529,1048,50,3
530,1050,51,1
531,390,37,2
532,392,37,2
533,392,38,2
534,393,37,2
535,394,39,2
536,1057,37,2
537,1057,38,2
538,1058,37,3
539,1058,38,2
540,1058,39,2
541,1059,39,2
542,1059,37,3
543,1059,38,3
544,1060,38,2
545,1060,39,2
546,1060,37,3
547,1061,39,2
548,1061,37,3
549,1061,38,3
550,1062,37,3
551,1062,38,2
552,1062,39,2
553,744,47,2
554,745,47,2
555,746,47,2
556,747,47,2
557,748,47,3
558,744,48,2
559,745,48,2
560,746,48,1
561,747,48,2
562,748,48,3
563,745,49,2
564,746,49,1
565,801,50,2
566,748,49,2
567,901,47,2
568,902,47,2
569,904,47,2
570,905,47,2
571,906,47,2
572,901,48,2
573,902,48,2
574,903,48,2
575,904,48,2
576,906,48,2
577,802,50,1
578,803,50,2
579,804,50,2
580,805,50,1
581,800,51,3
582,801,51,3
583,802,51,2
584,803,51,2
585,804,51,2
586,805,51,1
587,1081,37,3
588,1081,38,3
589,1081,39,3
590,800,52,1
591,801,52,1
592,1082,37,3
593,802,52,2
594,1082,38,2
595,1082,39,3
596,805,52,2
597,1083,37,3
598,1083,38,2
599,1083,39,3
600,1084,37,3
601,1084,38,2
602,1084,39,3
603,1085,37,3
604,1085,38,2
605,1085,39,3
606,1016,50,2
607,1017,50,2
608,1021,50,3
609,1023,50,3
610,1024,50,3
611,1016,51,3
612,1017,51,2
613,1021,51,2
614,1023,51,3
615,1024,51,3
616,1016,52,3
617,1017,52,2
618,1021,52,1
619,1023,52,2
620,1024,52,2
621,1117,47,1
622,1118,47,1
623,1121,47,1
624,1123,47,1
625,1146,32,2
626,1124,47,1
627,1115,47,1
628,1146,34,2
629,1115,48,1
630,1117,48,1
631,1148,32,2
632,1118,48,1
633,1149,32,2
634,1121,48,1
635,1150,32,2
636,1123,48,1
637,1124,48,1
638,1151,32,2
639,1115,49,1
640,1117,49,1
641,1118,49,1
642,1121,49,1
643,1123,49,1
644,1124,49,1
645,1148,33,2
646,1149,33,2
647,1150,33,2
648,1151,33,2
649,1169,32,2
650,1170,32,2
651,1171,32,2
652,1172,32,2
653,1173,32,2
654,1174,32,2
655,1169,33,2
656,1170,33,2
657,1171,33,2
658,1172,33,2
659,1169,34,1
660,1173,33,2
661,1174,33,2
662,1156,34,2
663,1156,33,2
664,1156,32,2
665,1160,32,2
666,587,22,2
667,588,22,2
668,589,22,2
669,591,22,2
670,592,29,2
671,590,26,2
672,721,44,3
673,722,44,1
674,723,44,3
675,724,44,1
676,725,44,3
677,726,44,1
678,721,45,1
679,722,45,1
680,723,45,1
681,724,45,1
682,725,45,3
683,726,45,3
684,721,46,2
685,722,46,1
686,723,46,1
687,724,46,1
688,725,46,1
689,726,46,1
690,1007,37,3
691,1007,38,1
692,1007,39,3
693,1008,37,3
694,1008,38,1
695,1008,39,3
696,1009,37,1
697,1009,38,1
698,1009,39,1
699,1010,37,2
700,1010,38,1
701,1010,39,3
702,1011,37,3
703,1011,38,2
704,1011,39,3
705,1012,37,3
706,1012,38,1
707,1012,39,3
708,931,50,3
709,931,51,3
710,931,52,2
711,932,50,3
712,932,51,3
713,932,52,2
714,933,50,3
715,933,51,3
716,933,52,2
717,934,50,3
718,934,51,3
719,934,52,2
720,935,50,3
721,935,51,3
722,935,52,2
723,936,50,3
724,936,51,3
725,936,52,2
726,727,37,3
727,728,37,3
728,729,37,3
729,730,37,3
730,731,37,3
731,732,37,3
732,727,32,1
733,727,42,1
734,728,41,3
735,729,40,1
736,730,42,1
737,731,40,3
738,732,41,2
739,1256,47,2
740,1257,47,1
741,1259,47,1
742,1262,47,1
743,1259,48,2
744,1262,48,2
745,1258,48,1
746,1262,49,3
747,1259,49,1
748,750,23,1
749,751,23,1
750,1285,47,1
751,1286,47,2
752,1287,47,3
753,1288,47,3
754,1289,48,3
755,1289,49,3
756,366,44,3
757,367,44,1
758,368,44,2
759,369,44,2
760,370,44,1
761,371,44,2
762,366,45,2
763,367,45,1
764,370,45,1
765,371,45,2
766,370,46,1
767,371,46,1
768,378,44,3
769,379,44,3
770,380,44,3
771,381,44,3
772,382,44,3
773,384,44,3
774,378,45,3
775,379,45,3
776,380,45,3
777,381,45,3
778,382,45,3
779,384,45,3
780,378,46,3
781,379,46,3
782,380,46,3
783,381,46,3
784,382,46,3
785,726,58,3
786,721,57,1
787,722,59,1
788,1109,52,2
789,1110,52,1
790,1111,52,3
791,1109,50,3
792,1112,50,2
793,1112,52,2
794,1113,52,3
795,366,40,3
796,367,40,3
797,368,40,3
798,369,40,3
799,370,40,3
800,371,40,3
801,366,41,3
802,367,41,3
803,368,41,3
804,369,41,3
805,370,41,3
806,371,41,3
807,366,42,3
808,367,42,3
809,368,42,3
810,369,42,3
811,370,42,3
812,371,42,3
813,370,43,1
814,371,43,1
815,378,40,3
816,379,40,3
817,380,40,3
818,381,40,3
819,382,40,3
820,384,40,3
821,378,41,3
822,379,41,3
823,380,41,3
824,381,41,3
825,382,41,3
826,384,41,3
827,378,42,3
828,379,42,3
829,380,42,3
830,381,42,3
831,382,42,3
832,384,42,3
833,378,43,3
834,379,43,3
835,380,43,3
836,381,43,3
837,382,43,3
838,384,43,3
839,486,39,3
840,486,37,3
841,1320,53,1
842,1321,54,2
843,487,39,1
844,487,38,2
845,1323,55,3
846,487,37,3
847,1323,56,2
848,488,37,3
849,1321,56,2
850,1324,53,2
851,1322,55,2
852,486,44,2
853,239,32,3
854,161,53,1
855,161,54,1
856,161,55,1
857,161,56,1
858,162,53,1
859,162,54,1
860,162,55,1
861,162,56,1
862,163,53,1
863,163,54,1
864,163,55,1
865,163,56,1
866,164,53,1
867,164,54,1
868,164,55,1
869,164,56,1
870,165,53,1
871,165,54,1
872,165,55,1
873,165,56,1
874,166,53,1
875,166,54,1
876,166,55,1
877,166,56,1
878,161,44,1
879,161,45,1
880,161,46,1
881,162,44,1
882,162,45,1
883,162,46,1
884,163,44,1
885,163,45,1
886,163,46,1
887,164,44,1
888,164,45,1
889,164,46,1
890,165,44,1
891,165,45,1
892,165,46,1
893,166,44,1
894,166,45,1
895,166,46,1
896,161,50,1
897,161,51,1
898,161,52,1
899,162,50,1
900,162,51,1
901,162,52,1
902,163,50,1
903,163,51,1
904,163,52,1
905,164,50,1
906,164,51,1
907,164,52,1
908,165,50,1
909,165,51,1
910,165,52,1
911,166,50,1
912,166,51,1
913,166,52,1
914,161,57,1
915,161,58,1
916,161,59,1
917,162,57,1
918,162,58,1
919,162,59,1
920,163,57,1
921,163,58,1
922,163,59,1
923,164,57,1
924,164,58,1
925,164,59,1
926,165,57,1
927,165,58,1
928,165,59,1
929,166,57,1
930,166,58,1
931,166,59,1
932,766,48,3
933,768,48,3
934,768,49,1
935,763,49,1
936,763,47,3
937,764,47,3
938,765,47,3
939,760,47,3
940,760,49,1
941,766,49,1
942,480,47,2
943,485,47,2
944,480,48,2
945,239,54,2
946,243,54,2
947,250,54,2
948,251,54,2
949,252,54,2
950,483,49,3
951,485,49,2
952,1352,57,2
953,1353,59,2
954,1355,57,2
955,1356,57,2
956,1356,59,2
957,1357,59,2
958,1357,57,2
959,1357,58,2
960,1356,58,2
961,1355,58,2
962,460,47,3
963,461,47,3
964,462,47,3
965,463,47,3
966,464,47,3
967,465,47,3
968,288,22,2
969,288,26,2
970,288,29,2
971,289,22,2
972,289,26,2
973,289,29,2
974,290,22,2
975,290,26,2
976,290,29,2
977,291,22,2
978,291,26,2
979,291,29,2
980,292,22,2
981,292,26,2
982,292,29,2
983,293,22,2
984,293,26,2
985,293,29,2
986,1381,50,1
987,1381,51,1
988,1381,52,1
989,1382,50,1
990,1382,51,1
991,1382,52,1
992,1383,50,1
993,1383,51,1
994,1383,52,1
995,1384,50,1
996,1384,51,1
997,1384,52,1
998,1385,50,1
999,1385,51,1
1000,1385,52,1
1001,1386,50,1
1002,1386,51,1
1003,1386,52,1
1004,1163,32,2
1005,1163,33,2
1006,1165,32,2
1007,1165,33,2
1008,1166,32,2
1009,1166,33,2
1010,1167,32,2
1011,1167,33,2
1012,727,38,1
1013,728,38,1
1014,729,38,1
1015,730,38,1
1016,727,44,1
1017,731,38,1
1018,732,38,1
1019,728,44,1
1020,729,44,1
1021,730,44,1
1022,731,44,1
1023,732,44,1
1024,727,45,1
1025,728,45,1
1026,729,45,1
1027,730,45,1
1028,731,45,1
1029,732,45,1
1030,727,47,1
1031,728,47,1
1032,729,47,1
1033,730,47,1
1034,731,47,1
1035,732,47,1
1036,294,50,1
1037,295,50,2
1038,296,50,1
1039,297,50,3
1040,727,57,3
1041,728,57,3
1042,729,57,3
1043,730,57,3
1044,731,57,3
1045,732,57,3
1046,298,51,1
1047,1251,47,1
1048,297,52,3
1049,296,51,2
1050,1251,48,2
1051,1251,49,2
1052,1252,48,1
1053,1252,49,2
1054,1253,47,1
1055,1253,48,1
1056,1253,49,2
1057,727,50,1
1058,1254,47,1
1059,1254,48,1
1060,728,50,1
1061,1254,49,2
1062,729,50,1
1063,730,50,1
1064,1255,48,1
1065,731,50,1
1066,1255,49,1
1067,732,50,1
1068,1374,48,1
1069,1374,49,2
1070,1182,50,2
1071,1183,50,2
1072,1184,50,2
1073,1185,50,2
1074,1186,50,2
1075,1182,51,2
1076,1186,51,2
1077,1183,51,2
1078,1184,51,2
1079,1185,51,2
1080,1182,52,2
1081,1183,52,2
1082,1184,52,2
1083,1185,52,2
1084,1186,52,2
1085,486,38,2
1086,489,37,3
1087,490,37,3
1088,491,37,3
1089,488,38,2
1090,489,38,2
1091,490,38,2
1092,491,38,2
1093,486,47,3
1094,487,47,3
1095,486,48,2
1096,487,48,2
1097,488,48,2
1098,489,48,2
1099,490,48,2
1100,491,48,2
1101,488,47,3
1102,489,47,3
1103,490,47,3
1104,491,47,3
1105,253,32,3
1106,257,32,3
1107,243,32,3
1108,196,44,3
1109,197,44,3
1110,1334,40,3
1111,1331,41,3
1112,1331,42,3
1113,1332,43,3
1114,198,44,3
1115,199,44,3
1116,200,44,3
1117,196,45,1
1118,197,45,1
1119,198,45,1
1120,199,45,1
1121,200,45,1
1122,486,53,2
1123,487,53,2
1124,488,53,2
1125,489,53,2
1126,490,53,2
1127,491,53,2
1128,491,54,1
1129,486,54,1
1130,487,54,1
1131,488,54,1
1132,489,54,1
1133,490,54,1
1134,490,55,1
1135,491,55,1
1136,490,56,3
1137,491,56,3
1138,487,44,2
1139,488,44,2
1140,489,44,2
1141,490,44,2
1142,491,44,2
1143,486,45,1
1144,486,46,1
1145,490,46,2
1146,752,23,1
1147,753,23,1
1148,754,23,1
1149,755,23,1
1150,750,30,1
1151,751,30,1
1152,752,30,1
1153,753,30,1
1154,754,30,1
1155,755,30,1
1156,167,44,3
1157,168,44,3
1158,169,44,3
1159,170,44,3
1160,171,44,3
1161,172,44,3
1162,167,45,3
1163,168,45,3
1164,169,45,3
1165,170,45,3
1166,171,45,3
1167,172,45,3
1168,173,44,3
1169,174,44,3
1170,175,44,3
1171,176,44,3
1172,177,44,3
1173,173,45,2
1174,174,45,2
1175,175,45,2
1176,176,45,2
1177,177,45,2
1178,173,46,1
1179,174,46,1
1180,175,46,1
1181,176,46,1
1182,177,46,1
1183,727,34,1
1184,728,34,1
1185,729,34,1
1186,730,34,1
1187,731,34,1
1188,732,34,1
1189,728,32,1
1190,729,32,1
1191,730,32,1
1192,731,32,1
1193,732,32,1
1194,360,25,3
1195,361,25,3
1196,362,25,3
1197,363,25,3
1198,364,25,3
1199,365,25,3
1200,360,31,1
1201,361,31,1
1202,362,31,1
1203,363,31,1
1204,364,31,1
1205,365,31,1
1206,1388,47,3
1207,1389,47,1
1208,1390,47,2
1209,1391,47,2
1210,1392,47,2
1211,1388,48,2
1212,1389,48,1
1213,1390,48,2
1214,1391,48,3
1215,1392,48,2
1216,1388,49,2
1217,1389,49,1
1218,1390,49,2
1219,1391,49,2
1220,1392,49,2
1221,366,47,1
1222,367,47,1
1223,368,47,1
1224,369,47,2
1225,371,47,2
1226,1318,40,3
1227,1318,41,3
1228,1318,42,3
1229,1318,43,3
1230,1319,40,3
1231,1319,41,3
1232,1319,42,3
1233,1319,43,3
1234,1445,40,3
1235,1445,41,3
1236,1445,42,3
1237,1445,43,3
1238,1446,40,3
1239,1446,41,3
1240,1446,42,3
1241,1446,43,3
1242,1447,40,3
1243,1447,41,3
1244,1447,42,3
1245,1447,43,3
1246,1245,50,3
1247,1246,50,2
1248,1269,50,2
1249,1270,50,2
1250,1271,50,2
1251,1399,50,2
1252,1245,51,1
1253,1246,51,1
1254,1269,51,1
1255,1270,51,1
1256,907,47,3
1257,1271,51,2
1258,1399,51,1
1259,1245,52,3
1260,1246,52,2
1261,1269,52,2
1262,1270,52,2
1263,1271,52,2
1264,1399,52,2
1265,811,25,3
1266,812,25,3
1267,813,25,3
1268,814,25,3
1269,815,25,3
1270,816,25,3
1271,642,50,3
1272,642,51,3
1273,642,52,3
1274,643,50,3
1275,643,51,3
1276,643,52,3
1277,644,52,3
1278,644,50,3
1279,644,51,3
1280,645,51,3
1281,645,52,3
1282,645,50,3
1283,646,50,3
1284,646,51,3
1285,646,52,3
1286,647,52,3
1287,647,50,3
1288,647,51,3
1289,486,32,3
1290,487,32,3
1291,488,32,3
1292,489,32,3
1293,490,32,3
1294,491,32,3
1295,486,33,2
1296,487,33,2
1297,488,33,2
1298,489,33,2
1299,490,33,2
1300,491,33,2
1301,486,34,1
1302,487,34,1
1303,488,34,1
1304,489,34,1
1305,490,34,1
1306,491,34,1
1307,1037,32,1
1308,409,57,3
1309,409,58,3
1310,409,59,2
1311,411,57,3
1312,411,58,3
1313,411,59,2
1314,413,57,3
1315,413,58,3
1316,413,59,2
1317,414,57,3
1318,414,58,3
1319,414,59,2
1320,415,57,3
1321,415,58,3
1322,415,59,2
1323,416,57,3
1324,416,58,3
1325,416,59,2
1326,486,50,3
1327,487,50,3
1328,488,50,3
1329,489,50,3
1330,490,50,3
1331,491,50,3
1332,1358,49,3
1333,1359,47,1
1334,1359,48,2
1335,1359,49,2
1336,1360,48,3
1337,1360,49,3
1338,1361,47,1
1339,1361,48,3
1340,1362,47,1
1341,1362,49,2
1342,1362,48,2
1343,1092,47,1
1344,1092,48,3
1345,1092,49,2
1346,1093,47,2
1347,1093,48,2
1348,1093,49,1
1349,1094,49,2
1350,1094,47,3
1351,1095,49,3
1352,1095,47,2
1353,1095,48,1
1354,1096,49,1
1355,1096,47,2
1356,1096,48,1
1357,1097,49,1
1358,1097,47,2
1359,1097,48,3
1360,908,47,1
1361,911,47,2
1362,1043,40,1
1363,1043,41,1
1364,708,47,2
1365,709,47,2
1366,710,47,2
1367,711,47,3
1368,712,47,3
1369,717,47,3
1370,448,32,2
1371,452,32,3
1372,453,32,2
1373,455,32,1
1374,456,33,2
1375,717,48,3
1376,458,34,2
1377,712,48,2
1378,717,49,1
1379,1223,56,2
1380,1225,56,3
1381,1226,56,2
1382,1227,56,3
1383,1228,53,3
1384,372,37,1
1385,373,37,1
1386,374,37,1
1387,375,37,1
1388,376,37,1
1389,377,37,1
1390,374,38,1
1391,377,38,1
1392,372,39,1
1393,374,39,1
1394,375,39,1
1395,376,39,1
1396,881,47,2
1397,377,39,1
1398,881,49,2
1399,1454,47,3
1400,1456,47,3
1401,1457,47,3
1402,1458,47,3
1403,1459,47,3
1404,1455,47,3
1405,1455,48,3
1406,1456,48,3
1407,1457,48,3
1408,1458,48,3
1409,1459,48,3
1410,1454,48,1
1411,1454,49,1
1412,1455,49,1
1413,1456,49,2
1414,1457,49,2
1415,1458,49,2
1416,1459,49,2
1417,299,50,1
1418,294,51,2
1419,295,51,2
1420,297,51,2
1421,299,51,1
1422,298,52,1
1423,299,52,1
1424,294,52,1
1425,887,47,2
1426,888,47,2
1427,888,48,3
1428,889,47,2
1429,889,49,2
1430,891,47,2
1431,891,48,2
1432,891,49,3
1433,898,49,3
1434,898,48,2
1435,1428,47,3
1436,1429,47,3
1437,1430,47,3
1438,1431,47,3
1439,1432,47,3
1440,1428,48,2
1441,1429,48,2
1442,1430,48,2
1443,1431,48,2
1444,1432,48,2
1445,1428,49,2
1446,1429,49,2
1447,1430,49,2
1448,1431,49,2
1449,1503,60,3
1450,1503,61,1
1451,1504,62,1
1452,1504,60,2
1453,1504,61,3
1454,1506,60,2
1455,1506,61,2
1456,1506,62,1
1457,1507,60,2
1458,1507,62,1
1459,1508,60,3
1460,1508,61,1
1461,1508,62,1
1462,1509,60,3
1463,1509,61,2
1464,1509,62,1
1465,1507,61,3
1466,1510,60,2
1467,1510,61,2
1468,1493,60,3
1469,1494,60,2
1470,1493,61,2
1471,1493,62,1
1472,1494,61,3
1473,1494,62,1
1474,1495,60,3
1475,1495,61,1
1476,1495,62,1
1477,1496,60,2
1478,1496,61,1
1479,1496,62,3
1480,1497,60,2
1481,1497,61,1
1482,1498,60,2
1483,1498,61,3
1484,1498,62,2
1485,1243,44,2
1486,1244,44,2
1487,1247,44,2
1488,1248,44,2
1489,1249,44,2
1490,1250,44,2
1491,1243,45,2
1492,1244,45,2
1493,1247,45,2
1494,1248,45,2
1495,1249,45,2
1496,1250,45,2
1497,1243,46,2
1498,1244,46,2
1499,1247,46,2
1500,1248,46,2
1501,1249,46,2
1502,1250,46,2
1503,713,47,2
1504,715,47,2
1505,716,47,2
1506,718,47,2
1507,713,48,2
1508,714,48,2
1509,715,48,2
1510,716,48,2
1511,716,49,2
1512,714,49,2
1513,1188,47,1
1514,1189,47,1
1515,1103,47,3
1516,1104,47,3
1517,1105,48,3
1518,1105,47,2
1519,1106,47,3
1520,1107,47,3
1521,1108,47,1
1522,1108,48,3
1523,907,48,2
1524,908,48,1
1525,910,48,1
1526,907,49,3
1527,908,49,1
1528,909,49,3
1529,910,49,1
1530,911,49,1
1531,1293,61,2
1532,1293,62,2
1533,1294,60,2
1534,1294,61,2
1535,1294,62,2
1536,1295,60,2
1537,1295,61,2
1538,1295,62,2
1539,1296,62,2
1540,1296,60,2
1541,1297,61,2
1542,1297,62,2
1543,1298,61,2
1544,1526,47,2
1545,1526,48,2
1546,1526,49,2
1547,1527,47,1
1548,1527,48,3
1549,1527,49,3
1550,1528,47,3
1551,1528,48,2
1552,1528,49,2
1553,1529,49,3
1554,1529,47,3
1555,1529,48,2
1556,1194,60,1
1557,1194,61,2
1558,1194,62,1
1559,1195,60,2
1560,1195,61,1
1561,1196,62,3
1562,1196,60,3
1563,1196,61,1
1564,1197,61,1
1565,1197,62,1
1566,1197,60,2
1567,1198,61,3
1568,1198,62,2
1569,1198,60,1
1570,1199,61,1
1571,1199,62,3
1572,1199,60,2
1573,1511,60,3
1574,1511,61,3
1575,1511,62,2
1576,1512,62,1
1577,1512,60,3
1578,1512,61,2
1579,1513,61,2
1580,1513,62,1
1581,1514,62,2
1582,1514,60,3
1583,1514,61,3
1584,1513,60,3
1585,271,32,2
1586,268,32,3
1587,271,33,2
1588,270,33,3
1589,269,32,3
1590,1530,33,2
1591,1465,58,2
1592,1467,59,2
1593,1467,58,2
1594,1467,57,2
1595,1469,59,2
1596,126,47,3
1597,126,48,1
1598,127,47,3
1599,127,48,1
1600,127,49,2
1601,128,47,3
1602,128,48,1
1603,129,47,3
1604,129,48,2
1605,1044,40,1
1606,1045,40,1
1607,1046,40,1
1608,1047,40,1
1609,1044,41,1
1610,1045,41,1
1611,1046,41,1
1612,1047,41,1
1613,1043,42,1
1614,1044,42,1
1615,1045,42,1
1616,1046,42,1
1617,1047,42,1
1618,1136,47,1
1619,1137,47,3
1620,1139,47,1
1621,1140,47,3
1622,1140,49,3
1623,1138,47,1
1624,366,57,3
1625,367,57,3
1626,368,57,3
1627,369,57,3
1628,370,57,3
1629,371,57,3
1630,1537,53,1
1631,1537,54,1
1632,1537,56,1
1633,1547,53,3
1634,1543,53,1
1635,1543,54,1
1636,1543,55,1
1637,1543,56,1
1638,822,50,3
1639,1547,54,3
1640,1544,56,1
1641,822,51,3
1642,1544,53,1
1643,1544,54,1
1644,822,52,3
1645,1544,55,1
1646,1547,56,3
1647,823,50,3
1648,1548,56,3
1649,1548,53,3
1650,823,51,3
1651,1548,54,3
1652,1545,53,1
1653,1545,54,1
1654,1545,55,1
1655,1550,53,3
1656,823,52,3
1657,1546,55,1
1658,1546,53,1
1659,1550,55,3
1660,1550,56,3
1661,1546,54,1
1662,824,50,3
1663,824,51,3
1664,824,52,3
1665,825,50,3
1666,825,51,3
1667,825,52,3
1668,1551,53,3
1669,826,50,3
1670,1551,54,3
1671,826,51,3
1672,826,52,3
1673,1551,56,3
1674,1552,53,3
1675,827,50,3
1676,827,51,3
1677,1552,56,3
1678,827,52,3
1679,1552,54,3
1680,378,57,3
1681,379,57,3
1682,380,57,3
1683,381,57,3
1684,382,57,3
1685,384,57,3
1686,1547,50,3
1687,1548,51,3
1688,1547,51,3
1689,1550,50,3
1690,931,53,1
1691,931,54,1
1692,1550,52,3
1693,931,55,1
1694,1551,50,3
1695,931,56,1
1696,1551,51,3
1697,1552,50,3
1698,932,53,1
1699,932,54,1
1700,1552,52,3
1701,932,55,1
1702,932,56,1
1703,933,53,1
1704,933,54,1
1705,933,55,1
1706,933,56,1
1707,934,53,1
1708,934,54,1
1709,934,55,1
1710,934,56,1
1711,935,56,1
1712,935,53,1
1713,935,54,1
1714,935,55,1
1715,936,55,1
1716,936,56,1
1717,936,53,1
1718,936,54,1
1719,1114,54,1
1720,1114,55,1
1721,1114,56,1
1722,1114,53,1
1723,1299,53,3
1724,1116,54,1
1725,1301,54,3
1726,1116,56,1
1727,1116,53,1
1728,1299,55,3
1729,1303,55,3
1730,1119,56,1
1731,1119,53,1
1732,1119,54,3
1733,1120,54,2
1734,1120,55,1
1735,1120,56,1
1736,1120,53,1
1737,1122,54,1
1738,1122,55,1
1739,1122,56,1
1740,1125,53,1
1741,1125,54,1
1742,1125,56,1
1743,161,37,1
1744,161,38,1
1745,161,39,1
1746,162,37,1
1747,162,38,1
1748,162,39,1
1749,163,37,1
1750,163,38,1
1751,163,39,1
1752,164,37,1
1753,164,38,1
1754,164,39,1
1755,165,37,1
1756,165,38,1
1757,165,39,1
1758,166,37,1
1759,166,38,1
1760,166,39,1
1761,1001,44,1
1762,1001,45,1
1763,1003,46,1
1764,1004,46,1
1765,1002,44,1
1766,1002,45,1
1767,1003,44,1
1768,1003,45,1
1769,1004,45,1
1770,1005,45,1
1771,1006,45,1
1772,1004,44,1
1773,1005,44,1
1774,1006,44,1
1775,366,63,3
1776,366,66,3
1777,367,66,3
1778,368,66,3
1779,370,66,3
1780,371,66,3
1781,366,58,3
1782,378,63,3
1783,378,66,3
1784,379,63,3
1785,380,63,3
1786,381,63,3
1787,382,63,3
1788,384,63,3
1789,1567,53,3
1790,1567,54,1
1791,1567,55,3
1792,1567,56,1
1793,1580,54,3
1794,1580,55,1
1795,1580,56,1
1796,1580,53,1
1797,1581,54,3
1798,1581,55,3
1799,1581,56,1
1800,1581,53,1
1801,1582,53,1
1802,1582,54,1
1803,1582,55,3
1804,1582,56,1
1805,1583,53,1
1806,1583,54,1
1807,1583,55,1
1808,1583,56,1
1809,1561,53,1
1810,1561,54,1
1811,1561,55,1
1812,1561,56,1
1813,1562,56,1
1814,1562,53,1
1815,1562,55,1
1816,1563,56,1
1817,1563,53,1
1818,1563,54,1
1819,1564,53,1
1820,1564,54,1
1821,1564,55,1
1822,1564,56,1
1823,1565,53,1
1824,1565,54,1
1825,1565,55,1
1826,1565,56,1
1827,1566,53,1
1828,1566,54,1
1829,1566,55,1
1830,1566,56,1
1831,1025,53,1
1832,1025,54,1
1833,1025,55,1
1834,1025,56,1
1835,1026,53,1
1836,1026,54,1
1837,1026,55,1
1838,1026,56,1
1839,1027,53,1
1840,1027,54,1
1841,1027,55,1
1842,1027,56,1
1843,1028,53,1
1844,1028,54,1
1845,1028,55,1
1846,1028,56,1
1847,1029,53,1
1848,1029,54,1
1849,1029,55,1
1850,1029,56,1
1851,969,44,3
1852,969,45,3
1853,969,46,3
1854,970,44,3
1855,970,45,3
1856,970,46,1
1857,971,44,3
1858,971,46,3
1859,971,45,3
1860,973,46,1
1861,974,46,2
1862,972,45,2
1863,972,44,2
1864,973,45,3
1865,973,44,3
1866,974,44,3
1867,974,45,2
1868,981,50,2
1869,982,50,2
1870,983,50,2
1871,984,50,2
1872,985,50,2
1873,981,51,2
1874,982,51,2
1875,983,51,2
1876,984,51,2
1877,985,51,2
1878,981,52,2
1879,982,52,2
1880,983,52,2
1881,984,52,2
1882,985,52,2
1883,136,63,2
1884,137,63,2
1885,138,63,2
1886,139,63,2
1887,140,63,2
1888,135,63,2
1889,136,66,3
1890,137,66,3
1891,140,69,1
1892,138,66,3
1893,438,63,3
1894,532,63,1
1895,534,63,1
1896,1029,43,2
1897,536,63,1
1898,537,66,1
1899,497,54,2
1900,498,54,1
1901,499,54,3
1902,500,54,3
1903,502,54,2
1904,499,55,2
1905,500,56,1
1906,502,56,3
1907,497,56,1
1908,138,69,1
1909,139,66,3
1910,140,66,3
1911,135,66,3
1912,136,69,1
1913,137,69,1
1914,139,69,1
1915,135,69,1
1916,440,63,3
1917,441,63,3
1918,444,63,3
1919,445,63,3
1920,446,63,3
1921,438,66,1
1922,440,66,1
1923,441,66,1
1924,444,66,1
1925,445,66,1
1926,446,66,1
1927,438,69,1
1928,440,69,1
1929,441,69,1
1930,444,69,1
1931,445,69,1
1932,446,69,1
1933,178,63,2
1934,179,63,2
1935,180,63,2
1936,181,63,2
1937,182,63,2
1938,183,63,2
1939,178,66,1
1940,179,66,1
1941,180,66,1
1942,181,66,1
1943,182,66,1
1944,183,66,1
1945,178,69,3
1946,179,69,3
1947,180,69,3
1948,181,69,3
1949,182,69,3
1950,183,69,3
1951,497,37,3
1952,497,38,2
1953,497,39,3
1954,498,37,2
1955,498,38,2
1956,498,39,2
1957,499,37,3
1958,499,38,1
1959,499,39,2
1960,500,37,1
1961,500,38,1
1962,500,39,2
1963,502,37,3
1964,502,38,3
1965,502,39,2
1966,727,53,3
1967,728,56,3
1968,729,56,3
1969,730,53,3
1970,731,53,3
1971,732,56,3
1972,986,65,3
1973,986,68,3
1974,986,71,2
1975,994,65,3
1976,994,68,3
1977,994,71,2
1978,1013,65,3
1979,1013,68,3
1980,1013,71,2
1981,993,65,3
1982,993,68,3
1983,993,71,2
1984,992,65,3
1985,992,68,3
1986,992,71,2
1987,1014,65,3
1988,1014,68,3
1989,1014,71,2
1990,1606,63,1
1991,1606,66,1
1992,1606,69,1
1993,1611,43,1
1994,1612,43,1
1995,385,32,2
1996,385,33,3
1997,386,32,2
1998,386,33,3
1999,387,32,3
2000,387,33,3
2001,388,32,3
2002,388,33,2
2003,389,32,2
2004,389,33,3
2005,391,32,3
2006,391,33,3
2007,395,32,3
2008,395,33,3
2009,396,32,3
2010,396,33,3
2011,397,32,3
2012,397,33,3
2013,398,32,3
2014,398,33,3
2015,399,32,3
2016,399,33,3
2017,1637,65,3
2018,1637,68,3
2019,1637,71,1
2020,1639,65,3
2021,1639,68,1
2022,1639,71,1
2023,1640,65,3
2024,1640,68,1
2025,1640,71,1
2026,1641,65,3
2027,1641,68,1
2028,1641,71,2
2029,1642,65,3
2030,1642,68,1
2031,1642,71,1
2032,1643,65,3
2033,1643,68,2
2034,1643,71,1
2035,1206,64,2
2036,1207,67,2
2037,1210,64,2
2038,1211,67,2
2039,1212,67,2
2040,1213,67,2
2041,917,64,3
2042,919,64,3
2043,920,64,3
2044,921,64,3
2045,922,64,3
2046,923,64,3
2047,923,67,3
2048,917,67,3
2049,919,67,3
2050,920,67,3
2051,921,67,3
2052,922,67,3
2053,917,70,3
2054,919,70,3
2055,920,70,3
2056,921,70,3
2057,1689,53,3
2058,922,70,3
2059,1690,53,3
2060,923,70,3
2061,1691,53,3
2062,1692,53,3
2063,1693,53,3
2064,1694,53,3
2065,1689,54,3
2066,1690,54,3
2067,1691,54,3
2068,1692,54,3
2069,1693,54,3
2070,1694,54,3
2071,1694,55,3
2072,1689,55,3
2073,1690,55,3
2074,1691,55,3
2075,1692,55,3
2076,1688,22,1
2077,1693,55,3
2078,1688,26,1
2079,1694,56,3
2080,1689,56,3
2081,1690,56,3
2082,1691,56,3
2083,1692,56,3
2084,1693,56,3
2085,925,64,3
2086,926,64,3
2087,927,64,3
2088,928,64,3
2089,929,64,3
2090,926,67,3
2091,927,67,3
2092,928,67,3
2093,929,67,3
2094,930,67,3
2095,925,70,3
2096,926,70,3
2097,927,70,3
2098,928,70,3
2099,929,70,3
2100,930,70,3
2101,930,64,3
2102,925,67,3
2103,1689,37,1
2104,1690,37,3
2105,1691,37,3
2106,1692,37,3
2107,1693,37,3
2108,1694,38,1
2109,1689,38,1
2110,1690,38,3
2111,1691,38,3
2112,1692,38,3
2113,1693,38,3
2114,1689,39,3
2115,1690,39,3
2116,1691,39,3
2117,1692,39,3
2118,1693,39,3
2119,1694,39,1
2120,1694,37,1
2121,882,51,1
2122,882,52,3
2123,883,50,2
2124,883,51,1
2125,883,52,1
2126,884,50,1
2127,884,51,2
2128,884,52,2
2129,885,51,1
2130,885,52,2
2131,886,50,1
2132,559,50,2
2133,560,50,2
2134,561,50,2
2135,562,50,2
2136,563,50,2
2137,593,63,2
2138,594,66,2
2139,595,66,3
2140,596,66,3
2141,597,66,2
2142,1644,65,3
2143,1644,68,2
2144,1644,71,2
2145,1645,65,2
2146,1645,68,3
2147,1645,71,2
2148,1646,65,1
2149,1646,68,1
2150,1646,71,2
2151,1015,44,3
2152,1018,44,3
2153,1019,44,3
2154,1020,44,3
2155,1022,44,3
2156,1387,44,3
2157,1015,45,3
2158,1018,45,3
2159,1019,45,3
2160,1020,45,3
2161,1022,45,3
2162,1387,45,3
2163,1015,46,3
2164,782,23,1
2165,783,23,1
2166,785,23,1
2167,786,23,1
2168,787,27,1
2169,785,27,1
2170,784,30,1
2171,937,25,1
2172,938,28,1
2173,940,31,1
2174,941,25,1
2175,939,28,1
2176,776,23,2
2177,777,27,2
2178,778,27,2
2179,779,23,2
2180,780,23,2
2181,781,23,2
2182,300,22,2
2183,301,26,2
2184,302,26,2
2185,303,22,2
2186,304,22,2
2187,305,22,2
2188,497,50,1
2189,498,50,2
2190,499,50,3
2191,500,50,3
2192,502,50,3
2193,498,51,1
2194,499,51,1
2195,500,51,1
2196,571,44,1
2197,572,44,3
2198,572,45,2
2199,573,45,2
2200,573,44,3
2201,574,44,3
2202,574,45,2
2203,575,44,3
2204,575,45,2
2205,576,44,1
2206,583,44,2
2207,584,44,2
2208,585,44,2
2209,586,44,2
2210,1351,44,2
2211,577,44,1
2212,578,44,2
2213,579,44,1
2214,580,44,1
2215,582,46,3
2216,581,46,2
2217,580,46,1
2218,578,45,1
2219,727,63,2
2220,486,63,1
2221,1568,50,3
2222,1569,50,2
2223,1569,51,1
2224,1570,50,2
2225,1570,51,2
2226,1571,51,3
2227,1571,50,3
2228,1572,50,2
2229,1572,51,3
2230,1568,51,1
2231,1573,50,2
2232,1573,51,3
2233,721,40,2
2234,721,41,3
2235,722,40,2
2236,722,41,2
2237,722,43,1
2238,723,40,2
2239,723,41,2
2240,724,40,2
2241,725,40,1
2242,724,41,3
2243,726,40,2
2244,726,41,3
2245,1730,54,2
2246,619,63,2
2247,621,66,2
2248,622,63,2
2249,623,63,2
2250,620,66,2
2251,624,63,2
2252,625,63,2
2253,626,63,2
2254,627,63,2
2255,628,63,2
2256,629,63,2
2257,613,63,2
2258,614,63,2
2259,615,63,2
2260,616,63,2
2261,617,63,2
2262,618,63,2
2263,480,63,2
2264,481,63,2
2265,482,63,2
2266,483,66,2
2267,484,69,2
2268,484,63,2
2269,485,69,2
2270,480,58,2
2271,485,59,2
2272,481,57,2
2273,481,59,2
2274,482,58,2
2275,483,59,2
2276,484,58,2
2277,1592,63,2
2278,1593,63,2
2279,1594,63,1
2280,1595,63,3
2281,1596,63,2
2282,1592,66,2
2283,1593,66,2
2284,1594,66,1
2285,1595,66,2
2286,1596,66,2
2287,1592,69,2
2288,1593,69,2
2289,1594,69,1
2290,1595,69,2
2291,1596,69,2
2292,502,51,3
2293,498,52,1
2294,499,52,1
2295,500,52,1
2296,502,52,1
2297,760,32,3
2298,1538,32,3
2299,760,33,3
2300,1539,33,2
2301,763,32,3
2302,763,33,2
2303,1540,32,2
2304,764,33,2
2305,1540,33,2
2306,1541,32,3
2307,1541,33,2
2308,1542,32,2
2309,764,32,3
2310,1542,33,2
2311,765,32,3
2312,765,33,2
2313,766,32,2
2314,766,33,2
2315,768,32,3
2316,768,33,3
2317,1743,40,1
2318,1743,41,1
2319,1743,42,1
2320,1744,40,1
2321,1549,32,2
2322,1744,41,1
2323,1549,33,2
2324,1744,42,1
2325,1549,34,2
2326,1745,40,1
2327,1553,32,2
2328,1745,41,1
2329,1745,42,1
2330,1553,33,2
2331,1553,34,2
2332,1746,40,1
2333,1746,41,1
2334,1746,42,1
2335,1554,32,2
2336,1747,40,1
2337,1554,33,2
2338,1747,41,1
2339,1554,34,2
2340,1555,32,2
2341,1747,42,1
2342,1748,40,1
2343,1748,41,1
2344,1555,33,2
2345,1748,42,1
2346,1555,34,2
2347,1754,53,2
2348,1754,56,2
2349,1755,56,2
2350,1755,53,2
2351,1756,53,2
2352,1757,56,2
2353,1757,53,2
2354,1187,32,3
2355,1187,33,3
2356,1187,34,3
2357,1188,32,3
2358,1188,33,1
2359,1188,34,2
2360,1189,32,3
2361,1189,33,1
2362,1190,32,3
2363,1190,33,2
2364,1191,32,3
2365,1191,33,1
2366,1192,32,3
2367,1192,33,2
2368,1760,40,2
2369,1761,40,2
2370,1762,40,2
2371,1762,41,2
2372,1762,42,2
2373,1763,40,2
2374,1763,41,2
2375,1764,40,2
2376,1765,40,2
2377,1765,41,2
2378,1765,42,2
2379,1765,43,2
2380,559,38,2
2381,560,38,2
2382,561,39,2
2383,562,38,2
2384,562,37,2
2385,563,39,2
2386,1208,32,3
2387,1209,32,2
2388,1214,32,3
2389,1215,32,3
2390,1216,32,3
2391,1217,32,3
2392,1215,33,2
2393,1216,33,2
2394,1217,33,2
2395,1115,32,3
2396,1117,32,3
2397,1118,32,3
2398,1121,32,3
2399,1123,32,3
2400,1124,32,3
2401,1124,33,2
2402,1118,33,2
2403,1773,67,3
2404,1774,64,3
2405,1775,67,3
2406,1776,64,3
2407,1777,64,3
2408,1778,50,2
2409,1779,50,2
2410,1780,50,2
2411,1781,50,2
2412,1782,50,2
2413,1767,32,2
2414,1768,33,3
2415,1768,34,2
2416,1769,32,2
2417,1770,32,3
2418,1771,32,3
2419,1772,32,3
2420,1251,53,2
2421,1252,53,2
2422,1253,53,2
2423,1254,53,2
2424,1255,53,2
2425,1374,53,2
2426,1251,54,2
2427,1252,54,2
2428,1253,54,2
2429,1254,54,2
2430,1255,54,2
2431,1374,54,2
2432,1251,55,2
2433,1251,56,2
2434,1252,55,2
2435,1253,55,2
2436,1254,55,2
2437,1255,55,2
2438,1374,55,2
2439,1252,56,2
2440,1253,56,2
2441,1254,56,2
2442,1255,56,2
2443,1374,56,2
2444,1251,37,2
2445,1255,37,2
2446,1255,38,2
2447,1255,39,2
2448,1374,37,2
2449,1252,37,2
2450,1253,37,2
2451,1254,37,2
2452,1251,38,2
2453,1251,39,2
2454,1252,38,2
2455,1252,39,2
2456,1253,38,2
2457,1374,38,2
2458,1374,39,2
2459,1254,39,2
2460,1254,38,2
2461,1253,39,2
2462,1374,47,1
2463,1255,47,1
2464,1252,47,1
2465,1251,63,2
2466,1252,63,2
2467,1253,63,2
2468,1254,63,2
2469,1255,63,2
2470,1251,66,2
2471,1251,69,2
2472,1252,66,2
2473,1252,69,2
2474,1253,66,2
2475,1254,66,2
2476,1374,63,2
2477,1255,66,2
2478,1374,66,2
2479,1253,69,2
2480,1254,69,2
2481,1255,69,2
2482,1374,69,2
2483,1155,53,3
2484,1157,53,3
2485,1159,53,3
2486,1161,53,2
2487,1164,53,2
2488,1251,32,2
2489,1251,33,2
2490,1251,34,2
2491,1252,32,2
2492,1252,33,2
2493,1252,34,2
2494,1253,32,2
2495,1253,33,2
2496,1253,34,2
2497,1254,32,2
2498,1254,33,2
2499,1254,34,2
2500,1255,32,2
2501,1255,33,2
2502,1255,34,2
2503,1374,32,2
2504,1374,33,2
2505,1374,34,2
2506,1155,54,2
2507,1157,54,2
2508,1159,54,2
2509,1161,54,2
2510,1164,54,2
2511,1155,56,2
2512,1157,56,2
2513,1159,56,2
2514,1161,56,2
2515,1164,56,2
2516,480,50,3
2517,481,50,3
2518,482,50,3
2519,483,50,3
2520,484,50,3
2521,485,50,3
2522,480,51,3
2523,481,51,3
2524,482,51,3
2525,483,51,3
2526,484,51,3
2527,485,51,3
2528,480,52,3
2529,481,52,3
2530,482,52,3
2531,483,52,3
2532,484,52,3
2533,485,52,3
2534,1267,53,2
2535,1268,53,2
2536,1268,54,2
2537,1267,54,2
2538,952,66,3
2539,953,63,1
2540,953,66,3
2541,955,63,1
2542,955,66,3
2543,956,66,3
2544,958,63,2
2545,958,66,3
2546,1805,32,1
2547,1805,33,1
2548,1806,32,1
2549,1806,33,1
2550,1807,32,1
2551,1807,33,1
2552,1808,32,1
2553,1810,34,1
2554,1823,23,1
2555,1823,27,1
2556,1823,30,1
2557,788,40,3
2558,789,40,3
2559,790,40,3
2560,791,40,3
2561,792,40,3
2562,793,40,3
2563,788,41,2
2564,789,41,2
2565,790,41,2
2566,791,41,2
2567,792,41,2
2568,793,41,2
2569,788,42,2
2570,789,42,2
2571,790,42,2
2572,791,42,2
2573,792,42,2
2574,793,42,2
2575,1267,55,3
2576,1267,56,3
2577,1268,56,2
2578,1268,55,2
2579,1273,56,3
2580,1273,53,2
2581,1273,54,2
2582,1273,55,2
2583,1274,56,2
2584,1274,53,2
2585,1274,54,2
2586,1274,55,2
2587,1275,55,2
2588,1275,56,2
2589,1275,54,3
2590,1275,53,2
2591,1731,53,1
2592,1731,54,3
2593,1731,55,3
2594,1731,56,2
2595,1110,50,2
2596,1111,50,3
2597,1113,50,2
2598,1109,51,3
2599,1110,51,2
2600,1111,51,2
2601,1112,51,1
2602,1113,51,1
2603,251,32,3
2604,949,49,2
2605,943,48,2
2606,946,48,2
2607,946,47,2
2608,946,63,2
2609,949,69,2
2610,948,69,2
2611,943,69,2
2612,1791,37,3
2613,1792,37,3
2614,1791,38,3
2615,1792,38,3
2616,1791,39,1
2617,1792,39,1
2618,1793,39,1
2619,1794,39,1
2620,1795,39,1
2621,1796,39,1
2622,378,47,3
2623,379,47,2
2624,380,47,1
2625,381,47,1
2626,382,47,1
2627,384,47,1
2628,1826,25,1
2629,152,25,1
2630,1778,38,2
2631,1779,38,2
2632,1780,38,2
2633,1781,39,2
2634,1782,39,2
2635,1416,72,1
2636,1416,73,3
2637,1419,73,3
2638,1325,63,1
2639,1419,72,1
2640,1420,72,1
2641,1420,73,3
2642,1422,72,1
2643,1326,63,1
2644,1422,73,3
2645,1423,73,3
2646,1423,72,1
2647,1327,63,1
2648,1329,63,1
2649,1325,66,1
2650,1329,66,2
2651,1682,72,1
2652,1682,73,3
2653,1683,72,1
2654,1685,72,1
2655,1685,73,2
2656,1686,72,2
2657,1686,73,2
2658,1687,72,1
2659,1152,63,3
2660,1154,66,3
2661,603,72,2
2662,604,72,2
2663,605,72,2
2664,606,72,2
2665,1153,66,3
2666,607,72,2
2667,604,73,1
2668,606,73,3
2669,608,72,1
2670,609,72,1
2671,610,72,1
2672,611,72,1
2673,612,72,1
2674,608,73,2
2675,609,73,2
2676,610,73,2
2677,611,73,2
2678,612,73,2
2679,598,72,1
2680,1439,74,1
2681,599,72,1
2682,1441,74,1
2683,1442,74,1
2684,600,72,1
2685,1443,74,1
2686,1444,74,1
2687,601,72,1
2688,602,72,1
2689,1439,75,2
2690,1441,75,2
2691,1442,75,2
2692,1443,75,2
2693,1444,75,2
2694,224,72,3
2695,224,73,1
2696,1618,74,3
2697,1619,74,3
2698,1620,74,1
2699,1621,74,2
2700,1622,74,2
2701,225,72,3
2702,226,72,2
2703,227,72,2
2704,228,72,3
2705,228,73,1
2706,229,72,3
2707,229,73,1
2708,1619,75,2
2709,1620,75,3
2710,1621,75,2
2711,1622,75,3
2712,1618,75,2
2713,236,72,3
2714,236,73,1
2715,237,72,2
2716,238,72,3
2717,238,73,1
2718,240,72,2
2719,241,72,3
2720,241,73,1
2721,242,72,3
2722,242,73,1
2723,1363,74,1
2724,1364,74,2
2725,230,74,3
2726,230,75,1
2727,231,74,3
2728,232,74,2
2729,1365,74,1
2730,233,74,2
2731,1366,74,1
2732,234,74,3
2733,234,75,1
2734,235,74,3
2735,1367,74,1
2736,235,75,1
2737,1363,75,1
2738,1364,75,1
2739,1365,75,1
2740,1366,75,1
2741,1367,75,1
2742,598,73,2
2743,1839,74,1
2744,599,73,2
2745,600,73,2
2746,1840,74,1
2747,1841,74,1
2748,601,73,2
2749,1842,74,1
2750,602,73,2
2751,1843,74,1
2752,1839,75,2
2753,1840,75,2
2754,1841,75,2
2755,1842,75,2
2756,1843,75,2
2757,244,74,3
2758,244,75,1
2759,245,74,2
2760,246,74,3
2761,246,75,1
2762,247,74,2
2763,248,74,3
2764,248,75,1
2765,249,74,3
2766,249,75,1
2767,831,49,3
2768,828,49,2
2769,830,49,2
2770,832,49,2
2771,833,49,2
2772,829,49,2
2773,830,48,1
2774,832,48,1
2775,833,48,1
2776,829,48,1
2777,417,40,2
2778,418,40,3
2779,419,40,3
2780,1606,53,1
2781,1606,55,1
2782,1608,53,2
2783,1608,55,1
2784,1610,54,1
2785,1610,55,1
2786,1611,53,1
2787,1611,54,1
2788,1611,55,1
2789,1612,54,1
2790,1612,55,1
2791,1612,53,2
2792,1606,56,1
2793,480,37,3
2794,480,39,2
2795,481,39,3
2796,482,39,3
2797,482,37,3
2798,481,37,3
2799,481,38,3
2800,482,38,2
2801,483,37,3
2802,483,38,3
2803,483,39,3
2804,484,37,1
2805,484,38,1
2806,484,39,2
2807,485,37,2
2808,485,38,2
2809,485,39,1
2810,1606,50,1
2811,1606,52,1
2812,1608,50,2
2813,1608,52,1
2814,1610,51,1
2815,1610,52,1
2816,1611,50,1
2817,1611,51,1
2818,1611,52,1
2819,1612,50,2
2820,1612,51,1
2821,1612,52,1
2822,722,57,3
2823,723,57,3
2824,723,59,2
2825,724,57,2
2826,724,59,3
2827,725,57,2
2828,725,59,1
2829,1499,60,3
2830,1499,61,3
2831,1500,60,3
2832,1131,63,1
2833,1132,63,2
2834,1133,66,1
2835,1133,63,1
2836,1134,63,3
2837,1135,66,2
2838,1222,63,2
2839,1068,63,2
2840,1070,63,3
2841,1070,66,2
2842,1071,63,2
2843,1071,69,1
2844,1072,63,1
2845,497,53,3
2846,1073,63,2
2847,497,55,3
2848,1073,69,1
2849,1315,53,1
2850,1074,69,1
2851,1316,54,1
2852,1676,55,1
2853,1681,56,1
2854,1681,53,1
2855,1684,56,1
2856,1680,55,1
2857,1864,37,2
2858,1864,38,1
2859,1864,39,1
2860,1865,37,3
2861,1865,38,2
2862,1865,39,3
2863,1866,37,3
2864,1866,38,3
2865,1866,39,3
2866,1867,38,2
2867,1867,39,3
2868,1867,37,3
2869,1868,37,3
2870,1868,39,3
2871,1335,44,2
2872,1336,44,2
2873,1337,44,2
2874,1338,44,2
2875,1339,44,2
2876,1340,44,2
2877,1335,45,2
2878,1336,45,2
2879,1337,45,2
2880,1338,45,2
2881,1339,45,2
2882,1340,45,2
2883,1335,46,1
2884,1336,46,1
2885,1337,46,1
2886,1338,46,1
2887,1339,46,1
2888,1340,46,1
2889,253,55,1
2890,254,55,1
2891,255,54,1
2892,256,55,1
2893,257,55,1
2894,255,55,1
2895,1025,63,1
2896,1027,63,1
2897,1028,63,1
2898,1027,66,1
2899,1028,66,2
2900,1029,69,1
2901,1025,69,1
2902,480,53,2
2903,480,54,2
2904,480,55,2
2905,480,56,2
2906,481,53,2
2907,481,54,2
2908,481,55,2
2909,481,56,2
2910,482,53,2
2911,482,54,2
2912,482,55,2
2913,482,56,2
2914,483,53,2
2915,483,54,2
2916,483,55,2
2917,483,56,2
2918,484,53,2
2919,484,54,2
2920,484,55,2
2921,484,56,2
2922,485,53,2
2923,485,54,2
2924,485,55,2
2925,485,56,2
2926,1556,44,3
2927,1557,44,3
2928,1558,44,3
2929,1559,44,3
2930,1560,44,3
2931,1556,45,3
2932,1557,45,3
2933,1558,45,3
2934,1559,45,3
2935,1560,45,3
2936,1560,46,3
2937,1556,46,3
2938,1557,46,3
2939,1558,46,3
2940,1559,46,3
2941,1417,72,1
2942,1418,72,3
2943,1421,72,3
2944,1789,72,1
2945,1417,73,3
2946,1787,73,3
2947,1789,73,3
2948,1421,73,1
2949,1418,73,1
2950,1424,74,3
2951,1425,74,3
2952,1426,74,3
2953,1788,74,3
2954,1790,74,1
2955,1424,75,3
2956,1425,75,1
2957,1426,75,1
2958,1788,75,3
2959,1790,75,3
2960,1411,74,2
2961,1412,74,2
2962,1413,74,2
2963,1414,74,2
2964,1415,74,2
2965,1411,75,2
2966,721,63,3
2967,1412,75,2
2968,1413,75,2
2969,721,66,1
2970,1414,75,2
2971,1415,75,2
2972,722,63,2
2973,722,66,1
2974,723,63,2
2975,723,66,1
2976,724,66,2
2977,724,63,3
2978,726,63,3
2979,726,66,3
2980,725,63,1
2981,725,66,1
2982,482,40,3
2983,480,41,3
2984,482,42,3
2985,485,43,3
2986,485,40,3
2987,1320,54,1
2988,1320,55,1
2989,1321,55,1
2990,1320,56,1
2991,515,63,2
2992,1324,56,1
2993,515,66,3
2994,1323,53,1
2995,1322,53,1
2996,516,63,2
2997,516,66,2
2998,1324,54,1
2999,1322,56,1
3000,517,63,2
3001,1321,53,1
3002,517,66,2
3003,1323,54,1
3004,1322,54,1
3005,518,63,2
3006,518,66,2
3007,519,63,3
3008,519,66,2
3009,1260,53,3
3010,1260,54,1
3011,1260,56,2
3012,1261,56,3
3013,1261,53,2
3014,1261,54,1
3015,1263,56,1
3016,1263,53,2
3017,1263,54,3
3018,1264,56,1
3019,1265,56,2
3020,1265,53,2
3021,1265,54,2
3022,1266,56,3
3023,1266,53,2
3024,1266,54,2
3025,1264,53,1
3026,1264,54,2
3027,1368,44,2
3028,1369,44,2
3029,1370,44,3
3030,1371,44,2
3031,1372,44,2
3032,1440,44,2
3033,1368,45,2
3034,1369,45,3
3035,1370,45,2
3036,1371,45,1
3037,1372,45,3
3038,1440,45,3
3039,1368,46,1
3040,1369,46,2
3041,1370,46,1
3042,1371,46,3
3043,1372,46,1
3044,1725,40,1
3045,1440,46,2
3046,1725,41,1
3047,1725,42,1
3048,1725,43,1
3049,1726,40,1
3050,1726,41,1
3051,1726,42,1
3052,1726,43,1
3053,1727,40,1
3054,1727,41,1
3055,1727,42,1
3056,1727,43,1
3057,1728,40,1
3058,1728,41,1
3059,287,53,2
3060,1728,42,1
3061,1728,43,1
3062,1729,40,1
3063,1729,41,1
3064,1729,42,1
3065,1729,43,1
3066,1488,44,3
3067,1488,45,3
3068,1489,44,1
3069,1489,45,1
3070,1490,45,1
3071,1491,45,1
3072,1492,45,1
3073,1492,44,1
3074,419,41,3
3075,417,41,2
3076,417,42,2
3077,418,42,3
3078,412,42,2
3079,408,43,1
3080,420,40,2
3081,1521,44,1
3082,1521,45,2
3083,420,42,2
3084,1522,44,1
3085,418,41,2
3086,1522,45,1
3087,1523,44,1
3088,419,42,2
3089,1523,45,1
3090,420,41,2
3091,1524,44,3
3092,1524,45,1
3093,412,41,1
3094,1525,44,1
3095,1525,45,1
3096,1667,53,1
3097,1667,54,1
3098,1667,55,3
3099,1500,61,3
3100,1667,56,1
3101,1668,55,2
3102,1501,62,3
3103,1501,60,1
3104,1502,61,2
3105,1502,62,2
3106,1505,60,3
3107,1669,56,1
3108,1505,61,1
3109,1669,53,2
3110,1669,55,1
3111,1670,53,3
3112,1500,62,2
3113,1670,55,1
3114,1670,56,1
3115,1671,56,1
3116,1671,53,3
3117,1671,54,2
3118,1521,46,1
3119,1672,54,1
3120,1672,55,3
3121,1672,56,2
3122,400,40,3
3123,401,40,3
3124,402,40,3
3125,403,40,3
3126,1872,40,3
3127,400,41,3
3128,401,41,3
3129,402,41,3
3130,403,41,3
3131,1872,41,3
3132,400,42,1
3133,401,42,2
3134,402,42,3
3135,403,42,3
3136,1872,42,3
3137,408,41,2
3138,559,40,3
3139,560,40,3
3140,561,40,3
3141,562,40,3
3142,563,40,3
3143,1778,40,2
3144,1779,43,2
3145,1780,40,2
3146,1781,40,2
3147,1782,43,2
3148,547,63,3
3149,548,63,3
3150,1026,57,1
3151,1027,57,1
3152,549,66,3
3153,1028,57,2
3154,550,63,3
3155,1026,58,1
3156,551,63,3
3157,1028,58,1
3158,1029,58,1
3159,554,63,3
3160,1026,59,1
3161,1027,59,3
3162,1028,59,2
3163,1201,37,3
3164,1201,38,2
3165,1201,39,2
3166,870,44,2
3167,1202,37,3
3168,1202,38,2
3169,1202,39,2
3170,1203,37,3
3171,1203,38,1
3172,1203,39,3
3173,871,44,3
3174,1204,37,3
3175,1204,38,1
3176,1204,39,1
3177,1205,37,3
3178,1205,38,1
3179,1205,39,2
3180,872,44,2
3181,1847,37,3
3182,874,44,1
3183,1847,38,2
3184,873,44,3
3185,1847,39,2
3186,873,45,1
3187,874,45,2
3188,870,45,1
3189,871,45,3
3190,872,45,2
3191,874,46,3
3192,870,46,2
3193,871,46,2
3194,872,46,3
3195,873,46,2
3196,404,40,2
3197,404,41,2
3198,404,42,2
3199,404,43,2
3200,405,40,2
3201,405,41,2
3202,405,42,2
3203,405,43,2
3204,406,40,2
3205,406,41,2
3206,406,42,2
3207,406,43,2
3208,407,40,2
3209,407,41,2
3210,407,42,2
3211,407,43,2
3212,1814,40,2
3213,1814,41,2
3214,1814,42,2
3215,1814,43,2
3216,346,40,2
3217,1853,63,3
3218,1854,66,3
3219,1606,59,1
3220,1855,63,2
3221,1856,63,3
3222,1857,66,3
3223,1238,63,2
3224,1239,63,2
3225,1240,63,2
3226,1241,63,3
3227,1242,63,2
3228,1218,63,1
3229,1219,63,2
3230,1220,63,2
3231,1221,63,2
3232,1291,63,1
3233,1317,41,1
3234,1317,42,1
3235,1811,41,1
3236,1811,42,1
3237,1812,40,1
3238,1812,41,1
3239,1812,42,1
3240,1813,41,1
3241,1858,41,1
3242,1858,42,2
3243,1859,42,2
3244,356,42,3
3245,357,42,2
3246,358,42,2
3247,359,42,1
3248,1813,42,1
3249,1404,42,1
3250,355,42,3
3251,253,47,1
3252,254,47,1
3253,255,47,1
3254,257,47,2
3255,239,47,1
3256,243,47,1
3257,250,47,1
3258,251,47,2
3259,1730,47,1
3260,1433,44,3
3261,1434,44,3
3262,1435,44,1
3263,1436,44,2
3264,1437,44,1
3265,1438,44,1
3266,1433,45,3
3267,1434,45,3
3268,1435,45,1
3269,1436,45,3
3270,1437,45,2
3271,1438,45,1
3272,1437,46,1
3273,1375,44,3
3274,1376,44,3
3275,1377,44,3
3276,1378,44,2
3277,1379,44,2
3278,1380,44,1
3279,1375,45,3
3280,1376,45,3
3281,1377,45,3
3282,1378,45,2
3283,1379,45,1
3284,1380,45,2
3285,1574,38,2
3286,1575,38,2
3287,1576,38,1
3288,1577,38,2
3289,1578,38,1
3290,1579,38,1
3291,497,33,1
3292,1393,41,2
3293,1394,41,2
3294,1395,41,2
3295,1396,41,2
3296,1397,41,2
3297,1398,41,2
3298,1393,42,2
3299,1394,42,2
3300,1395,42,2
3301,1396,42,2
3302,1397,42,2
3303,1398,42,2
3304,1398,43,2
3305,185,50,2
3306,184,51,2
3307,185,51,3
3308,187,51,2
3309,184,52,3
3310,185,52,3
3311,186,52,3
3312,187,52,3
3313,188,52,3
3314,189,52,3
3315,806,52,3
3316,807,52,3
3317,808,52,3
3318,809,52,3
3319,810,52,3
3320,1078,57,2
3321,1079,57,2
3322,1078,58,1
3323,1080,58,1
3324,1827,49,3
3325,1828,49,3
3326,1829,49,3
3327,1830,49,3
3328,1827,43,2
3329,1828,43,2
3330,1829,43,2
3331,1830,43,2
3332,1831,43,2
3333,1833,43,2
3334,1053,31,2
3335,1053,28,1
3336,1054,28,1
3337,1056,28,2
3338,1063,28,2
3339,1064,28,2
3340,1341,40,2
3341,1342,40,3
3342,1343,40,1
3343,1344,40,1
3344,1345,40,1
3345,1341,41,1
3346,1342,41,3
3347,1343,41,3
3348,1344,41,1
3349,1345,41,3
3350,1341,42,1
3351,1342,42,3
3352,1343,42,1
3353,1344,42,2
3354,1345,42,1
3355,1341,43,1
3356,1342,43,1
3357,1343,43,1
3358,1344,43,1
3359,1345,43,1
3360,1348,40,3
3361,1349,40,3
3362,1346,41,3
3363,1347,41,2
3364,1348,41,3
3365,1350,41,3
3366,1346,42,2
3367,1347,42,2
3368,1348,42,1
3369,1783,32,3
3370,1784,32,3
3371,1884,32,3
3372,1785,33,3
3373,1786,33,3
3374,1785,32,3
3375,1786,32,3
3376,1860,48,2
3377,1861,47,1
3378,1861,48,2
3379,1885,50,3
3380,1885,51,3
3381,1885,52,3
3382,1886,51,3
3383,1886,52,3
3384,1886,50,3
3385,1887,50,3
3386,1887,51,3
3387,1887,52,3
3388,1888,52,3
3389,1888,50,3
3390,1888,51,3
3391,1889,52,3
3392,1889,50,3
3393,1889,51,3
3394,1890,51,2
3395,1890,52,3
3396,1890,50,3
3397,1892,33,3
3398,1892,34,3
3399,1026,51,1
3400,1027,52,1
3401,1028,52,1
3402,498,32,1
3403,1515,63,2
3404,1516,63,2
3405,1517,63,2
3406,1518,63,2
3407,1519,63,2
3408,1520,63,2
3409,1515,66,2
3410,1516,66,2
3411,1517,66,2
3412,1518,66,2
3413,1519,66,2
3414,1520,66,2
3415,1515,69,2
3416,1516,69,2
3417,1517,69,2
3418,1518,69,2
3419,1519,69,2
3420,1520,69,2
3421,477,53,1
3422,477,56,1
3423,477,54,1
3424,478,54,1
3425,478,56,1
3426,478,53,1
3427,479,53,1
3428,479,54,1
3429,479,56,1
3430,1030,53,1
3431,1030,54,1
3432,1030,56,1
3433,1031,53,1
3434,1031,54,1
3435,1031,56,1
3436,559,37,2
3437,560,37,2
3438,561,37,2
3439,563,37,2
3440,561,38,2
3441,563,38,2
3442,560,39,2
3443,562,39,2
3444,559,39,2
3445,1633,65,2
3446,1634,65,2
3447,1635,65,2
3448,1636,65,2
3449,1636,68,2
3450,1638,68,2
3451,1634,68,2
3452,1635,68,2
3453,1899,53,2
3454,1899,54,2
3455,1899,55,2
3456,1647,64,2
3457,1649,64,2
3458,1650,64,2
3459,1652,64,2
3460,1652,67,2
3461,1654,67,2
3462,1649,67,2
3463,1650,67,2
3464,1900,53,2
3465,1901,56,2
3466,1597,65,2
3467,1598,65,2
3468,1599,65,2
3469,1902,53,2
3470,1600,65,2
3471,1601,65,2
3472,1602,65,2
3473,1597,68,2
3474,1598,68,2
3475,1599,68,2
3476,1600,68,2
3477,1900,55,2
3478,1601,68,2
3479,1602,68,2
3480,1597,71,2
3481,1598,71,2
3482,1903,55,2
3483,1599,71,2
3484,1600,71,2
3485,1601,71,2
3486,1602,71,2
3487,343,41,1
3488,343,42,2
3489,344,40,2
3490,344,41,2
3491,344,42,2
3492,345,41,1
3493,345,42,2
3494,1613,40,1
3495,1613,41,2
3496,1613,42,2
3497,1846,40,2
3498,1846,41,2
3499,1846,42,3
3500,1405,54,2
3501,1405,53,2
3502,949,34,2
3503,1406,53,2
3504,948,34,2
3505,1406,56,2
3506,1407,53,2
3507,1408,54,3
3508,1410,54,3
3509,1409,54,3
3510,960,64,3
3511,961,64,3
3512,963,64,3
3513,960,67,3
3514,962,67,3
3515,962,70,3
3516,959,70,3
3517,1924,53,1
3518,1924,55,1
3519,1925,53,1
3520,1925,54,1
3521,1925,55,1
3522,1926,53,1
3523,1927,54,1
3524,1928,54,1
3525,1929,54,1
3526,1603,64,3
3527,1604,64,3
3528,1605,64,2
3529,1922,64,2
3530,1923,64,1
3531,1603,67,2
3532,1604,67,2
3533,1605,67,3
3534,1922,67,2
3535,1923,67,2
3536,1603,70,2
3537,1604,70,2
3538,1605,70,2
3539,949,32,2
3540,1922,70,3
3541,1923,70,2
3542,1930,53,2
3543,1931,53,2
3544,1932,53,2
3545,1933,53,2
3546,1934,53,2
3547,1935,53,2
3548,1930,55,2
3549,1933,55,2
3550,1931,55,2
3551,346,41,1
3552,1932,55,2
3553,1934,55,2
3554,346,42,1
3555,1935,55,2
3556,347,40,1
3557,347,41,1
3558,347,42,1
3559,348,40,1
3560,348,41,1
3561,348,42,1
3562,349,42,1
3563,1844,41,1
3564,1844,42,1
3565,1845,41,1
3566,1845,42,1
3567,839,40,3
3568,840,40,3
3569,841,40,3
3570,842,40,3
3571,843,40,3
3572,844,40,3
3573,839,42,3
3574,840,42,3
3575,841,42,3
3576,842,42,3
3577,843,42,3
3578,844,42,3
3579,1778,37,2
3580,1779,37,2
3581,1780,37,2
3582,1781,37,2
3583,1782,37,2
3584,1781,38,2
3585,1782,38,2
3586,1778,39,2
3587,1779,39,2
3588,1780,39,2
3589,186,50,2
3590,636,63,2
3591,637,63,2
3592,638,63,2
3593,639,63,2
3594,640,63,2
3595,641,63,2
3596,636,66,2
3597,637,66,2
3598,638,66,2
3599,639,66,2
3600,640,66,2
3601,641,66,2
3602,636,69,2
3603,637,69,2
3604,638,69,2
3605,639,69,2
3606,640,69,2
3607,641,69,2
3608,1936,37,3
3609,1936,38,3
3610,1936,39,2
3611,1937,39,3
3612,1937,37,2
3613,1937,38,2
3614,1940,37,2
3615,719,25,2
3616,719,28,2
3617,719,31,2
3618,720,25,2
3619,749,25,2
3620,1938,37,3
3621,1938,38,2
3622,1938,39,3
3623,1939,37,3
3624,1939,38,2
3625,1939,39,3
3626,1940,38,2
3627,1940,39,3
3628,720,31,2
3629,757,25,2
3630,372,50,2
3631,758,25,2
3632,372,52,2
3633,749,28,2
3634,749,31,2
3635,756,31,2
3636,373,50,2
3637,757,31,2
3638,758,31,2
3639,1941,65,2
3640,1941,68,2
3641,374,52,2
3642,374,50,2
3643,374,51,2
3644,1942,65,2
3645,1942,68,2
3646,1942,71,2
3647,375,50,2
3648,376,50,2
3649,376,51,2
3650,727,43,3
3651,1827,69,1
3652,377,51,2
3653,1828,69,1
3654,1648,65,3
3655,1648,68,2
3656,728,63,2
3657,1648,71,1
3658,729,63,2
3659,1651,65,1
3660,730,63,2
3661,1651,68,3
3662,731,63,2
3663,1651,71,1
3664,732,63,2
3665,1653,65,3
3666,1653,68,2
3667,1653,71,1
3668,727,40,3
3669,728,40,3
3670,728,42,1
3671,729,42,1
3672,1943,65,2
3673,1943,68,2
3674,759,25,1
3675,730,40,1
3676,761,25,1
3677,762,25,1
3678,1944,65,2
3679,1944,68,2
3680,767,25,1
3681,769,25,1
3682,732,40,3
3683,770,25,1
3684,731,42,1
3685,732,42,1
3686,759,28,1
3687,761,28,2
3688,762,28,1
3689,767,28,1
3690,762,31,1
3691,767,31,1
3692,759,31,2
3693,761,31,1
3694,769,31,2
3695,770,31,2
3696,769,28,1
3697,770,28,1
3698,1655,64,2
3699,1656,64,3
3700,1657,64,3
3701,1658,64,3
3702,1659,64,2
3703,1660,64,2
3704,1086,57,3
3705,1087,57,1
3706,1655,67,2
3707,1088,57,2
3708,1656,67,2
3709,1089,57,2
3710,1090,57,3
3711,1657,67,3
3712,1091,57,3
3713,1658,67,3
3714,1659,67,2
3715,1086,58,3
3716,1660,67,2
3717,1087,58,1
3718,1088,58,2
3719,1089,58,2
3720,1090,58,1
3721,1091,58,3
3722,1086,59,3
3723,1087,59,1
3724,1088,59,1
3725,1089,59,3
3726,1090,59,3
3727,1091,59,2
3728,1689,50,2
3729,1689,51,2
3730,1655,70,1
3731,1690,50,2
3732,1656,70,1
3733,1690,51,2
3734,1690,52,2
3735,1659,70,1
3736,1660,70,1
3737,1691,52,2
3738,1657,70,1
3739,1691,51,2
3740,1693,52,2
3741,1693,50,2
3742,1694,50,2
3743,1694,51,2
3744,1694,52,2
3745,1827,38,1
3746,1827,39,1
3747,375,34,1
3748,372,34,1
3749,373,34,1
3750,374,34,1
3751,376,34,1
3752,377,34,1
3753,377,32,1
3754,372,32,1
3755,1689,34,1
3756,1690,34,1
3757,1691,34,1
3758,1693,34,1
3759,1694,34,1
3760,1945,57,1
3761,1947,57,1
3762,1948,57,1
3763,1949,57,1
3764,1950,57,1
3765,1951,57,1
3766,1945,58,1
3767,1947,58,1
3768,1948,58,1
3769,1949,58,1
3770,1950,58,1
3771,1951,58,1
3772,1945,59,1
3773,1947,59,1
3774,1948,59,1
3775,1949,59,1
3776,1950,59,1
3777,1951,59,1
3778,1037,33,1
3779,1037,34,2
3780,1038,32,3
3781,1038,33,2
3782,1038,34,2
3783,1039,32,1
3784,1039,33,1
3785,1040,32,2
3786,1040,33,3
3787,1040,34,2
3788,1041,32,2
3789,1041,33,1
3790,1041,34,1
3791,1042,32,3
3792,1042,33,2
3793,1959,37,2
3794,1956,37,2
3795,1957,37,2
3796,1958,37,2
3797,1960,37,2
3798,1961,37,2
3799,1956,39,2
3800,1958,39,2
3801,1960,39,2
3802,1961,39,2
3803,959,65,2
3804,960,65,2
3805,960,68,2
3806,961,65,2
3807,961,68,2
3808,960,71,2
3809,961,71,2
3810,962,68,2
3811,962,71,2
3812,962,65,2
3813,963,68,2
3814,963,71,2
3815,964,65,3
3816,964,68,3
3817,965,65,3
3818,965,68,3
3819,966,68,3
3820,967,68,3
3821,967,65,3
3822,968,65,3
3823,968,68,3
3824,1738,57,3
3825,1739,57,3
3826,1739,58,3
3827,1741,58,3
3828,1742,57,3
3829,1974,57,1
3830,1974,59,1
3831,1976,58,1
3832,1977,59,1
3833,1979,57,1
3834,1279,76,1
3835,1279,77,2
3836,1279,78,2
3837,1280,76,3
3838,1282,76,3
3839,1280,78,1
3840,1280,77,2
3841,1282,77,2
3842,1281,76,3
3843,1281,77,1
3844,1281,78,1
3845,1282,78,1
3846,1283,76,3
3847,1283,77,2
3848,1283,78,2
3849,1284,76,1
3850,1284,77,3
3851,1284,78,2
3852,1272,76,2
3853,1276,76,2
3854,1277,76,3
3855,1278,76,2
3856,1290,76,2
3857,1272,77,2
3858,1276,77,1
3859,1277,77,2
3860,1278,77,2
3861,1276,78,1
3862,1272,78,1
3863,1277,78,3
3864,1290,77,1
3865,1278,78,2
3866,1290,78,2
3867,995,76,2
3868,995,77,2
3869,995,78,2
3870,996,76,2
3871,996,77,2
3872,996,78,2
3873,997,76,2
3874,997,77,2
3875,997,78,2
3876,998,76,2
3877,998,77,2
3878,999,76,2
3879,999,77,2
3880,999,78,2
3881,1000,76,2
3882,1000,77,2
3883,1000,78,2
3884,998,78,2
3885,1904,60,3
3886,1905,60,3
3887,1906,60,3
3888,1907,60,3
3889,1908,61,3
3890,1904,61,3
3891,1905,61,3
3892,1906,61,3
3893,1907,61,3
3894,1908,62,3
3895,1904,62,3
3896,1905,62,3
3897,1906,62,3
3898,1907,62,3
3899,882,50,3
3900,834,37,2
3901,834,38,2
3902,834,39,2
3903,835,37,1
3904,835,38,1
3905,835,39,2
3906,836,37,3
3907,836,38,2
3908,836,39,3
3909,837,38,2
3910,837,37,3
3911,837,39,3
3912,838,37,3
3913,838,38,2
3914,838,39,3
3915,1200,44,3
3916,1229,44,3
3917,1230,44,3
3918,1231,44,3
3919,1232,44,3
3920,1175,44,3
3921,1175,45,3
3922,1175,46,3
3923,1176,44,3
3924,1176,45,3
3925,1176,46,3
3926,1177,44,3
3927,1177,45,3
3928,1177,46,3
3929,1178,44,3
3930,1178,45,3
3931,1178,46,3
3932,1179,44,3
3933,1179,45,3
3934,1179,46,3
3935,1180,44,3
3936,1180,45,3
3937,1180,46,3
3938,794,50,2
3939,795,50,2
3940,796,50,2
3941,797,50,2
3942,798,50,2
3943,799,50,2
3944,794,51,1
3945,795,51,1
3946,796,51,1
3947,797,51,1
3948,798,51,1
3949,799,51,1
3950,794,52,3
3951,795,52,3
3952,796,52,3
3953,797,52,3
3954,798,52,3
3955,799,52,3
3956,480,32,1
3957,481,32,1
3958,482,32,1
3959,483,32,1
3960,484,32,1
3961,485,32,1
3962,480,33,1
3963,481,33,1
3964,482,33,1
3965,483,33,1
3966,484,33,1
3967,485,33,1
3968,480,34,1
3969,481,34,1
3970,482,34,1
3971,483,34,1
3972,484,34,1
3973,485,34,1
3974,480,44,2
3975,480,45,2
3976,480,46,2
3977,481,44,2
3978,481,45,2
3979,481,46,2
3980,482,44,2
3981,482,45,2
3982,482,46,2
3983,483,44,2
3984,483,45,2
3985,483,46,2
3986,484,44,2
3987,484,45,2
3988,484,46,2
3989,485,44,2
3990,485,45,2
3991,485,46,2
3992,1799,25,2
3993,1799,28,2
3994,1799,31,2
3995,1800,28,2
3996,1800,31,2
3997,1803,25,2
3998,452,33,2
3999,453,33,2
4000,455,33,1
4001,456,32,3
4002,2013,37,2
4003,2015,37,3
4004,2016,37,2
4005,2014,37,2
4006,2012,38,2
4007,2013,38,2
4008,2014,38,2
4009,2015,38,1
4010,2016,38,2
4011,2013,39,2
4012,2014,39,2
4013,2016,39,2
4014,2017,25,2
4015,2019,31,2
4016,2018,28,1
4017,2020,31,3
4018,2021,25,3
4019,2018,31,2
4020,2021,28,2
4021,2017,31,1
4022,2050,44,3
4023,2051,44,2
4024,2052,44,3
4025,2053,44,3
4026,2054,44,3
4027,2055,44,2
4028,2050,45,2
4029,2051,45,3
4030,2052,45,3
4031,2053,45,3
4032,2054,45,2
4033,2055,45,1
4034,2059,44,2
4035,2060,44,3
4036,2061,44,3
4037,2062,44,3
4038,2063,44,3
4039,2064,44,2
4040,2059,45,3
4041,2060,45,2
4042,2061,45,3
4043,2062,45,3
4044,2063,45,2
4045,2064,45,3
4046,2059,46,1
4047,2061,46,3
4048,2063,46,3
4049,2064,46,2
4050,2081,23,2
4051,2082,27,2
4052,2083,30,1
4053,2084,23,2
4054,2085,27,3
4055,2086,23,2
4056,2087,25,1
4057,2088,31,1
4058,2089,31,3
4059,2090,31,2
4060,2091,31,1
4061,2089,25,1
4062,2088,25,2
4063,2092,25,2
4064,2093,37,3
4065,2094,37,3
4066,2095,37,3
4067,2096,37,3
4068,2097,37,3
4069,2093,39,2
4070,2094,39,2
4071,2095,39,2
4072,2096,39,2
4073,2097,39,2
4074,2098,37,2
4075,2099,37,2
4076,2100,37,2
4077,2101,37,2
4078,2102,37,2
4079,2098,38,3
4080,2113,37,3
4081,2113,38,2
4082,2113,39,3
4083,2114,37,3
4084,2114,38,3
4085,2114,39,3
4086,2115,37,1
4087,2115,38,1
4088,2115,39,2
4089,2116,37,1
4090,2116,38,3
4091,2116,39,1
4092,2117,37,1
4093,2117,38,2
4094,2117,39,3
4095,2022,25,2
4096,2022,28,3
4097,2023,28,2
4098,2023,31,1
4099,2024,25,3
4100,2024,28,2
4101,2024,31,1
4102,2025,25,1
4103,2025,28,2
4104,2026,25,3
4105,2026,31,1
4106,2027,25,1
4107,2027,28,2
4108,2027,31,1
4109,2118,37,3
4110,2118,39,2
4111,2119,37,2
4112,2103,37,2
4113,2105,37,3
4114,2106,37,3
4115,2107,37,3
4116,2120,37,3
4117,2120,38,1
4118,2120,39,2
4119,2121,37,2
4120,2121,38,1
4121,2106,38,2
4122,2107,38,2
4123,2103,38,2
4124,2104,38,1
4125,2105,38,2
4126,2121,39,3
4127,2106,39,3
4128,2107,39,3
4129,2103,39,2
4130,2104,39,2
4131,2105,39,3
4132,2108,37,3
4133,2109,37,3
4134,2110,37,3
4135,2111,37,3
4136,2112,37,3
4137,2108,38,2
4138,2109,38,2
4139,2110,38,1
4140,2122,37,2
4141,2111,38,1
4142,2122,39,1
4143,2112,38,1
4144,2108,39,3
4145,2109,39,3
4146,2111,39,2
4147,2112,39,2
4148,2034,25,1
4149,2034,28,2
4150,2035,28,3
4151,2035,31,1
4152,2036,25,1
4153,2036,28,3
4154,2037,25,1
4155,2037,28,2
4156,2038,25,1
4157,2038,28,2
4158,2038,31,3
4159,2039,31,3
4160,2039,28,2
4161,2124,37,2
4162,2124,38,2
4163,2124,39,2
4164,2125,37,2
4165,2125,38,2
4166,2125,39,2
4167,2126,37,2
4168,2126,38,2
4169,2126,39,2
4170,2127,37,2
4171,2127,38,2
4172,2127,39,2
4173,2128,37,2
4174,2128,38,2
4175,2128,39,2
4176,2123,37,3
4177,2134,37,3
4178,2135,37,3
4179,2136,37,3
4180,2137,37,3
4181,2123,39,2
4182,2134,39,2
4183,2135,39,2
4184,2136,39,2
4185,2137,39,2
4186,2149,37,2
4187,2150,37,2
4188,2151,37,2
4189,2152,37,2
4190,2153,37,1
4191,2152,38,1
4192,2153,38,1
4193,2149,39,1
4194,2150,39,1
4195,2151,39,1
4196,2138,37,3
4197,2139,37,3
4198,2154,37,1
4199,2155,37,3
4200,2156,37,3
4201,2157,37,3
4202,2158,37,3
4203,2155,38,1
4204,2156,38,1
4205,2157,38,1
4206,2157,39,3
4207,2158,39,2
4208,2154,39,2
4209,2155,39,3
4210,2156,39,3
4211,2129,38,2
4212,2129,39,2
4213,2129,37,2
4214,2130,37,2
4215,2130,38,2
4216,2130,39,2
4217,2131,37,2
4218,2131,38,2
4219,2131,39,2
4220,2132,37,2
4221,2132,38,2
4222,2132,39,2
4223,2133,37,2
4224,2133,38,2
4225,2133,39,2
4226,2159,37,3
4227,2159,39,2
4228,2160,37,3
4229,2160,39,2
4230,2162,39,3
4231,2161,37,3
4232,2162,37,3
4233,2163,37,3
4234,2162,38,3
4235,2163,38,3
4236,2161,39,2
4237,2163,39,3
4238,2028,25,1
4239,2028,28,2
4240,2028,31,3
4241,2029,25,2
4242,2029,31,2
4243,2030,25,2
4244,2030,31,1
4245,2031,28,3
4246,2031,31,2
4247,2032,25,2
4248,2032,28,2
4249,2033,28,2
4250,2033,25,3
4251,2169,37,2
4252,2169,38,1
4253,2169,39,2
4254,2170,37,2
4255,2170,38,1
4256,2170,39,2
4257,2171,37,2
4258,2171,38,1
4259,2171,39,2
4260,2172,37,2
4261,2172,38,1
4262,2172,39,2
4263,2173,37,2
4264,2173,38,1
4265,2173,39,2
4266,2164,37,2
4267,2164,38,3
4268,2164,39,3
4269,2165,37,3
4270,2165,38,1
4271,2165,39,2
4272,2166,37,3
4273,2166,38,1
4274,2166,39,2
4275,2167,37,3
4276,2167,38,2
4277,2167,39,3
4278,2168,37,3
4279,2168,38,2
4280,2168,39,3
4281,2036,31,3
4282,2037,31,1
4283,2180,37,3
4284,2181,37,3
4285,2182,37,3
4286,2183,37,3
4287,2184,37,3
4288,2180,38,1
4289,2181,38,1
4290,2182,38,1
4291,2183,38,1
4292,2184,38,1
4293,2180,39,3
4294,2181,39,3
4295,2182,39,3
4296,2183,39,3
4297,2184,39,3
4298,2153,39,3
4299,2152,39,2
4300,2140,37,3
4301,2143,37,2
4302,2142,37,3
4303,2141,37,3
4304,2143,38,1
4305,2143,39,1
4306,2138,39,3
4307,2138,38,2
4308,2139,38,2
4309,2140,38,2
4310,2141,38,2
4311,2142,38,2
4312,2139,39,2
4313,2140,39,2
4314,2141,39,2
4315,2142,39,2
4316,2174,37,2
4317,2175,37,3
4318,2176,37,2
4319,2177,37,1
4320,2178,37,2
4321,2174,38,2
4322,2175,38,3
4323,2177,38,2
4324,2178,38,1
4325,2174,39,1
4326,2175,39,2
4327,2176,39,3
4328,2177,39,2
4329,2178,39,3
4330,2144,37,2
4331,2144,38,2
4332,2144,39,1
4333,2145,37,3
4334,2145,38,2
4335,2145,39,2
4336,2146,37,2
4337,2146,39,3
4338,2147,37,1
4339,2147,38,2
4340,2147,39,2
4341,2148,37,2
4342,2148,38,1
4343,2148,39,3
4344,2179,37,1
4345,2196,37,3
4346,2197,37,3
4347,2198,37,2
4348,2199,37,2
4349,2179,39,1
4350,2196,39,1
4351,2197,39,1
4352,2198,39,1
4353,2199,39,2
4354,2200,39,1
4355,2099,38,3
4356,2100,38,3
4357,2101,38,3
4358,2102,38,3
4359,2098,39,2
4360,2099,39,2
4361,2100,39,2
4362,2101,39,2
4363,2102,39,2
4364,2207,37,1
4365,2208,37,1
4366,2209,37,1
4367,2210,37,1
4368,2210,38,3
4369,2209,39,2
4370,2210,39,2
4371,2208,39,3
4372,2211,37,1
4373,2211,38,3
4374,2214,37,3
4375,2214,38,2
4376,2214,39,3
4377,2216,38,2
4378,2218,38,2
4379,2219,38,2
4380,2215,38,2
4381,2215,37,3
4382,2215,39,3
4383,2216,37,3
4384,2216,39,3
4385,2218,37,3
4386,2218,39,3
4387,2219,37,3
4388,2219,39,3
4389,2186,37,1
4390,2187,37,1
4391,2188,37,1
4392,2189,37,1
4393,2186,38,1
4394,2187,38,2
4395,2189,38,2
4396,2185,39,2
4397,2186,39,3
4398,2187,39,2
4399,2188,39,2
4400,2189,39,2
4401,2252,50,2
4402,2252,51,1
4403,2252,52,3
4404,2253,50,1
4405,2253,51,1
4406,2253,52,2
4407,2254,50,1
4408,2254,51,1
4409,2254,52,2
4410,2255,50,2
4411,2255,51,1
4412,2255,52,2
4413,2256,50,1
4414,2256,51,2
4415,2256,52,2
4416,2231,44,3
4417,2233,44,3
4418,2234,44,3
4419,2238,44,3
4420,2239,44,3
4421,2240,44,3
4422,2231,45,3
4423,2233,45,3
4424,2234,45,3
4425,2238,45,3
4426,2239,45,3
4427,2240,45,3
4428,2244,44,2
4429,2245,44,2
4430,2246,44,2
4431,2247,44,2
4432,2248,44,3
4433,2249,44,3
4434,2244,45,2
4435,2245,45,2
4436,2246,45,2
4437,2247,45,2
4438,2248,45,3
4439,2249,45,3
4440,2244,46,3
4441,2257,40,3
4442,2257,41,2
4443,2257,42,1
4444,2258,40,3
4445,2258,41,2
4446,2258,42,1
4447,2259,40,3
4448,2259,41,2
4449,2259,42,1
4450,2260,40,3
4451,2260,41,2
4452,2260,42,1
4453,2261,40,3
4454,2261,41,2
4455,2261,42,1
4456,2262,40,3
4457,2262,41,2
4458,2262,42,2
4459,2263,40,3
4460,2263,41,3
4461,2263,42,2
4462,2264,40,2
4463,2264,41,2
4464,2264,42,3
4465,2265,40,1
4466,2265,41,1
4467,2266,41,2
4468,2266,42,1
4469,2266,40,1
4470,2267,41,1
4471,2267,42,1
4472,2267,40,2
4473,2304,50,3
4474,2304,51,3
4475,2304,52,3
4476,2305,50,3
4477,2305,51,3
4478,2305,52,3
4479,2306,50,3
4480,2306,51,3
4481,2306,52,3
4482,2307,50,3
4483,2307,51,3
4484,2307,52,3
4485,2308,50,3
4486,2308,51,3
4487,2308,52,3
4488,2309,50,3
4489,2309,51,3
4490,2309,52,3
4491,2310,40,2
4492,2310,42,1
4493,2311,40,1
4494,2311,42,1
4495,2312,40,2
4496,2312,42,1
4497,2313,41,3
4498,2313,42,2
4499,2314,40,2
4500,2314,41,1
4501,2314,42,3
4502,2315,40,1
4503,2315,41,1
4504,2315,42,2
4505,2222,44,2
4506,2222,45,1
4507,2223,44,3
4508,2223,45,1
4509,2224,44,3
4510,2224,45,1
4511,2225,44,2
4512,2225,45,1
4513,2226,44,1
4514,2227,44,2
4515,2227,45,1
4516,2298,40,3
4517,2298,41,2
4518,2299,40,3
4519,2299,41,2
4520,2299,42,2
4521,2298,42,2
4522,2300,40,3
4523,2300,41,3
4524,2300,42,2
4525,2301,40,3
4526,2301,41,2
4527,2301,42,2
4528,2302,40,3
4529,2302,41,3
4530,2302,42,2
4531,2303,40,3
4532,2303,41,3
4533,2303,42,2
4534,2346,50,2
4535,2347,50,3
4536,2348,50,1
4537,2349,50,2
4538,2350,50,2
4539,2350,51,3
4540,2346,51,2
4541,2347,51,2
4542,2348,51,1
4543,2349,51,2
4544,2350,52,1
4545,2346,52,2
4546,2347,52,2
4547,2348,52,1
4548,2349,52,3
4549,2351,37,3
4550,2352,37,3
4551,2353,37,3
4552,2354,37,3
4553,2355,37,3
4554,2356,37,3
4555,2351,38,2
4556,2352,38,2
4557,2353,38,2
4558,2354,38,2
4559,2355,38,2
4560,2356,38,2
4561,2286,43,1
4562,2286,40,1
4563,2286,41,2
4564,2286,42,2
4565,2287,40,1
4566,2287,41,1
4567,2287,42,3
4568,2288,40,1
4569,2288,41,1
4570,2288,42,3
4571,2289,40,2
4572,2289,41,2
4573,2289,42,3
4574,2371,40,2
4575,2371,41,3
4576,2371,42,2
4577,2372,40,2
4578,2372,41,2
4579,2372,42,2
4580,2351,47,1
4581,2352,47,1
4582,2353,47,1
4583,2354,47,1
4584,2355,47,1
4585,2356,47,1
4586,2351,49,1
4587,2352,49,1
4588,2353,49,1
4589,2354,49,1
4590,2355,49,1
4591,2356,49,1
4592,2351,50,2
4593,2352,50,2
4594,2353,50,2
4595,2354,50,2
4596,2355,50,2
4597,2356,50,2
4598,2351,51,1
4599,2377,47,2
4600,2357,47,3
4601,2358,47,3
4602,2359,47,3
4603,2360,47,3
4604,2361,47,3
4605,2362,47,3
4606,2357,48,2
4607,2358,48,2
4608,2359,48,2
4609,2360,48,2
4610,2361,48,2
4611,2362,48,2
4612,2357,50,2
4613,2358,50,2
4614,2359,50,2
4615,2360,50,2
4616,2361,50,2
4617,2362,50,2
4618,2406,37,3
4619,2406,38,2
4620,2406,39,2
4621,2407,37,2
4622,2407,38,2
4623,2407,39,2
4624,2408,37,2
4625,2408,38,1
4626,2408,39,3
4627,2409,37,2
4628,2409,38,1
4629,2409,39,1
4630,2410,37,3
4631,2410,38,3
4632,2410,39,3
4633,2411,37,3
4634,2411,38,3
4635,2411,39,1
4636,2369,25,1
4637,2370,25,1
4638,2373,25,1
4639,2374,25,1
4640,2375,25,1
4641,2376,25,1
4642,2369,31,1
4643,2370,31,1
4644,2373,31,1
4645,2374,31,1
4646,2375,31,1
4647,2376,31,1
4648,2389,23,1
4649,2389,30,1
4650,2390,23,1
4651,2391,23,1
4652,2392,23,1
4653,2393,23,1
4654,2394,23,1
4655,2390,30,1
4656,2391,30,1
4657,2392,30,1
4658,2393,30,1
4659,2394,30,1
4660,2414,32,2
4661,2417,32,2
4662,2419,32,2
4663,2423,32,1
4664,2424,32,2
4665,2414,50,2
4666,2417,50,2
4667,2419,50,2
4668,2423,50,2
4669,2424,50,2
4670,2414,57,2
4671,2417,57,2
4672,2419,57,2
4673,2421,57,2
4674,2423,57,2
4675,2424,57,2
4676,2421,58,2
4677,2424,59,2
4678,2292,50,3
4679,2293,50,3
4680,2294,50,3
4681,2295,50,3
4682,2296,50,3
4683,2297,50,3
4684,2292,51,2
4685,2293,51,1
4686,2294,51,2
4687,2295,51,1
4688,2296,51,2
4689,2297,51,1
4690,2292,52,2
4691,2293,52,2
4692,2294,52,2
4693,2295,52,2
4694,2296,52,2
4695,2297,52,2
4696,2395,50,2
4697,2395,51,2
4698,2398,50,1
4699,2398,51,1
4700,2401,50,2
4701,2401,51,2
4702,2403,50,1
4703,2403,51,1
4704,2404,52,2
4705,2404,50,1
4706,2405,52,3
4707,2405,50,1
4708,2452,50,2
4709,2452,51,1
4710,2452,52,1
4711,2453,50,2
4712,2453,51,1
4713,2453,52,2
4714,2454,50,2
4715,2454,51,1
4716,2454,52,2
4717,2455,50,1
4718,2455,51,1
4719,2455,52,1
4720,2456,50,3
4721,2456,52,1
4722,2457,50,1
4723,2457,51,1
4724,2457,52,2
4725,2412,42,1
4726,2471,41,3
4727,2472,40,3
4728,2474,43,3
4729,2475,43,3
4730,2458,66,1
4731,2458,69,3
4732,2459,63,1
4733,2459,66,1
4734,2459,69,1
4735,2460,63,1
4736,2460,69,1
4737,2461,63,1
4738,2462,63,1
4739,2462,66,1
4740,2463,63,1
4741,2463,69,1
4742,2476,63,2
4743,2476,66,3
4744,2477,63,3
4745,2477,66,3
4746,2478,63,1
4747,2478,66,3
4748,2479,63,2
4749,2480,63,3
4750,2480,66,3
4751,2481,63,2
4752,2482,66,2
4753,2483,66,3
4754,2483,63,2
4755,2484,63,2
4756,2484,66,3
4757,2486,66,2
4758,2488,63,1
4759,2488,66,1
4760,2490,63,2
4761,2485,40,1
4762,2491,40,3
4763,2489,41,2
4764,2491,41,3
4765,2493,42,3
4766,2491,43,2
4767,2492,43,3
4768,2494,63,3
4769,2494,66,1
4770,2495,63,3
4771,2495,66,3
4772,2496,66,3
4773,2496,63,3
4774,2497,40,3
4775,2497,43,2
4776,2497,41,3
4777,2497,42,3
4778,2498,40,3
4779,2498,41,3
4780,2498,42,3
4781,2498,43,1
4782,2499,40,3
4783,2499,41,3
4784,2499,43,1
4785,2499,42,3
4786,2500,40,3
4787,2500,41,3
4788,2500,42,3
4789,2500,43,1
4790,2501,40,3
4791,2501,41,3
4792,2501,42,3
4793,2501,43,1
4794,2378,47,2
4795,2379,47,1
4796,2380,47,1
4797,2381,48,1
4798,2378,48,2
4799,2379,48,2
4800,2380,48,3
4801,2237,44,3
4802,2237,45,2
4803,2243,44,3
4804,2243,45,2
4805,2235,44,3
4806,2235,45,2
4807,2236,44,3
4808,2236,45,2
4809,2242,44,3
4810,2242,45,2
4811,2333,44,3
4812,2333,45,2
4813,2201,44,3
4814,2201,45,2
4815,2201,46,3
4816,2202,45,2
4817,2202,44,3
4818,2203,44,3
4819,2203,45,2
4820,2204,44,3
4821,2204,45,2
4822,2205,44,3
4823,2205,45,2
4824,2206,44,3
4825,2206,45,2
4826,2383,25,3
4827,2396,25,3
4828,2397,25,3
4829,2399,25,3
4830,2400,25,3
4831,2402,25,3
4832,2383,28,2
4833,2396,28,2
4834,2397,28,2
4835,2399,28,2
4836,2400,28,2
4837,2402,28,2
4838,2383,31,2
4839,2396,31,2
4840,2397,31,2
4841,2399,31,2
4842,2400,31,2
4843,2402,31,2
4844,2357,40,2
4845,2358,40,2
4846,2359,40,2
4847,2360,40,2
4848,2361,40,2
4849,2362,40,2
4850,2357,41,2
4851,2358,41,2
4852,2359,41,2
4853,2360,41,2
4854,2361,41,2
4855,2362,41,2
4856,2464,47,1
4857,2470,47,1
4858,2357,43,1
4859,2358,43,1
4860,2359,43,1
4861,2360,43,1
4862,2361,43,1
4863,2362,43,1
4864,2509,50,3
4865,2509,51,2
4866,2509,52,1
4867,2535,50,2
4868,2535,51,2
4869,2536,50,2
4870,2536,51,3
4871,2536,52,1
4872,2537,50,2
4873,2538,50,2
4874,2538,51,2
4875,2537,51,1
4876,2539,52,2
4877,2539,50,2
4878,2539,51,2
4879,2524,47,3
4880,2524,48,2
4881,2527,47,3
4882,2527,48,2
4883,2528,47,3
4884,2528,48,3
4885,2528,49,2
4886,2529,47,3
4887,2533,47,2
4888,2529,48,2
4889,2533,48,3
4890,2533,49,2
4891,2545,47,2
4892,2546,47,2
4893,2547,47,2
4894,2548,47,2
4895,2549,47,2
4896,2228,40,3
4897,2229,40,3
4898,2230,40,3
4899,2232,40,3
4900,2368,40,3
4901,2228,41,3
4902,2229,41,3
4903,2230,41,3
4904,2232,41,3
4905,2368,41,3
4906,2550,47,2
4907,2551,47,3
4908,2552,47,1
4909,2553,47,1
4910,2554,47,3
4911,2555,47,3
4912,2228,42,3
4913,2229,42,3
4914,2230,42,3
4915,2232,42,3
4916,2368,42,3
4917,2280,40,2
4918,2281,40,2
4919,2282,40,2
4920,2283,40,2
4921,2284,40,1
4922,2285,40,1
4923,2282,41,1
4924,2519,25,1
4925,2519,31,1
4926,2520,31,2
4927,2357,63,3
4928,2358,63,3
4929,2359,63,3
4930,2360,63,3
4931,2361,63,3
4932,2362,63,3
4933,2521,25,2
4934,2357,69,1
4935,2521,28,1
4936,2358,69,1
4937,2359,69,1
4938,2360,69,1
4939,2361,69,1
4940,2362,69,1
4941,2522,31,3
4942,2523,28,3
4943,2592,41,2
4944,2592,42,2
4945,2595,40,2
4946,2595,41,2
4947,2595,42,2
4948,2602,40,2
4949,2602,42,2
4950,2604,40,2
4951,2604,41,2
4952,2604,42,2
4953,2609,40,3
4954,2609,41,2
4955,2609,42,3
4956,2637,40,2
4957,2638,40,2
4958,2642,40,2
4959,2644,40,2
4960,2646,40,2
4961,2646,42,2
4962,2594,23,3
4963,2637,42,1
4964,2594,27,3
4965,2594,30,2
4966,2597,23,3
4967,2597,27,2
4968,2597,30,2
4969,2290,25,3
4970,2601,23,2
4971,2290,28,1
4972,2601,27,2
4973,2290,31,1
4974,2515,25,3
4975,2601,30,2
4976,2515,28,1
4977,2516,28,1
4978,2517,25,3
4979,2603,23,2
4980,2518,31,3
4981,2517,31,3
4982,2603,27,2
4983,2518,25,2
4984,2603,30,2
4985,2608,23,2
4986,2608,27,2
4987,2608,30,2
4988,2613,23,2
4989,2613,27,2
4990,2613,30,1
4991,2636,58,2
4992,2413,50,2
4993,2647,58,3
4994,2413,51,2
4995,2650,58,2
4996,2415,50,1
4997,2634,58,2
4998,2415,51,1
4999,2645,58,3
5000,2416,50,2
5001,2416,51,2
5002,2648,58,3
5003,2677,22,3
5004,2677,26,3
5005,2677,29,2
5006,2681,22,3
5007,2681,26,2
5008,2681,29,2
5009,2683,22,2
5010,2683,26,2
5011,2683,29,2
5012,2686,22,2
5013,2686,26,2
5014,2686,29,2
5015,2689,22,2
5016,2689,26,2
5017,2689,29,2
5018,2690,22,2
5019,2673,76,3
5020,2690,26,2
5021,2676,76,2
5022,2682,76,1
5023,2690,29,1
5024,2684,76,2
5025,2684,77,2
5026,2684,78,1
5027,2687,76,1
5028,2687,77,3
5029,2687,78,2
5030,2673,77,2
5031,2673,78,3
5032,2676,77,2
5033,2676,78,2
5034,2682,77,2
5035,2682,78,1
5036,2661,25,1
5037,2661,28,2
5038,2663,25,2
5039,2663,28,2
5040,2670,25,1
5041,2670,28,2
5042,2679,25,1
5043,1570,52,1
5044,1572,52,1
5045,1573,52,1
5046,2679,28,2
5047,2685,25,1
5048,2685,28,2
5049,2688,25,1
5050,2688,28,2
5051,2716,47,3
5052,2716,48,2
5053,2716,49,1
5054,2721,47,3
5055,2721,48,2
5056,2722,47,3
5057,2722,48,2
5058,2723,47,3
5059,2723,48,2
5060,2728,47,3
5061,2728,48,2
5062,2691,60,2
5063,2694,60,1
5064,2697,60,3
5065,2701,60,3
5066,2692,61,2
5067,2694,61,2
5068,2701,61,3
5069,2691,62,1
5070,2692,62,2
5071,2697,62,3
5072,2701,62,1
5073,2635,39,2
5074,2649,39,2
5075,2651,37,2
5076,2651,38,2
5077,2651,39,2
5078,2649,37,3
5079,2649,38,2
5080,2653,37,3
5081,2653,38,2
5082,2653,39,2
5083,2656,39,2
5084,2707,37,1
5085,2707,38,1
5086,2707,39,1
5087,2714,65,3
5088,2714,68,3
5089,2714,71,2
5090,2715,65,2
5091,2715,68,2
5092,2715,71,2
5093,2717,65,2
5094,2717,68,2
5095,2717,71,2
5096,2718,65,1
5097,2718,68,1
5098,2718,71,1
5099,2719,65,2
5100,2719,68,2
5101,2719,71,2
5102,2720,65,2
5103,2720,68,2
5104,2720,71,2
5105,2763,25,3
5106,2763,28,2
5107,2764,25,3
5108,2502,50,3
5109,2764,28,3
5110,2767,25,3
5111,2767,28,2
5112,2767,31,2
5113,2769,25,2
5114,2502,52,1
5115,2769,28,2
5116,2769,31,2
5117,2771,25,2
5118,2771,28,1
5119,2774,25,3
5120,2774,28,1
5121,2774,31,1
5122,2503,52,2
5123,2504,50,1
5124,2504,52,2
5125,2505,50,2
5126,2505,52,2
5127,2506,50,1
5128,2506,52,3
5129,2507,52,3
5130,2363,50,3
5131,2364,50,3
5132,2365,50,3
5133,2366,50,3
5134,2367,50,3
5135,2365,51,1
5136,2367,51,1
5137,2363,52,2
5138,2364,52,2
5139,2365,52,3
5140,2366,52,2
5141,2367,52,3
5142,2351,53,3
5143,2352,53,3
5144,2353,53,3
5145,2354,53,3
5146,2355,53,3
5147,2356,53,3
5148,2351,54,2
5149,2351,57,3
5150,2352,54,2
5151,2352,57,3
5152,2353,54,2
5153,2353,57,3
5154,2354,54,2
5155,2354,57,3
5156,2355,54,2
5157,2356,54,2
5158,2355,57,3
5159,2356,57,3
5160,2351,58,2
5161,2352,58,2
5162,2353,58,2
5163,2354,58,2
5164,2355,58,2
5165,2356,58,2
5166,2579,47,3
5167,2580,47,3
5168,2581,47,3
5169,2582,47,3
5170,2583,47,3
5171,2579,48,3
5172,2580,48,3
5173,2581,48,3
5174,2582,48,3
5175,2583,48,3
5176,2806,25,3
5177,2806,28,2
5178,2464,32,2
5179,2808,25,3
5180,2808,28,2
5181,2464,34,1
5182,2810,25,3
5183,2810,28,2
5184,2813,28,2
5185,2465,32,2
5186,2813,25,3
5187,2466,32,1
5188,2467,32,1
5189,2817,25,3
5190,2468,32,1
5191,2817,28,2
5192,2470,32,1
5193,2820,25,3
5194,2820,28,2
5195,2465,34,1
5196,2466,34,1
5197,2467,34,1
5198,2470,34,1
5199,2635,49,2
5200,2649,49,2
5201,2656,49,2
5202,2651,47,2
5203,2651,48,2
5204,2651,49,2
5205,2653,47,3
5206,2653,48,2
5207,2653,49,2
5208,2707,47,1
5209,2707,48,1
5210,2707,49,1
5211,2700,25,2
5212,2700,28,1
5213,2700,31,2
5214,2702,25,2
5215,2705,28,2
5216,2705,31,1
5217,2703,31,2
5218,2703,25,1
5219,2706,25,3
5220,2704,31,1
5221,2704,25,1
5222,2776,41,2
5223,2776,43,2
5224,2781,41,2
5225,2782,41,2
5226,2783,41,2
5227,2784,41,2
5228,2791,41,2
5229,2781,43,2
5230,2782,43,2
5231,2783,43,2
5232,2784,43,2
5233,2791,43,2
5234,2508,50,3
5235,2510,50,3
5236,2511,50,3
5237,2512,50,3
5238,2513,50,3
5239,2514,50,3
5240,2508,51,1
5241,2510,51,1
5242,2511,51,1
5243,2512,51,1
5244,2513,51,1
5245,2514,51,1
5246,2508,52,2
5247,2510,52,2
5248,2511,52,2
5249,2512,52,2
5250,2513,52,2
5251,2514,52,2
5252,2787,27,1
5253,2787,30,2
5254,2787,23,3
5255,2789,23,2
5256,2792,23,2
5257,2793,23,3
5258,2804,25,1
5259,2807,25,2
5260,2807,28,3
5261,2812,28,2
5262,2812,31,2
5263,2844,25,1
5264,2847,25,2
5265,2847,28,3
5266,2849,28,2
5267,2848,50,3
5268,2849,31,2
5269,2848,51,2
5270,2848,52,1
5271,2851,28,1
5272,2818,28,1
5273,2824,25,2
5274,2853,25,2
5275,2850,50,2
5276,2850,51,1
5277,2850,52,1
5278,2854,50,1
5279,2854,51,2
5280,2843,25,1
5281,2854,52,1
5282,2843,28,1
5283,2855,50,1
5284,2843,31,2
5285,2858,25,2
5286,2858,28,1
5287,2858,31,2
5288,2859,25,2
5289,2859,28,1
5290,2859,31,2
5291,2864,25,2
5292,2864,31,3
5293,2864,28,2
5294,2865,25,2
5295,2865,28,3
5296,2865,31,3
5297,2948,50,3
5298,2949,50,2
5299,2950,50,2
5300,2952,50,3
5301,2955,50,3
5302,2956,50,2
5303,2956,51,2
5304,2948,51,3
5305,2949,51,2
5306,2950,51,2
5307,2952,51,3
5308,2955,51,3
5309,2956,52,1
5310,2948,52,3
5311,2949,52,2
5312,2950,52,3
5313,2952,52,2
5314,2955,52,2
5315,2907,50,3
5316,2909,50,3
5317,2911,50,3
5318,2913,50,3
5319,2914,50,3
5320,2917,50,3
5321,2907,51,3
5322,2909,51,3
5323,2911,51,3
5324,2913,51,3
5325,2914,51,3
5326,2917,51,3
5327,2907,52,1
5328,2909,52,1
5329,2911,52,1
5330,2913,52,1
5331,2914,52,1
5332,2917,52,1
5333,2891,50,3
5334,2895,50,3
5335,2898,50,3
5336,2900,50,3
5337,2901,50,3
5338,2903,50,3
5339,2891,51,2
5340,2895,51,2
5341,2898,51,2
5342,2900,51,2
5343,2901,51,2
5344,2903,51,2
5345,2891,52,3
5346,2895,52,3
5347,2898,52,3
5348,2900,52,3
5349,2901,52,3
5350,2903,52,3
5351,2797,60,2
5352,3016,60,1
5353,3018,60,2
5354,3019,60,1
5355,2993,50,3
5356,3027,61,3
5357,2993,51,3
5358,2797,61,3
5359,2995,50,3
5360,2995,51,3
5361,3018,61,1
5362,2996,50,2
5363,2996,51,3
5364,2998,50,2
5365,2998,51,2
5366,2998,52,3
5367,3013,50,2
5368,3013,52,2
5369,2797,62,2
5370,3021,50,3
5371,3016,62,2
5372,3021,51,3
5373,3019,62,3
5374,3027,62,1
5375,2458,43,3
5376,2459,43,1
5377,2460,42,1
5378,2460,43,1
5379,2461,43,2
5380,2462,40,1
5381,2462,43,1
5382,2463,43,1
5383,2458,47,1
5384,2458,48,1
5385,2458,49,2
5386,2459,47,1
5387,2459,48,1
5388,2459,49,1
5389,2460,48,1
5390,2461,49,1
5391,2462,49,1
5392,2463,47,1
5393,2463,49,2
5394,2651,44,1
5395,2651,45,2
5396,2653,44,1
5397,2971,76,3
5398,2975,76,3
5399,2656,44,1
5400,2976,76,3
5401,2979,76,3
5402,2982,76,3
5403,2971,77,2
5404,2707,44,1
5405,2975,77,2
5406,2976,77,2
5407,2979,77,2
5408,2982,77,2
5409,2971,78,2
5410,2975,78,2
5411,2976,78,2
5412,2979,78,2
5413,2982,78,2
5414,2750,25,2
5415,2751,25,3
5416,2754,25,1
5417,2827,25,2
5418,2750,28,1
5419,2751,28,2
5420,2753,28,1
5421,2751,31,2
5422,2754,31,2
5423,2758,25,2
5424,2759,28,2
5425,2828,31,3
5426,2761,31,1
5427,2736,25,3
5428,2736,31,3
5429,2742,31,2
5430,2738,28,1
5431,2741,28,1
5432,2741,25,1
5433,3035,50,2
5434,3035,52,1
5435,3036,51,1
5436,3036,52,1
5437,3036,50,3
5438,3037,51,3
5439,3037,52,1
5440,3037,50,1
5441,3039,51,1
5442,3039,52,1
5443,3040,51,2
5444,3040,52,1
5445,2212,44,3
5446,2213,44,2
5447,2217,44,2
5448,2220,44,2
5449,2221,44,2
5450,2212,45,2
5451,2213,45,2
5452,3044,50,2
5453,3044,51,2
5454,3044,52,1
5455,3045,50,1
5456,3045,51,2
5457,3045,52,1
5458,3046,50,1
5459,3046,52,1
5460,3049,50,2
5461,3049,51,1
5462,3049,52,1
5463,3051,50,1
5464,3051,51,2
5465,3051,52,1
5466,3060,76,1
5467,3060,77,2
5468,3060,78,3
5469,3061,76,1
5470,3061,77,1
5471,3061,78,1
5472,3062,76,1
5473,3062,78,3
5474,3063,76,3
5475,3063,77,2
5476,3063,78,1
5477,3064,76,1
5478,3064,77,1
5479,3064,78,2
5480,3065,76,1
5481,3065,77,1
5482,3065,78,3
5483,3066,77,2
5484,3066,78,1
5485,3066,76,3
5486,3067,76,2
5487,3067,77,2
5488,3067,78,2
5489,3068,78,2
5490,3068,76,1
5491,3068,77,2
5492,3069,78,3
5493,3069,76,3
5494,3069,77,1
5495,3115,44,3
5496,3116,44,3
5497,3117,44,3
5498,3145,44,3
5499,3146,44,3
5500,3147,44,3
5501,3115,45,1
5502,3116,45,1
5503,3117,45,1
5504,3145,45,1
5505,3146,45,1
5506,3147,45,1
5507,2960,37,3
5508,2962,37,3
5509,2964,37,2
5510,2968,37,3
5511,2970,37,2
5512,2960,38,2
5513,2962,38,3
5514,2964,38,2
5515,2968,38,3
5516,2970,38,2
5517,2960,39,3
5518,2962,39,3
5519,2964,39,2
5520,2968,39,2
5521,2970,39,3
5522,3149,50,1
5523,3149,51,1
5524,3149,52,3
5525,3148,50,2
5526,3148,51,1
5527,3148,52,3
5528,3150,52,2
5529,3150,50,1
5530,3151,50,3
5531,3151,52,2
5532,3152,50,2
5533,3152,51,2
5534,3152,52,3
5535,3153,50,2
5536,3153,51,1
5537,3153,52,2
5538,2665,23,3
5539,2556,22,3
5540,2556,26,2
5541,2665,27,2
5542,2556,29,1
5543,2665,30,1
5544,2557,22,3
5545,2667,23,3
5546,2557,26,2
5547,2667,27,2
5548,2667,30,1
5549,2557,29,1
5550,2668,23,2
5551,2558,22,2
5552,2668,27,1
5553,2558,26,1
5554,2559,22,3
5555,2671,23,3
5556,2671,27,2
5557,2559,26,2
5558,2671,30,1
5559,2559,29,1
5560,2675,23,3
5561,2560,22,3
5562,2675,27,2
5563,2560,26,2
5564,2675,30,1
5565,2560,29,1
5566,2678,23,3
5567,2564,22,3
5568,2678,27,1
5569,2564,26,1
5570,2377,49,1
5571,2377,48,1
5572,2381,47,2
5573,2378,49,1
5574,2381,49,1
5575,2860,23,1
5576,2863,23,3
5577,2867,23,3
5578,2873,23,2
5579,2880,23,1
5580,2885,23,2
5581,2860,27,2
5582,2863,27,2
5583,2867,27,1
5584,2873,27,2
5585,2860,30,3
5586,2863,30,2
5587,2867,30,2
5588,2873,30,2
5589,3118,57,3
5590,3119,57,3
5591,3120,57,2
5592,3121,57,3
5593,3122,57,2
5594,3123,57,2
5595,3118,58,2
5596,3119,58,3
5597,3120,58,3
5598,2880,30,2
5599,3121,58,2
5600,3122,58,3
5601,3123,58,2
5602,3118,59,3
5603,3119,59,3
5604,3120,59,3
5605,3121,59,3
5606,3122,59,2
5607,3123,59,2
5608,3118,40,2
5609,3119,40,3
5610,3120,40,3
5611,3121,40,2
5612,3122,40,2
5613,3123,40,2
5614,3123,41,3
5615,3122,41,2
5616,3121,41,2
5617,3120,41,2
5618,3119,41,2
5619,3118,41,2
5620,3118,42,2
5621,3119,42,2
5622,3120,42,2
5623,3121,42,2
5624,3122,42,2
5625,3123,42,3
5626,3118,43,2
5627,3119,43,2
5628,3120,43,2
5629,3121,43,2
5630,3122,43,3
5631,3123,43,2
5632,3003,22,3
5633,3004,22,3
5634,3008,22,2
5635,3012,22,2
5636,3000,26,2
5637,3003,26,2
5638,3004,26,2
5639,3000,29,3
5640,3003,29,2
5641,3008,29,2
5642,3010,29,3
5643,3219,60,2
5644,3220,60,2
5645,3221,60,3
5646,3222,60,2
5647,3223,60,1
5648,3219,61,3
5649,3220,61,2
5650,3221,61,2
5651,3222,61,2
5652,3223,61,1
5653,3219,62,1
5654,3220,62,2
5655,3221,62,3
5656,3222,62,3
5657,3223,62,2
5658,3103,32,3
5659,3103,33,2
5660,3103,34,1
5661,3104,32,3
5662,3104,33,2
5663,3106,34,3
5664,3106,32,3
5665,3107,32,1
5666,3108,32,3
5667,3108,33,3
5668,3105,32,3
5669,3108,34,3
5670,3098,32,3
5671,3099,32,3
5672,3100,32,3
5673,3101,32,3
5674,3102,32,2
5675,3097,32,2
5676,3083,32,3
5677,3084,32,3
5678,3086,32,3
5679,3089,32,3
5680,3090,32,3
5681,3091,32,3
5682,3083,33,3
5683,3084,33,3
5684,3086,33,3
5685,3089,33,3
5686,3090,33,3
5687,3091,33,3
5688,2835,27,2
5689,2836,30,3
5690,2985,22,1
5691,2987,22,3
5692,2988,22,3
5693,2990,22,2
5694,2992,22,2
5695,2985,26,2
5696,2987,26,2
5697,2990,26,2
5698,2985,29,3
5699,2987,29,2
5700,2990,29,2
5701,2991,29,2
5702,2837,30,1
5703,2838,27,1
5704,2838,30,1
5705,2839,30,1
5706,2840,23,1
5707,2842,47,3
5708,2842,48,2
5709,2842,49,2
5710,2845,47,3
5711,2845,48,3
5712,2845,49,2
5713,2852,47,3
5714,2852,48,2
5715,2852,49,2
5716,2856,47,3
5717,2856,48,2
5718,2856,49,2
5719,3216,47,3
5720,3216,48,2
5721,3216,49,2
5722,3218,47,3
5723,3218,48,2
5724,3218,49,2
5725,2829,23,3
5726,2829,27,1
5727,2829,30,2
5728,2830,23,2
5729,2831,23,3
5730,2832,27,1
5731,2833,23,3
5732,2834,27,1
5733,2726,23,3
5734,2726,27,2
5735,2731,23,2
5736,2732,27,1
5737,2731,27,1
5738,2732,30,1
5739,2732,23,2
5740,2733,23,2
5741,2734,23,2
5742,2735,23,1
5743,2788,22,2
5744,2788,29,1
5745,2938,47,2
5746,2938,48,3
5747,2938,49,1
5748,2800,22,3
5749,2803,22,1
5750,2814,22,3
5751,2819,26,2
5752,2826,26,2
5753,2939,47,3
5754,2939,48,2
5755,2947,47,2
5756,2947,48,2
5757,2947,49,1
5758,2953,47,2
5759,2953,48,1
5760,2953,49,1
5761,2958,47,3
5762,2958,48,1
5763,2958,49,2
5764,2965,47,2
5765,2965,48,1
5766,2965,49,1
5767,2777,22,2
5768,2778,22,3
5769,2779,22,3
5770,2780,26,1
5771,3253,50,1
5772,3253,51,1
5773,3253,52,2
5774,2779,29,1
5775,3256,50,1
5776,3256,51,1
5777,3256,52,2
5778,3257,50,1
5779,3257,51,1
5780,3257,52,2
5781,3258,50,1
5782,3258,51,1
5783,3258,52,2
5784,3261,50,1
5785,3261,51,1
5786,3261,52,2
5787,3268,50,1
5788,3268,51,1
5789,3268,52,2
5790,3212,47,3
5791,3212,48,2
5792,3212,49,3
5793,3213,47,2
5794,3213,48,3
5795,3213,49,2
5796,3214,47,1
5797,3214,48,2
5798,3214,49,2
5799,3215,47,1
5800,3215,48,2
5801,3215,49,1
5802,3217,47,2
5803,3217,48,2
5804,3217,49,2
5805,3224,47,2
5806,3224,48,3
5807,3224,49,2
5808,2785,22,3
5809,2786,29,3
5810,2464,37,3
5811,2465,37,2
5812,2466,37,2
5813,2467,37,3
5814,2468,37,1
5815,2470,37,3
5816,2470,38,3
5817,2465,38,2
5818,2466,38,1
5819,2467,38,1
5820,2464,38,2
5821,2464,39,3
5822,2465,39,2
5823,2466,39,1
5824,2467,39,2
5825,2468,39,2
5826,2470,39,3
5827,2540,60,1
5828,2541,60,2
5829,2542,60,3
5830,2543,60,2
5831,2544,60,1
5832,3211,60,3
5833,2540,61,2
5834,2541,61,2
5835,2542,61,1
5836,2543,61,1
5837,2544,61,3
5838,3211,61,2
5839,2540,62,1
5840,2541,62,1
5841,2542,62,1
5842,2543,62,3
5843,2544,62,3
5844,3211,62,2
5845,3022,22,1
5846,3017,26,1
5847,2915,47,2
5848,2918,47,3
5849,2921,47,3
5850,3270,47,2
5851,3272,47,2
5852,3273,47,2
5853,2924,47,3
5854,3274,47,3
5855,3275,47,2
5856,2925,47,1
5857,3276,47,2
5858,2925,48,2
5859,3270,48,2
5860,3272,48,2
5861,2925,49,3
5862,3273,48,2
5863,3274,48,2
5864,3275,48,2
5865,3276,48,2
5866,3270,49,1
5867,3272,49,1
5868,3273,49,1
5869,3274,49,1
5870,3275,49,1
5871,3276,49,1
5872,2568,23,2
5873,2652,25,1
5874,2652,28,1
5875,2654,25,2
5876,2654,28,1
5877,2655,31,1
5878,2655,25,2
5879,2655,28,2
5880,2657,25,2
5881,2657,28,1
5882,2658,31,1
5883,2658,25,2
5884,2658,28,2
5885,2659,28,1
5886,2659,25,1
5887,2561,22,1
5888,2567,22,2
5889,2567,26,1
5890,3310,23,1
5891,3310,27,1
5892,3310,30,1
5893,3311,23,1
5894,3311,30,1
5895,2568,27,3
5896,3312,27,1
5897,3312,30,1
5898,2568,30,2
5899,2569,23,2
5900,3313,23,2
5901,3313,27,1
5902,2569,27,2
5903,2570,23,1
5904,3314,23,1
5905,3314,27,1
5906,3315,23,2
5907,3315,27,1
5908,3299,25,2
5909,2570,27,1
5910,2571,23,3
5911,2571,27,2
5912,2572,23,2
5913,2573,23,1
5914,3300,25,2
5915,2573,27,1
5916,3301,25,2
5917,3302,25,2
5918,3303,25,2
5919,3304,25,2
5920,2879,23,2
5921,2879,27,1
5922,2881,27,3
5923,2881,30,1
5924,2882,23,1
5925,2882,27,2
5926,2884,23,2
5927,2884,27,3
5928,2884,30,2
5929,2886,23,1
5930,2886,27,2
5931,2886,30,2
5932,2887,30,1
5933,2887,23,1
5934,2887,27,3
5935,3321,23,1
5936,3322,23,2
5937,2040,44,2
5938,2040,45,2
5939,2041,44,3
5940,2041,45,2
5941,2042,44,3
5942,2042,45,2
5943,2043,44,3
5944,2043,45,2
5945,2056,44,2
5946,2056,45,2
5947,2057,44,3
5948,2057,45,2
5949,2071,44,2
5950,2072,44,1
5951,2073,44,3
5952,2074,44,3
5953,2075,44,2
5954,2073,45,1
5955,2074,45,3
5956,2075,46,3
5957,2070,46,3
5958,3327,58,2
5959,3329,58,3
5960,3333,58,3
5961,3336,58,3
5962,3337,58,3
5963,3338,58,2
5964,2635,32,2
5965,2635,33,1
5966,2635,34,1
5967,2649,32,2
5968,2651,32,2
5969,2653,32,2
5970,2656,32,1
5971,2707,32,3
5972,2649,33,1
5973,2651,33,2
5974,2653,33,2
5975,2656,33,2
5976,2707,33,2
5977,2649,34,1
5978,2651,34,2
5979,2653,34,2
5980,2656,34,2
5981,2707,34,2
5982,2664,63,2
5983,2664,66,1
5984,2666,63,1
5985,2669,63,2
5986,2906,23,1
5987,2916,23,2
5988,2919,23,2
5989,2920,23,1
5990,2922,23,1
5991,2922,30,1
5992,2923,27,1
5993,3371,44,3
5994,3371,45,2
5995,3371,46,1
5996,3375,44,3
5997,3375,45,2
5998,3375,46,1
5999,3376,44,3
6000,3376,45,3
6001,3376,46,1
6002,3231,47,3
6003,3231,48,2
6004,3232,49,3
6005,3232,47,3
6006,3232,48,3
6007,3234,48,3
6008,3234,49,3
6009,3234,47,3
6010,3235,49,3
6011,3235,47,3
6012,3235,48,3
6013,3233,48,3
6014,3233,49,3
6015,3233,47,3
6016,3237,47,3
6017,3237,48,3
6018,3237,49,2
6019,3374,44,3
6020,3374,45,3
6021,3374,46,1
6022,3373,44,3
6023,3373,45,3
6024,3373,46,1
6025,3372,44,3
6026,3372,45,3
6027,3372,46,1
6028,2044,44,2
6029,2045,44,2
6030,2046,44,2
6031,2047,44,2
6032,2048,44,2
6033,2049,44,2
6034,3386,76,3
6035,3387,76,3
6036,3388,76,3
6037,3389,76,3
6038,3390,76,3
6039,3391,76,3
6040,3386,77,2
6041,3387,77,2
6042,3388,77,2
6043,3389,77,2
6044,3390,77,2
6045,3391,77,2
6046,2626,48,1
6047,2450,47,3
6048,2450,48,2
6049,2614,47,3
6050,2614,49,1
6051,2616,47,3
6052,2616,48,1
6053,2621,47,3
6054,2620,47,3
6055,2316,25,3
6056,2316,31,2
6057,2317,25,2
6058,2317,31,1
6059,2318,25,2
6060,2318,31,1
6061,2319,25,3
6062,2319,31,1
6063,2320,25,3
6064,2320,31,1
6065,2321,25,3
6066,2321,31,1
6067,2672,63,2
6068,2672,66,1
6069,2674,63,1
6070,2674,66,2
6071,2680,63,2
6072,3271,63,2
6073,3271,66,1
6074,3277,63,2
6075,3278,63,1
6076,3278,66,2
6077,3279,63,2
6078,3279,69,1
6079,3280,63,1
6080,3401,60,3
6081,3401,61,3
6082,3402,60,3
6083,3402,61,2
6084,3403,60,3
6085,3404,60,3
6086,3404,61,3
6087,3404,62,1
6088,3405,62,1
6089,2357,37,3
6090,3405,60,3
6091,3405,61,2
6092,2358,37,3
6093,2359,37,3
6094,2360,37,3
6095,2361,37,3
6096,2362,37,3
6097,2357,33,1
6098,2357,34,2
6099,2358,33,1
6100,2358,34,2
6101,2359,33,1
6102,2359,34,2
6103,2360,33,1
6104,2360,34,2
6105,2361,33,1
6106,2361,34,2
6107,2362,33,1
6108,2362,34,2
6109,2352,44,3
6110,2351,44,3
6111,2353,44,3
6112,2354,44,3
6113,2355,44,3
6114,2356,44,3
6115,2351,45,2
6116,2352,45,2
6117,2353,45,2
6118,2354,45,2
6119,2355,45,2
6120,2356,45,2
6121,2351,32,2
6122,2352,32,2
6123,2353,32,2
6124,2354,32,2
6125,2355,32,2
6126,2356,32,2
6127,2351,33,3
6128,2352,33,3
6129,2353,33,3
6130,2354,33,3
6131,2355,33,3
6132,2356,33,3
6133,3395,23,1
6134,3396,23,2
6135,3397,23,1
6136,3398,23,2
6137,3400,23,2
6138,3395,27,2
6139,3396,27,2
6140,3398,27,1
6141,3399,27,2
6142,3400,27,3
6143,3395,30,2
6144,3397,30,2
6145,3398,30,2
6146,3399,30,1
6147,3400,30,1
6148,2926,23,2
6149,2926,27,1
6150,2926,30,1
6151,2927,23,1
6152,2927,27,1
6153,2927,30,1
6154,2928,23,1
6155,2928,30,2
6156,2929,27,2
6157,2520,25,1
6158,2929,30,2
6159,2930,23,1
6160,2520,28,1
6161,2930,27,2
6162,2930,30,1
6163,2931,23,1
6164,2521,31,2
6165,2931,30,1
6166,2522,25,2
6167,2522,28,2
6168,2523,25,2
6169,2523,31,3
6170,2357,57,3
6171,2358,57,3
6172,2359,57,3
6173,2360,57,3
6174,2361,57,3
6175,2362,57,3
6176,2357,58,1
6177,2358,58,1
6178,2359,58,1
6179,2360,58,1
6180,2361,58,1
6181,2362,58,1
6182,2516,25,2
6183,2517,28,1
6184,2516,31,1
6185,2515,31,1
6186,3322,27,1
6187,3323,23,1
6188,3323,27,1
6189,3324,23,1
6190,3324,27,1
6191,3325,23,2
6192,3325,27,1
6193,3326,23,1
6194,3326,27,1
6195,3328,23,1
6196,3328,30,1
6197,2969,53,2
6198,2980,53,2
6199,2954,53,3
6200,3330,23,1
6201,2984,53,3
6202,2986,53,2
6203,2989,53,3
6204,3330,27,1
6205,2969,54,2
6206,3331,23,2
6207,2980,54,2
6208,2954,54,3
6209,2984,54,2
6210,3331,27,1
6211,2986,54,2
6212,2989,54,2
6213,3331,30,1
6214,3332,23,1
6215,3332,27,1
6216,3334,23,1
6217,3334,27,1
6218,2969,55,1
6219,2980,55,1
6220,2954,55,2
6221,2984,55,1
6222,2986,55,1
6223,2989,55,3
6224,3335,23,1
6225,3335,27,1
6226,2969,56,2
6227,2980,56,1
6228,2954,56,2
6229,2984,56,2
6230,2986,56,2
6231,2989,56,3
6232,3350,22,2
6233,3350,26,2
6234,3350,29,2
6235,3351,22,3
6236,3351,26,2
6237,3351,29,2
6238,3352,22,3
6239,3352,26,3
6240,3352,29,2
6241,3353,22,2
6242,3353,26,2
6243,3353,29,2
6244,3354,22,2
6245,3354,26,1
6246,3354,29,1
6247,3355,22,2
6248,3355,26,1
6249,3355,29,2
6250,3429,42,1
6251,3429,40,3
6252,3430,40,3
6253,3431,40,2
6254,3431,41,1
6255,3431,42,2
6256,3432,40,1
6257,3432,42,1
6258,3433,40,1
6259,3433,41,1
6260,3433,42,2
6261,3434,40,2
6262,3434,41,2
6263,3434,42,1
6264,3109,53,3
6265,3109,54,3
6266,3109,55,1
6267,3109,56,3
6268,3110,53,3
6269,3111,53,3
6270,3111,54,3
6271,3112,53,3
6272,3112,54,2
6273,3112,56,2
6274,3113,53,3
6275,3113,56,3
6276,3114,53,3
6277,3114,54,3
6278,3114,56,2
6279,3124,76,2
6280,3125,76,3
6281,3125,77,3
6282,3125,78,1
6283,3126,78,2
6284,3127,76,2
6285,3127,77,2
6286,3127,78,3
6287,3128,76,3
6288,3128,77,2
6289,3128,78,2
6290,3129,76,3
6291,3129,77,2
6292,3129,78,3
6293,2997,25,2
6294,2999,25,1
6295,3001,25,1
6296,3001,28,1
6297,2997,28,1
6298,2997,31,1
6299,2999,28,1
6300,2999,31,1
6301,3001,31,2
6302,3005,31,1
6303,3005,25,1
6304,3006,28,1
6305,3006,31,1
6306,3199,25,1
6307,3199,28,1
6308,3440,32,1
6309,3445,32,2
6310,3441,32,2
6311,3444,32,2
6312,3462,53,1
6313,3462,54,2
6314,3462,56,2
6315,3463,53,2
6316,3463,54,1
6317,3463,55,1
6318,3463,56,2
6319,3464,56,2
6320,3464,53,2
6321,3464,54,1
6322,3465,55,2
6323,3465,56,2
6324,3465,53,2
6325,3465,54,2
6326,3466,55,1
6327,3466,56,2
6328,3466,54,1
6329,3467,54,2
6330,3467,55,1
6331,3467,56,2
6332,3467,53,1
6333,3283,32,2
6334,3284,32,2
6335,3285,33,2
6336,2452,54,1
6337,2452,55,1
6338,2452,56,1
6339,2452,53,2
6340,2453,53,2
6341,2453,54,2
6342,2453,55,1
6343,2453,56,1
6344,2454,56,2
6345,2454,53,2
6346,2454,54,2
6347,2454,55,1
6348,2455,56,2
6349,2455,53,2
6350,2455,54,1
6351,2455,55,2
6352,2456,56,2
6353,2456,53,2
6354,2456,54,2
6355,2456,55,1
6356,2457,56,1
6357,2457,54,1
6358,2457,55,1
6359,2457,53,2
6360,3474,23,2
6361,3475,23,2
6362,3476,23,2
6363,3477,23,2
6364,3478,23,2
6365,3479,23,2
6366,3474,30,1
6367,3475,30,1
6368,3476,30,1
6369,3477,30,1
6370,3478,30,1
6371,3479,30,1
6372,3241,47,2
6373,3241,49,2
6374,3242,47,2
6375,3242,48,2
6376,3243,47,2
6377,3244,47,2
6378,3244,48,2
6379,3244,49,2
6380,3245,47,2
6381,3245,48,2
6382,3246,47,2
6383,3287,47,2
6384,3288,47,2
6385,3288,49,1
6386,3289,47,2
6387,3290,47,2
6388,3291,47,2
6389,3292,47,1
6390,3118,44,2
6391,3118,45,1
6392,3118,46,2
6393,3119,44,2
6394,3119,46,2
6395,3120,44,2
6396,3120,45,1
6397,3120,46,2
6398,3121,44,1
6399,3121,46,2
6400,3122,44,1
6401,3122,46,3
6402,3123,44,2
6403,3123,46,3
6404,2972,30,2
6405,2974,30,1
6406,2977,30,2
6407,2978,30,1
6408,2967,30,1
6409,3531,31,3
6410,3532,31,3
6411,3533,31,2
6412,3534,31,3
6413,3535,31,3
6414,3415,31,2
6415,3416,31,3
6416,3419,31,1
6417,3420,31,1
6418,3421,31,1
6419,3541,63,3
6420,3541,69,2
6421,3542,63,1
6422,3542,69,1
6423,3543,63,1
6424,3543,66,2
6425,3544,63,2
6426,3544,66,3
6427,3544,69,1
6428,3545,63,1
6429,3545,66,1
6430,3546,63,2
6431,3546,66,2
6432,3546,69,1
6433,3547,64,1
6434,3548,64,2
6435,3549,64,2
6436,3549,70,1
6437,3550,64,1
6438,3550,70,1
6439,3551,64,2
6440,3551,70,2
6441,3550,67,1
6442,2600,44,2
6443,2618,44,2
6444,2623,44,2
6445,2625,44,1
6446,2633,44,3
6447,2994,44,3
6448,2600,45,1
6449,2618,45,1
6450,2623,45,1
6451,2625,45,1
6452,2633,45,2
6453,2994,45,1
6454,3536,47,2
6455,3537,47,2
6456,3538,47,2
6457,3539,47,2
6458,3540,47,2
6459,3536,48,1
6460,3537,48,1
6461,3538,48,1
6462,3539,48,1
6463,3540,48,1
6464,3536,49,1
6465,2025,31,1
6466,2941,63,1
6467,2942,63,2
6468,2943,63,3
6469,2944,63,3
6470,2945,63,2
6471,2946,63,2
6472,2941,66,2
6473,2942,66,3
6474,2943,66,2
6475,2944,66,3
6476,2765,40,3
6477,2945,66,2
6478,2766,40,3
6479,2946,66,1
6480,2768,40,3
6481,2941,69,1
6482,2942,69,1
6483,2770,40,3
6484,2772,40,3
6485,2943,69,1
6486,2773,40,3
6487,2944,69,1
6488,2945,69,2
6489,2765,41,2
6490,2946,69,3
6491,2766,41,2
6492,2768,41,2
6493,2770,41,2
6494,2772,41,2
6495,2773,41,2
6496,2765,42,1
6497,2766,42,1
6498,2768,42,1
6499,2770,42,1
6500,2772,42,1
6501,2773,42,1
6502,2693,63,2
6503,2695,63,2
6504,2696,63,2
6505,2698,63,2
6506,2699,63,2
6507,2693,66,1
6508,2695,66,2
6509,2696,66,2
6510,2698,66,2
6511,2699,66,2
6512,2351,63,2
6513,2352,63,2
6514,2353,63,2
6515,2354,63,2
6516,2355,63,2
6517,2356,63,2
6518,3052,65,1
6519,3054,65,2
6520,3056,65,2
6521,3057,65,2
6522,3058,65,3
6523,3052,68,1
6524,3054,68,2
6525,3056,68,2
6526,3057,68,2
6527,3058,68,2
6528,2341,65,1
6529,2341,68,1
6530,2342,65,1
6531,2342,68,1
6532,2343,68,1
6533,2343,65,1
6534,2344,65,1
6535,2344,68,1
6536,2345,65,1
6537,2345,68,1
6538,2385,64,2
6539,2386,64,1
6540,2386,67,2
6541,2385,67,2
6542,2387,64,2
6543,2387,67,2
6544,2388,67,2
6545,2388,64,2
6546,3377,63,3
6547,3378,63,2
6548,3379,63,2
6549,3564,63,2
6550,3570,63,2
6551,3377,66,2
6552,2811,43,2
6553,2811,41,3
6554,2811,42,3
6555,2816,41,3
6556,2816,42,3
6557,2816,43,2
6558,2821,43,2
6559,2821,41,3
6560,2821,42,3
6561,2823,43,2
6562,2823,41,3
6563,2823,42,3
6564,2825,43,3
6565,3571,63,2
6566,3571,66,1
6567,3571,69,1
6568,3572,63,2
6569,3573,63,2
6570,3574,63,2
6571,3575,63,2
6572,3576,63,2
6573,3572,66,1
6574,3572,69,1
6575,3573,66,1
6576,3573,69,1
6577,3574,66,1
6578,3574,69,1
6579,3575,66,1
6580,3575,69,1
6581,3576,66,1
6582,3576,69,1
6583,3383,64,3
6584,3384,64,3
6585,3385,64,3
6586,3406,64,3
6587,3407,64,3
6588,3383,67,3
6589,3384,67,3
6590,3385,67,3
6591,3406,67,3
6592,3407,67,3
6593,3577,64,3
6594,3578,64,2
6595,3579,64,3
6596,3580,64,3
6597,3581,64,3
6598,3577,67,3
6599,3578,67,3
6600,3579,67,3
6601,3580,67,3
6602,3581,67,3
6603,3581,70,3
6604,2429,50,3
6605,2430,50,2
6606,2431,50,2
6607,2432,50,1
6608,2434,50,2
6609,2434,51,3
6610,2429,51,1
6611,2430,51,2
6612,2431,51,1
6613,2432,51,1
6614,2434,52,2
6615,2429,52,2
6616,2430,52,2
6617,2431,52,1
6618,2432,52,2
6619,2435,50,1
6620,2436,50,2
6621,2437,50,1
6622,2438,50,1
6623,2439,50,1
6624,2439,51,1
6625,2435,51,2
6626,2436,51,1
6627,2437,51,1
6628,2438,51,1
6629,2435,52,1
6630,2436,52,2
6631,2437,52,1
6632,2438,52,1
6633,2439,52,2
6634,2708,63,3
6635,2709,63,3
6636,2710,63,3
6637,2711,63,3
6638,2712,63,3
6639,2713,63,3
6640,2708,66,2
6641,2709,66,2
6642,2710,66,2
6643,2711,66,2
6644,2712,66,2
6645,2713,66,2
6646,2724,63,3
6647,2725,63,3
6648,2727,63,3
6649,2729,63,3
6650,2730,63,3
6651,2724,66,2
6652,2725,66,2
6653,2727,66,2
6654,2729,66,2
6655,2730,66,2
6656,3586,73,2
6657,3587,73,2
6658,3588,73,3
6659,2584,44,3
6660,2584,45,3
6661,2584,46,2
6662,2585,46,2
6663,2585,44,2
6664,2585,45,2
6665,2586,44,2
6666,2586,45,3
6667,2586,46,2
6668,2587,44,3
6669,2587,45,2
6670,2587,46,2
6671,2590,46,2
6672,2590,44,2
6673,2590,45,2
6674,3596,63,3
6675,3597,63,3
6676,3598,63,3
6677,3599,63,3
6678,3600,63,3
6679,3601,63,2
6680,3596,66,3
6681,3597,66,2
6682,3598,66,2
6683,3599,66,2
6684,3600,66,2
6685,3601,66,3
6686,3596,69,1
6687,3601,69,1
6688,3608,50,3
6689,3608,51,2
6690,3608,52,2
6691,3609,50,2
6692,3609,51,2
6693,3609,52,2
6694,3610,50,3
6695,3610,51,1
6696,3610,52,2
6697,3611,50,1
6698,3611,51,1
6699,3611,52,2
6700,3612,50,3
6701,3612,51,3
6702,3612,52,2
6703,2605,44,3
6704,2605,46,3
6705,2606,46,1
6706,2606,44,2
6707,2607,46,2
6708,2607,44,3
6709,2607,45,2
6710,2610,46,2
6711,2610,44,1
6712,2611,44,2
6713,2612,44,3
6714,2612,45,3
6715,2612,46,3
6716,2587,49,1
6717,2588,49,2
6718,2605,49,1
6719,3618,40,2
6720,3618,41,3
6721,3618,42,2
6722,3619,40,3
6723,3619,41,2
6724,3619,42,1
6725,3620,40,1
6726,3620,41,2
6727,3620,42,2
6728,3620,43,3
6729,3621,40,2
6730,3621,41,2
6731,3621,43,2
6732,3622,40,1
6733,3622,41,3
6734,3622,42,2
6735,3613,40,3
6736,3613,41,2
6737,3613,42,1
6738,3614,40,2
6739,3614,41,3
6740,3614,42,1
6741,3615,42,3
6742,3615,40,2
6743,3616,40,2
6744,3616,41,2
6745,3616,42,3
6746,3617,42,3
6747,3617,40,2
6748,3617,41,2
6749,2932,50,3
6750,2933,50,3
6751,2934,50,3
6752,2935,50,3
6753,2936,50,3
6754,2937,50,3
6755,2932,51,1
6756,2933,51,1
6757,2934,51,1
6758,2935,51,1
6759,2936,51,1
6760,2937,51,1
6761,2932,52,2
6762,2933,52,2
6763,2934,52,2
6764,2935,52,2
6765,2936,52,2
6766,2937,52,2
6767,3630,65,2
6768,3630,68,3
6769,3630,71,2
6770,3631,71,2
6771,3631,65,2
6772,3631,68,3
6773,3632,71,1
6774,3632,65,3
6775,3632,68,2
6776,3633,71,1
6777,3633,65,3
6778,3633,68,3
6779,3634,65,2
6780,3634,68,2
6781,3635,72,3
6782,3635,73,1
6783,3636,72,3
6784,3636,73,1
6785,3637,72,3
6786,3637,73,1
6787,3638,72,3
6788,3638,73,1
6789,3639,72,3
6790,3639,73,1
6791,3640,74,3
6792,3641,74,3
6793,3642,74,3
6794,3643,74,3
6795,3644,74,3
6796,3640,75,1
6797,3641,75,1
6798,3642,75,1
6799,3643,75,1
6800,3644,75,1
6801,3646,71,2
6802,3645,68,1
6803,3646,68,1
6804,3647,68,1
6805,3648,68,1
6806,3649,68,1
6807,3650,68,1
6808,3650,71,2
6809,3649,71,2
6810,3648,71,2
6811,3647,71,2
6812,3645,71,2
6813,3645,70,1
6814,3646,70,1
6815,3647,70,1
6816,3648,70,1
6817,3649,70,1
6818,3650,70,1
6819,3645,67,2
6820,3646,67,2
6821,3647,67,2
6822,3648,67,2
6823,3649,67,2
6824,3650,67,2
6825,3582,72,2
6826,3583,72,2
6827,3651,72,3
6828,3652,72,3
6829,3585,72,2
6830,3584,72,2
6831,3182,32,3
6832,3182,33,2
6833,3184,32,2
6834,3184,33,1
6835,3185,33,2
6836,3187,32,1
6837,3183,32,2
6838,3185,32,1
6839,3486,34,3
6840,3486,32,2
6841,3487,32,3
6842,3487,33,2
6843,3488,33,2
6844,3488,32,3
6845,3489,32,3
6846,3489,33,2
6847,3490,33,2
6848,3490,34,3
6849,3491,32,3
6850,3491,33,3
6851,3486,33,2
6852,3490,32,3
6853,3603,64,1
6854,3604,64,2
6855,3605,64,2
6856,3606,64,1
6857,3607,64,1
6858,3607,67,1
6859,3603,67,2
6860,3604,67,1
6861,3605,67,1
6862,3606,67,2
6863,3602,70,1
6864,3603,70,1
6865,3606,70,1
6866,3607,70,2
6867,3047,65,1
6868,3048,65,2
6869,3050,65,1
6870,3055,65,1
6871,3059,65,1
6872,3047,68,2
6873,3048,68,2
6874,3050,68,2
6875,3055,68,2
6876,3059,68,1
6877,3047,71,1
6878,3048,71,1
6879,3050,71,2
6880,3055,71,1
6881,3059,71,1
6882,2357,56,1
6883,2359,56,1
6884,2360,56,1
6885,2361,56,1
6886,2362,56,1
6887,2358,56,1
6888,2357,44,1
6889,3655,53,3
6890,3655,54,3
6891,3655,55,1
6892,3655,56,2
6893,3656,53,3
6894,3656,54,2
6895,3656,56,2
6896,3657,53,3
6897,3657,54,3
6898,3657,56,2
6899,3658,53,3
6900,3658,54,3
6901,3658,55,1
6902,3658,56,2
6903,3659,53,3
6904,3659,54,3
6905,3659,55,1
6906,3659,56,2
6907,3660,53,3
6908,3660,54,3
6909,3660,55,1
6910,3660,56,2
6911,3452,40,3
6912,3453,40,3
6913,3454,40,3
6914,3455,40,3
6915,3456,40,1
6916,3452,41,3
6917,3453,41,3
6918,3454,41,3
6919,3455,41,3
6920,3456,41,3
6921,3457,32,3
6922,3458,32,3
6923,3459,32,3
6924,3460,32,1
6925,3461,32,3
6926,3457,33,2
6927,3458,33,2
6928,3461,33,2
6929,3459,33,2
6930,3339,23,2
6931,3339,27,2
6932,3339,30,2
6933,3225,23,2
6934,3226,23,2
6935,3227,23,2
6936,3228,23,2
6937,3229,23,2
6938,3230,23,2
6939,3225,27,2
6940,3340,23,3
6941,3340,27,2
6942,3225,30,2
6943,3340,30,2
6944,3226,30,2
6945,3227,27,2
6946,3227,30,2
6947,3228,27,2
6948,3229,30,1
6949,3230,30,1
6950,3341,23,3
6951,3341,27,3
6952,3341,30,2
6953,3342,23,2
6954,3342,27,2
6955,3342,30,2
6956,3343,23,2
6957,3343,27,1
6958,3343,30,1
6959,3344,23,2
6960,3344,27,1
6961,3344,30,2
6962,2639,47,3
6963,2640,47,2
6964,2640,49,3
6965,2641,47,2
6966,2641,49,2
6967,2643,49,3
6968,3654,47,3
6969,2250,25,2
6970,2251,25,3
6971,3662,25,2
6972,3664,25,2
6973,3670,25,2
6974,3661,25,2
6975,2250,28,2
6976,3663,22,1
6977,2251,28,2
6978,3663,26,1
6979,3663,29,1
6980,3670,28,3
6981,3665,22,1
6982,3670,31,1
6983,3665,26,1
6984,3664,31,2
6985,3665,29,1
6986,3666,29,1
6987,3662,31,2
6988,3666,22,1
6989,2251,31,2
6990,3666,26,1
6991,3667,29,1
6992,3667,26,1
6993,3667,22,1
6994,3668,22,1
6995,3668,26,1
6996,3668,29,1
6997,3669,22,1
6998,3669,26,1
6999,3669,29,1
7000,3345,25,2
7001,3345,28,2
7002,3345,31,2
7003,3346,25,3
7004,3346,28,2
7005,3346,31,2
7006,3348,25,2
7007,3348,28,2
7008,3348,31,3
7009,3349,25,1
7010,3349,28,1
7011,3349,31,1
7012,2743,25,2
7013,2743,28,1
7014,2744,25,2
7015,2744,28,3
7016,2746,25,2
7017,2746,28,2
7018,2747,31,1
7019,2747,25,1
7020,2747,28,3
7021,2748,31,1
7022,2749,31,1
7023,2749,25,2
7024,2748,28,2
7025,3200,25,2
7026,3201,28,3
7027,3203,28,3
7028,3205,25,2
7029,3204,31,3
7030,3202,25,1
7031,3170,25,2
7032,3171,31,2
7033,3172,28,3
7034,3173,31,2
7035,3175,28,3
7036,2902,26,2
7037,2904,22,3
7038,2908,26,3
7039,2912,26,3
7040,2889,26,2
7041,2892,26,2
7042,2896,26,3
7043,2899,22,2
7044,2868,26,2
7045,2871,26,3
7046,2875,26,1
7047,3682,40,3
7048,3681,41,1
7049,2920,27,2
7050,3689,53,1
7051,3690,53,2
7052,3691,53,2
7053,3692,53,3
7054,3693,53,2
7055,3694,53,3
7056,3692,54,2
7057,3693,55,2
7058,3690,55,1
7059,3691,56,3
7060,3693,56,2
7061,3694,56,1
7062,3689,56,2
7063,3692,56,1
7064,3689,54,1
7065,3691,55,2
7066,3692,55,3
7067,3693,54,1
7068,3694,54,3
7069,3694,55,2
7070,3691,54,1
7071,3690,54,1
7072,3690,56,2
7073,3689,55,2
7074,3695,53,1
7075,3696,53,3
7076,3697,53,3
7077,3698,56,3
7078,3699,54,1
7079,3697,54,2
7080,3695,55,2
7081,3696,56,1
7082,3700,56,2
7083,3700,53,2
7084,3698,54,1
7085,3697,56,2
7086,3696,54,2
7087,3700,55,1
7088,3695,56,1
7089,3699,56,2
7090,3697,55,1
7091,3699,55,2
7092,3699,53,2
7093,3701,53,1
7094,3702,53,1
7095,3703,53,2
7096,3704,53,2
7097,3705,53,2
7098,3706,53,2
7099,3706,54,1
7100,3701,54,3
7101,3702,54,2
7102,3703,54,1
7103,3704,54,2
7104,3705,54,1
7105,3701,55,2
7106,3702,55,2
7107,3703,55,3
7108,3704,55,1
7109,3705,55,1
7110,3706,55,1
7111,3703,56,1
7112,3704,56,3
7113,3702,56,1
7114,3701,56,2
7115,3705,56,1
7116,3706,56,2
7117,3683,53,3
7118,3684,53,3
7119,3684,54,3
7120,3684,56,3
7121,3683,54,2
7122,3683,56,2
7123,3685,53,3
7124,3685,54,3
7125,3685,56,3
7126,3686,56,3
7127,3686,53,3
7128,3686,54,3
7129,3687,56,3
7130,3687,53,3
7131,3687,54,3
7132,3688,53,3
7133,3688,54,2
7134,3688,56,3
7135,3725,53,1
7136,3725,54,3
7137,3725,55,2
7138,3726,53,2
7139,3726,54,1
7140,3726,55,1
7141,3727,53,2
7142,3727,54,2
7143,3728,53,3
7144,3728,54,2
7145,3729,53,3
7146,3729,54,2
7147,3729,55,1
7148,3730,53,2
7149,3730,54,2
7150,3510,53,3
7151,3510,54,2
7152,3510,56,2
7153,3511,56,3
7154,3707,50,1
7155,3512,56,2
7156,3512,53,3
7157,3512,54,1
7158,3512,55,2
7159,3708,50,1
7160,3513,56,2
7161,3513,53,3
7162,3711,50,1
7163,3514,56,3
7164,3514,53,2
7165,3514,54,3
7166,3514,55,2
7167,3515,55,1
7168,3515,56,1
7169,3515,53,3
7170,3722,50,1
7171,3723,50,2
7172,3724,50,1
7173,3731,72,3
7174,3736,74,3
7175,3732,72,3
7176,3737,74,3
7177,3733,72,2
7178,3738,74,2
7179,3734,72,2
7180,3739,74,2
7181,3735,72,3
7182,3740,74,3
7183,3731,73,3
7184,3736,75,3
7185,3732,73,3
7186,3737,75,3
7187,3733,73,2
7188,3738,75,2
7189,3735,73,1
7190,3740,75,1
7191,3743,76,3
7192,3743,77,1
7193,3743,78,2
7194,3744,76,3
7195,3744,77,1
7196,3744,78,2
7197,3745,76,3
7198,3745,77,2
7199,3745,78,2
7200,3751,76,3
7201,3751,77,1
7202,3751,78,2
7203,3753,77,1
7204,3753,78,2
7205,3754,76,3
7206,3754,77,1
7207,3754,78,2
7208,3753,76,3
7209,3756,60,1
7210,3756,61,2
7211,3757,40,2
7212,3757,42,2
7213,3757,41,1
7214,3758,42,2
7215,3759,40,2
7216,3759,41,2
7217,3759,42,2
7218,3759,43,1
7219,3760,40,2
7220,3760,41,1
7221,3760,42,2
7222,3760,43,1
7223,3761,40,2
7224,3761,41,2
7225,3761,42,2
7226,3761,43,1
7227,3762,40,1
7228,3762,41,2
7229,3762,42,2
7230,3762,43,1
7231,3498,44,3
7232,3499,44,3
7233,3500,44,3
7234,3501,44,3
7235,3502,44,2
7236,3509,44,3
7237,3516,53,3
7238,3517,53,3
7239,3518,53,2
7240,3519,53,2
7241,3520,53,3
7242,3521,53,1
7243,3521,54,2
7244,3517,54,1
7245,3519,54,1
7246,3520,54,1
7247,3520,55,2
7248,3521,55,1
7249,3516,55,3
7250,3518,55,1
7251,3519,55,1
7252,3516,56,3
7253,3517,56,3
7254,3518,56,2
7255,3521,56,3
7256,3519,56,1
7257,3520,56,3
7258,3498,45,2
7259,3499,45,3
7260,3500,45,2
7261,3501,45,2
7262,3502,45,2
7263,3509,45,3
7264,3509,46,2
7265,3498,46,1
7266,3499,46,1
7267,3500,46,2
7268,3501,46,1
7269,3502,46,1
7270,3504,41,2
7271,3505,41,2
7272,3779,60,2
7273,3780,60,1
7274,3781,60,2
7275,3782,60,2
7276,3781,61,3
7277,3783,60,3
7278,3782,62,2
7279,3784,62,3
7280,3594,63,3
7281,3594,66,2
7282,3595,66,2
7283,3595,63,3
7284,3798,72,1
7285,3798,73,3
7286,3799,72,2
7287,3799,73,2
7288,3800,73,2
7289,3801,72,2
7290,3801,73,1
7291,3802,72,2
7292,3802,73,3
7293,3798,74,3
7294,3799,74,2
7295,3800,74,2
7296,3801,74,1
7297,3802,74,3
7298,3798,75,3
7299,3799,75,2
7300,3800,75,2
7301,3801,75,1
7302,3802,75,3
7303,3766,40,2
7304,3785,41,3
7305,3810,43,1
7306,2584,63,1
7307,2584,66,2
7308,2584,69,2
7309,2585,63,2
7310,2585,66,2
7311,2585,69,1
7312,2586,63,2
7313,2586,66,1
7314,2586,69,2
7315,2587,63,2
7316,2587,66,3
7317,2588,63,2
7318,2588,66,3
7319,2590,66,3
7320,2590,69,1
7321,2590,63,2
7322,3815,32,1
7323,3814,32,2
7324,3813,32,1
7325,3812,32,3
7326,3811,32,1
7327,3822,33,2
7328,3823,32,1
7329,3824,32,2
7330,3825,32,2
7331,3826,32,1
7332,3827,32,1
7333,3828,32,1
7334,3828,33,1
7335,3827,33,2
7336,3826,33,1
7337,3766,63,3
7338,3785,63,3
7339,3786,63,3
7340,3808,63,3
7341,3809,63,2
7342,3810,63,2
7343,3766,66,3
7344,3785,66,2
7345,3786,66,1
7346,3808,66,1
7347,3809,66,1
7348,3810,66,1
7349,3766,69,2
7350,3785,69,2
7351,3786,69,1
7352,3808,69,2
7353,3809,69,1
7354,3810,69,1
7355,3829,47,3
7356,3830,47,3
7357,3831,47,2
7358,3833,48,3
7359,3832,47,3
7360,2414,37,2
7361,2414,38,1
7362,2414,39,1
7363,2417,37,2
7364,2417,38,1
7365,2419,37,2
7366,2419,38,2
7367,2419,39,2
7368,2421,37,1
7369,2421,38,1
7370,2423,37,3
7371,2423,38,2
7372,2423,39,2
7373,2424,37,2
7374,2424,38,2
7375,2424,39,1
7376,2444,37,3
7377,2444,38,2
7378,2444,39,2
7379,2445,37,2
7380,2445,38,2
7381,2445,39,2
7382,2446,37,1
7383,2446,38,1
7384,2447,37,1
7385,2447,38,1
7386,2448,37,3
7387,2448,38,2
7388,2448,39,1
7389,2449,37,1
7390,3834,44,3
7391,3834,45,2
7392,3834,46,3
7393,3835,44,2
7394,3835,45,2
7395,3835,46,2
7396,3836,44,3
7397,3836,45,1
7398,3836,46,2
7399,3837,44,3
7400,3837,45,2
7401,3837,46,2
7402,3838,45,1
7403,3838,46,1
7404,3838,44,3
7405,2414,53,2
7406,2414,54,2
7407,2417,53,2
7408,2417,54,1
7409,2419,53,2
7410,2419,54,2
7411,2419,56,1
7412,2421,53,1
7413,2421,54,1
7414,2423,53,2
7415,2423,54,2
7416,2423,56,1
7417,2424,53,2
7418,2424,54,2
7419,2424,56,1
7420,3610,40,1
7421,3612,40,1
7422,2444,53,2
7423,2444,54,2
7424,2444,55,1
7425,2445,53,2
7426,2445,54,2
7427,2445,55,2
7428,2445,56,2
7429,2447,53,1
7430,2447,54,1
7431,2448,53,3
7432,2448,54,2
7433,2448,55,2
7434,2448,56,1
7435,2449,53,1
7436,3869,50,2
7437,3870,50,1
7438,3871,50,1
7439,3872,50,3
7440,3873,50,3
7441,3874,50,3
7442,3869,51,2
7443,3870,51,1
7444,3871,51,1
7445,3872,51,3
7446,3873,51,3
7447,3874,51,3
7448,3869,52,2
7449,3870,52,3
7450,3871,52,1
7451,3872,52,3
7452,3873,52,3
7453,3874,52,2
7454,3763,22,3
7455,3763,29,1
7456,3764,22,2
7457,3764,26,1
7458,3764,29,1
7459,3765,22,2
7460,3765,26,1
7461,3765,29,1
7462,3767,26,1
7463,2635,57,2
7464,2649,58,2
7465,2649,59,2
7466,2649,57,2
7467,2651,58,3
7468,2653,58,2
7469,2656,57,2
7470,2707,59,1
7471,2656,59,2
7472,3746,79,1
7473,3746,80,1
7474,3747,79,2
7475,3747,80,2
7476,3748,80,1
7477,3749,79,2
7478,3749,80,1
7479,3750,79,2
7480,3750,80,1
7481,3752,79,2
7482,3752,80,1
7483,3748,79,1
7484,3816,53,3
7485,3816,54,2
7486,3817,53,3
7487,3817,54,2
7488,3817,56,1
7489,3818,53,1
7490,3818,54,1
7491,3818,56,1
7492,3819,53,2
7493,3819,54,1
7494,3819,56,2
7495,3820,53,2
7496,3820,54,1
7497,3821,53,1
7498,3821,54,1
7499,3821,56,1
7500,3776,53,3
7501,3778,53,3
7502,3876,53,3
7503,3777,54,2
7504,3875,54,1
7505,3877,54,2
7506,3776,56,3
7507,3875,56,3
7508,3876,56,2
7509,3777,56,1
7510,3889,53,2
7511,3890,54,1
7512,3889,55,3
7513,3891,53,1
7514,3890,56,2
7515,3891,55,2
7516,3892,53,1
7517,3892,55,3
7518,3893,53,1
7519,3893,55,2
7520,3894,53,1
7521,3894,56,1
7522,3895,53,2
7523,3895,54,1
7524,3895,56,2
7525,3896,54,1
7526,3896,56,2
7527,3897,53,3
7528,3897,55,1
7529,3899,54,2
7530,3898,55,1
7531,3899,56,1
7532,3878,53,1
7533,3879,53,3
7534,3880,53,2
7535,3881,53,2
7536,3882,53,1
7537,3883,53,2
7538,3879,54,2
7539,3881,54,1
7540,3880,55,3
7541,3882,55,1
7542,3879,56,2
7543,3878,56,3
7544,3883,56,1
7545,3884,53,3
7546,3885,53,3
7547,3886,53,3
7548,3887,53,2
7549,3888,53,1
7550,3884,54,3
7551,3884,55,1
7552,3884,56,3
7553,3885,54,3
7554,3885,55,1
7555,3885,56,3
7556,3886,54,3
7557,3886,55,3
7558,3886,56,2
7559,3887,54,2
7560,3887,55,2
7561,3887,56,1
7562,3888,54,2
7563,3888,55,3
7564,3888,56,3
7565,3869,63,2
7566,3870,63,2
7567,3871,63,3
7568,3873,63,1
7569,3874,63,1
7570,3872,63,1
7571,3869,66,2
7572,3870,66,3
7573,3871,66,3
7574,3872,66,2
7575,3873,66,1
7576,3874,66,1
7577,3874,69,1
7578,3869,69,1
7579,3870,69,2
7580,3871,69,1
7581,3872,69,1
7582,3873,69,2
7583,3864,25,2
7584,3864,28,2
7585,3868,25,3
7586,3865,31,3
7587,3865,25,3
7588,3865,28,2
7589,3867,25,3
7590,3868,28,2
7591,3867,28,2
7592,3866,25,3
7593,3866,28,2
7594,3918,60,2
7595,3918,62,1
7596,3919,60,1
7597,3920,61,3
7598,3921,62,2
7599,3869,53,1
7600,3870,53,1
7601,3871,53,2
7602,3872,53,2
7603,3873,53,2
7604,3874,53,1
7605,3869,54,1
7606,3870,54,1
7607,3871,54,1
7608,3872,54,1
7609,3873,54,3
7610,3874,54,2
7611,3870,55,1
7612,3869,40,3
7613,3869,43,2
7614,3870,43,2
7615,3871,43,2
7616,3872,43,1
7617,3873,43,1
7618,3874,43,1
7619,3769,22,1
7620,3608,44,2
7621,3609,44,2
7622,3610,44,2
7623,3611,44,2
7624,3612,44,2
7625,3608,45,1
7626,3609,45,1
7627,3610,45,1
7628,3552,79,2
7629,3553,79,2
7630,3554,79,2
7631,3555,79,2
7632,3556,79,2
7633,3557,79,2
7634,3552,80,1
7635,3553,80,1
7636,3554,80,1
7637,3555,80,1
7638,3556,80,1
7639,3557,80,1
7640,3755,79,1
7641,3755,81,1
7642,3928,79,1
7643,3928,80,1
7644,3929,79,1
7645,3929,80,1
7646,3930,79,2
7647,3930,80,1
7648,3931,79,3
7649,3931,80,2
7650,3932,79,3
7651,3932,80,2
7652,3029,63,3
7653,3030,63,3
7654,3031,63,3
7655,3032,63,3
7656,3033,63,2
7657,3038,63,2
7658,3029,66,3
7659,3030,66,2
7660,3031,66,2
7661,3032,66,2
7662,3033,66,2
7663,3038,66,2
7664,3029,69,2
7665,3030,69,2
7666,3031,69,2
7667,3032,69,2
7668,3033,69,2
7669,3038,69,2
7670,3803,64,3
7671,3804,64,3
7672,3805,64,2
7673,3806,64,2
7674,3807,64,2
7675,3803,67,3
7676,3804,67,3
7677,3805,67,2
7678,3806,67,2
7679,3807,67,2
7680,3803,70,2
7681,3804,70,2
7682,3805,70,2
7683,3806,70,2
7684,3807,70,2
7685,3041,65,2
7686,3042,65,2
7687,3043,65,2
7688,3933,65,2
7689,3934,65,2
7690,3041,68,1
7691,3042,68,1
7692,3043,68,2
7693,3933,68,2
7694,3934,68,2
7695,3041,71,1
7696,3042,71,1
7697,3043,71,2
7698,3933,71,2
7699,3934,71,2
7700,3662,28,1
7701,3941,57,2
7702,3943,57,2
7703,3943,58,2
7704,3944,58,2
7705,3945,58,2
7706,3946,59,2
7707,3942,59,2
7708,3946,57,2
7709,3408,57,2
7710,3408,59,2
7711,3409,57,1
7712,3409,59,2
7713,3410,57,3
7714,3411,57,3
7715,3411,58,2
7716,3412,58,2
7717,3412,59,2
7718,3413,59,2
7719,3793,37,2
7720,3794,37,2
7721,3795,37,3
7722,3796,37,3
7723,3797,37,3
7724,3793,38,1
7725,3794,38,2
7726,3795,38,2
7727,3796,38,2
7728,3797,38,2
7729,3793,39,2
7730,3794,39,2
7731,3795,39,3
7732,3796,39,3
7733,3797,39,3
7734,3770,32,3
7735,3771,32,3
7736,3772,32,3
7737,3773,32,3
7738,3774,32,3
7739,3775,32,3
7740,3775,34,3
7741,3993,28,3
7742,4001,57,3
7743,4001,59,1
7744,4002,59,3
7745,4003,59,3
7746,4004,59,3
7747,4005,59,2
7748,4007,59,2
7749,4002,57,2
7750,4003,57,2
7751,4004,57,2
7752,4005,57,1
7753,4007,57,1
7754,4001,58,2
7755,4002,58,1
7756,4003,58,1
7757,4004,58,1
7758,4005,58,2
7759,4036,23,3
7760,4036,30,1
7761,4037,23,2
7762,4037,27,1
7763,4037,30,1
7764,4038,23,2
7765,4038,27,1
7766,4038,30,1
7767,4039,27,1
7768,4041,23,1
7769,3911,44,3
7770,3915,44,3
7771,3912,44,3
7772,3913,44,3
7773,3914,44,3
7774,3916,44,3
7775,3911,45,2
7776,3915,45,2
7777,3912,45,2
7778,3913,45,2
7779,3914,45,2
7780,3916,45,2
7781,3911,46,1
7782,3915,46,1
7783,3912,46,1
7784,3913,46,1
7785,3914,46,1
7786,3916,46,1
7787,4048,32,1
7788,4048,33,1
7789,4049,32,2
7790,4049,33,2
7791,4053,32,2
7792,4054,32,2
7793,4054,33,2
7794,4055,32,2
7795,4055,33,1
7796,4056,32,2
7797,4056,33,2
7798,4056,34,1
7799,3927,79,2
7800,3964,79,3
7801,3965,79,3
7802,3966,79,2
7803,3967,79,3
7804,3968,79,3
7805,3927,80,3
7806,3964,80,2
7807,3965,80,3
7808,3966,80,3
7809,3967,80,3
7810,3968,80,3
7811,3927,81,1
7812,3964,81,1
7813,3965,81,2
7814,3966,81,2
7815,3967,81,1
7816,3968,81,2
7817,3869,57,1
7818,3869,58,1
7819,3869,59,1
7820,3870,57,2
7821,3870,58,1
7822,3870,59,1
7823,3872,57,1
7824,3872,58,1
7825,3872,59,1
7826,3873,59,1
7827,3873,57,1
7828,3873,58,1
7829,3874,58,1
7830,2466,53,2
7831,2467,53,1
7832,2468,53,1
7833,2470,53,1
7834,2470,54,1
7835,2464,54,1
7836,2465,54,1
7837,2466,54,2
7838,2467,54,1
7839,2468,54,2
7840,2465,55,1
7841,2467,55,1
7842,2468,55,1
7843,2470,55,2
7844,2464,56,1
7845,2465,56,2
7846,2466,56,2
7847,2467,56,2
7848,2468,56,2
7849,2470,56,2
7850,2862,57,2
7851,2866,57,2
7852,2869,57,2
7853,2872,57,2
7854,2876,57,2
7855,2862,47,1
7856,2866,47,1
7857,2869,47,2
7858,2872,47,2
7859,2876,47,2
7860,2862,44,2
7861,2866,44,2
7862,2869,44,2
7863,2872,44,2
7864,2876,44,2
7865,3936,47,2
7866,3937,47,2
7867,3938,47,2
7868,3939,47,2
7869,3940,47,2
7870,3991,44,2
7871,3991,45,2
7872,3992,44,2
7873,3992,45,3
7874,3992,46,1
7875,3987,44,1
7876,3988,44,3
7877,3988,45,1
7878,3989,45,1
7879,3989,44,3
7880,3990,45,2
7881,3990,44,2
7882,4071,44,2
7883,4071,45,1
7884,4071,46,2
7885,4072,44,2
7886,4072,45,2
7887,4072,46,2
7888,4073,44,2
7889,4073,45,1
7890,4073,46,2
7891,4074,44,2
7892,4074,45,2
7893,4074,46,1
7894,4075,44,2
7895,4075,45,2
7896,4075,46,2
7897,3586,72,1
7898,3587,72,1
7899,3588,72,2
7900,4076,72,2
7901,4077,72,2
7902,4076,73,1
7903,4077,73,3
7904,4018,57,3
7905,4019,57,3
7906,4020,57,2
7907,4021,57,2
7908,4022,57,2
7909,4023,57,3
7910,4018,58,3
7911,4019,58,3
7912,4020,58,2
7913,4021,58,2
7914,4022,58,2
7915,4023,58,2
7916,4018,59,2
7917,4019,59,3
7918,4020,59,2
7919,4021,59,3
7920,4022,59,2
7921,4023,59,3
7922,4024,57,3
7923,4025,57,3
7924,4026,57,2
7925,4027,57,3
7926,4028,57,3
7927,4029,57,2
7928,4024,58,1
7929,4025,58,2
7930,4026,58,2
7931,4027,58,2
7932,4028,58,3
7933,4029,58,2
7934,4024,59,2
7935,4025,59,2
7936,4026,59,2
7937,4027,59,2
7938,4028,59,2
7939,4029,59,1
7940,4030,57,2
7941,4031,57,2
7942,4032,57,1
7943,4033,57,1
7944,4034,57,3
7945,4035,57,2
7946,4030,58,1
7947,4031,58,1
7948,4032,58,1
7949,4033,58,2
7950,4034,58,2
7951,4035,58,3
7952,4030,59,3
7953,4031,59,3
7954,4032,59,3
7955,4033,59,3
7956,4034,59,1
7957,4035,59,2
7958,3492,32,3
7959,3492,33,1
7960,3493,32,3
7961,3493,33,1
7962,3494,32,3
7963,3494,33,2
7964,3495,33,2
7965,3495,32,3
7966,3496,32,3
7967,3496,33,2
7968,3497,32,3
7969,3497,33,2
7970,3936,53,2
7971,3937,53,1
7972,3938,53,2
7973,3940,53,1
7974,3994,57,1
7975,3995,57,1
7976,3996,57,1
7977,3995,58,2
7978,3996,58,1
7979,4084,58,1
7980,3996,59,1
7981,3997,59,3
7982,4086,32,3
7983,4090,32,2
7984,4091,32,1
7985,4088,32,2
7986,4089,32,1
7987,4087,32,3
7988,4087,33,3
7989,4090,34,1
7990,4087,34,1
7991,4092,72,2
7992,4093,72,2
7993,4094,72,2
7994,4095,72,2
7995,4096,72,2
7996,4097,74,3
7997,4135,74,3
7998,4136,74,3
7999,4137,74,3
8000,4138,74,3
8001,4168,72,3
8002,4169,72,3
8003,4170,72,3
8004,4171,72,2
8005,4172,72,2
8006,4168,73,1
8007,4170,73,1
8008,4173,74,3
8009,4174,74,3
8010,4175,74,3
8011,4176,74,2
8012,4177,74,2
8013,4173,75,1
8014,4175,75,1
8015,4160,74,3
8016,4161,74,3
8017,4162,74,3
8018,4163,74,2
8019,4164,74,1
8020,4164,75,2
8021,4155,72,3
8022,4156,72,3
8023,4157,72,3
8024,4158,72,2
8025,4159,72,1
8026,4159,73,2
8027,2298,37,2
8028,2299,37,3
8029,2300,37,2
8030,2301,37,2
8031,2302,37,1
8032,2298,38,2
8033,2299,38,2
8034,2300,38,3
8035,2301,38,2
8036,2302,38,2
8037,2298,39,2
8038,2299,39,2
8039,2300,39,2
8040,2301,39,3
8041,2302,39,1
8042,4060,45,1
8043,4061,44,2
8044,4060,44,2
8045,4062,44,2
8046,4063,44,2
8047,4064,44,2
8048,4061,45,1
8049,4062,45,1
8050,4063,45,1
8051,4064,45,1
8052,2058,44,3
8053,2065,44,3
8054,2066,44,3
8055,2067,44,3
8056,2068,44,3
8057,2069,44,3
8058,2058,45,2
8059,2065,45,2
8060,2066,45,2
8061,2067,45,2
8062,2068,45,2
8063,2069,45,2
8064,3367,47,2
8065,3367,49,3
8066,3365,48,2
8067,3370,48,2
8068,3859,74,3
8069,3859,75,2
8070,3860,74,3
8071,3860,75,2
8072,3861,74,3
8073,3861,75,2
8074,3862,74,3
8075,3862,75,2
8076,3863,74,3
8077,3863,75,2
8078,4178,72,3
8079,4178,73,2
8080,4179,72,3
8081,4179,73,2
8082,4180,72,3
8083,4180,73,2
8084,4181,72,3
8085,4181,73,2
8086,4182,72,3
8087,4182,73,2
8088,3922,72,3
8089,3923,72,3
8090,3923,73,3
8091,3922,73,3
8092,3924,72,3
8093,3924,73,3
8094,3925,72,3
8095,3925,73,3
8096,3926,72,3
8097,3926,73,3
8098,3936,63,1
8099,3936,66,2
8100,3936,69,2
8101,3937,63,1
8102,3937,66,2
8103,3937,69,2
8104,3938,66,1
8105,3938,69,2
8106,3938,63,1
8107,3939,63,2
8108,3939,66,2
8109,3939,69,1
8110,3940,66,1
8111,3940,69,2
8112,3940,63,2
8113,3119,50,2
8114,3120,50,2
8115,3121,50,1
8116,3122,50,1
8117,3123,50,2
8118,3118,50,1
8119,3118,51,2
8120,3119,51,2
8121,3120,51,1
8122,3121,51,1
8123,3123,51,2
8124,3123,52,3
8125,3118,52,3
8126,3119,52,2
8127,3120,52,3
8128,3121,52,2
8129,3122,52,3
8130,2932,53,3
8131,2934,53,3
8132,2935,53,3
8133,2936,53,3
8134,2937,53,3
8135,2932,54,1
8136,2933,54,1
8137,2934,54,1
8138,2935,54,1
8139,2936,54,1
8140,2937,54,1
8141,2932,55,2
8142,2933,55,2
8143,2934,55,2
8144,2935,55,2
8145,2936,55,2
8146,2937,55,2
8147,2933,53,3
8148,3206,64,3
8149,3207,64,3
8150,3208,64,3
8151,3209,64,2
8152,3210,64,2
8153,3206,67,2
8154,3207,67,2
8155,3208,67,2
8156,3209,67,2
8157,3210,67,2
8158,3206,70,1
8159,3207,70,2
8160,3208,70,2
8161,3209,70,2
8162,3210,70,1
8163,2961,44,1
8164,3435,45,1
8165,3439,46,2
8166,3438,46,3
8167,3437,46,3
8168,2802,69,3
8169,2805,69,3
8170,2809,69,3
8171,2815,69,3
8172,2822,69,3
8173,2615,63,1
8174,2615,66,2
8175,2617,63,3
8176,3076,63,1
8177,3077,63,3
8178,3078,63,3
8179,3079,63,2
8180,3080,63,2
8181,3076,66,1
8182,3077,66,2
8183,3078,66,2
8184,3079,66,2
8185,3080,66,2
8186,3078,69,1
8187,3079,69,1
8188,3080,69,1
8189,2619,63,3
8190,2622,63,3
8191,2624,66,3
8192,3081,64,2
8193,3081,67,1
8194,3082,64,2
8195,3082,67,2
8196,3085,64,2
8197,3085,67,2
8198,3087,64,2
8199,3087,67,2
8200,3088,64,1
8201,3088,67,1
8202,3589,64,2
8203,3590,64,3
8204,3591,64,3
8205,3592,64,3
8206,3593,64,2
8207,3589,67,2
8208,3590,67,3
8209,3591,67,3
8210,3592,67,3
8211,3593,67,2
8212,3589,70,1
8213,3590,70,1
8214,3591,70,2
8215,3592,70,3
8216,3593,70,2
8217,3092,64,2
8218,3093,64,3
8219,3094,64,3
8220,3095,64,3
8221,3096,64,2
8222,3092,67,2
8223,3093,67,3
8224,3094,67,3
8225,3095,67,3
8226,3096,67,2
8227,3092,70,1
8228,3093,70,1
8229,3094,70,2
8230,3095,70,3
8231,3096,70,2
8232,3002,63,1
8233,3007,63,3
8234,3007,66,2
8235,3011,63,3
8236,3014,63,3
8237,3015,63,3
8238,2627,63,2
8239,2631,63,2
8240,2739,63,3
8241,2745,63,2
8242,2755,63,2
8243,2756,63,2
8244,2757,63,2
8245,2775,63,3
8246,3176,40,2
8247,3177,40,2
8248,3176,41,3
8249,3177,41,2
8250,3178,41,2
8251,3179,41,3
8252,3180,41,1
8253,3176,42,2
8254,3480,32,3
8255,3480,33,2
8256,3481,32,3
8257,3481,33,2
8258,3482,32,2
8259,3482,33,2
8260,3483,32,3
8261,3483,33,2
8262,3484,32,3
8263,3484,33,2
8264,3485,32,3
8265,3485,33,3
8266,3565,64,2
8267,3565,67,3
8268,3566,67,1
8269,3567,67,1
8270,3569,64,3
8271,2429,53,1
8272,2430,53,2
8273,2431,53,1
8274,2432,53,2
8275,2434,53,3
8276,4069,44,3
8277,4067,45,1
8278,4069,45,3
8279,4066,46,2
8280,4069,46,1
8281,2190,44,1
8282,2191,44,2
8283,2192,44,2
8284,2193,44,3
8285,2194,44,2
8286,2195,44,2
8287,2191,45,1
8288,2192,45,2
8289,2193,45,3
8290,2194,45,2
8291,2190,45,1
8292,2190,46,1
8293,2191,46,3
8294,2192,46,2
8295,2193,46,2
8296,2194,46,1
8297,2195,46,2
8298,4194,47,3
8299,3259,44,2
8300,3260,44,3
8301,3262,44,2
8302,3263,44,2
8303,3266,44,1
8304,3267,44,2
8305,3262,45,1
8306,3263,45,3
8307,3266,45,2
8308,3267,45,1
8309,3267,46,1
8310,2525,63,3
8311,2525,66,3
8312,2526,63,3
8313,2526,66,3
8314,2530,63,3
8315,2530,66,3
8316,2531,63,3
8317,2531,66,3
8318,2532,69,3
8319,2534,63,3
8320,2534,66,3
8321,2532,66,3
8322,2532,63,3
8323,4188,79,2
8324,4189,79,1
8325,4190,79,2
8326,4191,79,2
8327,4192,79,2
8328,4193,79,2
8329,4193,80,2
8330,4188,80,2
8331,4189,80,2
8332,4190,80,2
8333,4191,80,2
8334,4192,80,2
8335,4193,81,3
8336,4188,81,1
8337,4189,81,1
8338,4190,81,2
8339,4192,81,3
8340,4191,81,1
8341,2395,53,3
8342,2403,55,2
8343,2405,54,3
8344,2398,55,2
8345,3798,60,3
8346,3798,62,1
8347,3799,60,2
8348,3799,62,1
8349,3802,61,2
8350,3801,62,2
8351,3802,62,3
8352,3800,61,2
8353,3798,68,2
8354,3798,71,1
8355,3799,71,1
8356,3799,68,2
8357,3800,68,2
8358,3800,71,3
8359,3801,68,2
8360,3801,71,1
8361,3801,65,1
8362,3802,65,1
8363,3802,68,2
8364,3802,71,1
8365,3798,67,2
8366,3798,70,1
8367,3799,67,2
8368,3799,70,1
8369,3800,67,2
8370,3800,70,3
8371,3801,64,1
8372,3801,67,2
8373,3801,70,1
8374,3802,64,1
8375,3802,67,2
8376,3802,70,1
8377,4195,25,2
8378,4195,28,3
8379,4195,31,1
8380,4196,25,1
8381,4196,28,3
8382,4196,31,2
8383,4197,25,3
8384,4197,28,2
8385,4197,31,1
8386,4198,25,2
8387,4199,25,2
8388,4200,25,3
8389,4198,28,2
8390,4199,28,3
8391,4200,28,1
8392,4198,31,3
8393,4199,31,1
8394,4200,31,1
8395,4201,25,2
8396,4201,28,3
8397,4201,31,1
8398,4202,25,1
8399,4202,28,2
8400,4202,31,3
8401,4203,25,2
8402,4203,28,3
8403,4203,31,2
8404,4204,25,3
8405,4204,28,2
8406,4204,31,2
8407,4205,25,2
8408,4205,28,3
8409,4205,31,3
8410,4206,25,2
8411,4206,28,2
8412,4206,31,2
8413,4214,53,3
8414,4214,54,2
8415,4214,55,3
8416,4214,56,3
8417,4215,53,3
8418,4215,54,2
8419,4215,55,1
8420,4215,56,1
8421,4216,53,3
8422,4216,54,2
8423,4216,55,3
8424,4216,56,2
8425,4217,53,2
8426,4217,54,3
8427,4217,55,3
8428,4217,56,3
8429,4219,53,1
8430,4219,54,2
8431,4219,55,3
8432,4219,56,3
8433,4220,56,2
8434,4220,53,2
8435,4220,54,3
8436,4220,55,2
8437,4225,53,3
8438,4225,54,3
8439,4225,55,1
8440,4225,56,3
8441,4226,53,3
8442,4226,54,3
8443,4226,55,2
8444,4226,56,2
8445,4227,53,3
8446,4227,54,2
8447,4227,55,1
8448,4227,56,3
8449,4228,53,3
8450,4228,54,2
8451,4228,55,1
8452,4228,56,3
8453,4229,53,2
8454,4229,54,3
8455,4229,55,1
8456,4229,56,2
8457,4230,53,2
8458,4230,54,2
8459,4230,55,3
8460,4230,56,2
8461,4213,53,2
8462,4213,54,2
8463,4213,55,3
8464,4213,56,2
8465,4218,53,2
8466,4218,54,2
8467,4218,55,2
8468,4218,56,1
8469,4221,53,2
8470,4221,54,2
8471,4221,55,2
8472,4221,56,2
8473,4222,53,2
8474,4222,54,2
8475,4222,55,2
8476,4222,56,2
8477,4223,53,2
8478,4223,54,3
8479,4223,55,1
8480,4223,56,2
8481,4224,53,2
8482,4224,54,1
8483,4224,55,2
8484,4224,56,2
8485,4255,47,2
8486,4231,25,3
8487,4232,25,2
8488,4233,25,3
8489,4234,25,3
8490,4235,25,3
8491,4236,25,2
8492,4231,28,2
8493,4232,28,1
8494,4233,28,2
8495,4234,28,2
8496,4235,28,3
8497,4236,28,2
8498,4231,31,2
8499,4232,31,2
8500,4233,31,3
8501,4234,31,3
8502,4235,31,3
8503,4236,31,1
8504,4256,38,2
8505,4260,48,2
8506,4261,48,2
8507,4268,47,3
8508,4269,47,2
8509,4270,47,1
8510,4271,47,3
8511,4272,47,3
8512,4268,48,1
8513,4269,48,1
8514,4270,48,2
8515,4271,48,3
8516,4272,48,1
8517,4268,49,1
8518,4269,49,1
8519,4270,49,1
8520,4271,49,2
8521,4272,49,3
8522,4273,50,2
8523,4274,50,1
8524,4275,50,2
8525,4276,50,2
8526,4277,50,3
8527,4278,50,3
8528,4278,51,2
8529,4273,51,1
8530,4274,51,2
8531,4276,51,2
8532,4277,51,3
8533,4273,52,3
8534,4274,52,2
8535,4275,52,3
8536,4276,52,2
8537,4277,52,3
8538,4278,52,3
8539,4279,47,3
8540,4279,48,1
8541,4280,47,2
8542,4280,48,3
8543,4281,47,2
8544,4281,48,3
8545,4281,49,1
8546,4282,47,2
8547,4282,48,3
8548,4282,49,2
8549,4283,47,2
8550,4283,48,3
8551,4283,49,2
8552,4284,47,2
8553,4284,48,3
8554,4284,49,2
8555,4285,50,3
8556,4285,51,2
8557,4285,52,1
8558,4286,50,3
8559,4286,51,2
8560,4286,52,3
8561,4287,52,3
8562,4287,50,2
8563,4287,51,1
8564,4288,52,3
8565,4288,50,2
8566,4289,50,2
8567,4289,52,3
8568,4290,52,3
8569,4290,50,2
8570,4298,79,1
8571,4298,80,1
8572,4299,79,1
8573,4299,80,1
8574,4300,79,2
8575,4300,80,2
8576,4301,79,1
8577,4301,80,2
8578,4302,79,2
8579,4302,80,2
8580,4303,79,1
8581,4303,80,2
8582,4313,38,3
8583,4313,39,1
8584,4314,37,3
8585,4314,38,2
8586,4314,39,3
8587,4315,37,3
8588,4315,38,2
8589,4315,39,3
8590,4316,37,3
8591,4316,38,2
8592,4316,39,3
8593,4317,37,3
8594,4317,38,2
8595,4317,39,3
8596,4308,79,2
8597,4309,79,2
8598,4310,79,1
8599,4311,79,2
8600,4312,79,1
8601,4308,80,2
8602,4309,80,3
8603,4310,80,3
8604,4311,80,3
8605,4312,80,3
8606,4308,81,1
8607,4329,25,3
8608,4330,25,3
8609,4331,25,3
8610,4332,25,3
8611,4333,25,3
8612,4334,25,3
8613,4329,28,2
8614,4330,28,2
8615,4331,28,2
8616,4332,28,2
8617,4333,28,2
8618,4334,28,2
8619,4329,31,1
8620,4330,31,1
8621,4331,31,1
8622,4332,31,1
8623,4333,31,1
8624,4334,31,1
8625,4207,40,3
8626,4207,41,3
8627,4207,42,3
8628,4208,40,2
8629,4208,41,3
8630,4208,42,3
8631,4209,40,3
8632,4209,41,2
8633,4209,42,1
8634,4210,41,1
8635,4210,42,1
8636,4211,41,1
8637,4211,42,1
8638,4211,40,2
8639,4212,40,2
8640,4212,41,1
8641,4212,42,1
8642,4335,32,3
8643,4335,33,3
8644,4336,32,3
8645,4336,33,3
8646,4337,33,3
8647,4337,32,3
8648,4338,32,3
8649,4339,32,3
8650,4339,33,3
8651,4340,33,3
8652,4338,33,3
8653,4340,32,3
8654,4347,50,3
8655,4347,51,3
8656,4347,52,2
8657,4348,50,3
8658,4348,51,3
8659,4348,52,3
8660,4349,52,3
8661,4349,50,3
8662,4349,51,3
8663,4350,51,2
8664,4350,52,2
8665,4350,50,2
8666,4351,51,2
8667,4351,52,3
8668,4351,50,2
8669,4371,41,3
8670,4372,41,3
8671,4373,41,3
8672,4371,42,3
8673,4372,42,3
8674,4373,42,3
8675,4371,43,3
8676,4372,43,3
8677,4373,43,3
8678,4262,33,1
8679,4262,32,2
8680,4263,32,2
8681,4263,33,1
8682,4264,32,2
8683,4265,32,2
8684,4265,33,1
8685,4266,33,2
8686,4266,32,2
8687,4267,32,2
8688,4267,33,2
8689,4256,37,3
8690,4256,38,3
8691,4256,39,3
8692,4376,37,3
8693,4376,38,3
8694,4376,39,3
8695,4377,37,3
8696,4377,38,3
8697,4377,39,3
8698,4378,37,3
8699,4378,38,3
8700,4378,39,3
8701,4379,37,1
8702,4379,38,1
8703,4379,39,3
8704,4403,25,1
8705,4404,25,1
8706,4405,25,1
8707,4406,25,1
8708,4407,25,1
8709,4343,40,1
8710,4344,40,3
8711,4341,41,1
8712,4342,41,2
8713,4343,41,3
8714,4346,41,1
8715,4345,41,1
8716,4344,41,1
8717,4344,42,1
8718,4342,42,2
8719,4343,42,3
8720,4346,42,1
8721,4345,42,1
8722,4342,43,2
8723,4343,43,3
8724,4344,43,3
8725,4380,37,3
8726,4381,37,2
8727,4383,37,2
8728,4384,37,2
8729,4380,38,2
8730,4381,38,2
8731,4383,38,2
8732,4384,38,2
8733,4380,39,2
8734,4381,39,2
8735,4382,39,1
8736,4383,39,2
8737,4384,39,2
8738,4414,47,3
8739,4414,48,3
8740,4414,49,1
8741,4415,47,3
8742,4415,48,3
8743,4415,49,2
8744,4416,47,3
8745,4416,48,3
8746,4416,49,3
8747,4417,47,2
8748,4417,48,3
8749,4417,49,2
8750,4418,47,3
8751,4418,48,2
8752,4418,49,2
8753,4397,37,2
8754,4397,38,2
8755,4397,39,3
8756,4398,37,3
8757,4398,38,1
8758,4398,39,2
8759,4399,37,3
8760,4399,38,2
8761,4399,39,3
8762,4400,37,3
8763,4400,38,2
8764,4400,39,3
8765,4401,37,3
8766,4401,38,2
8767,4401,39,3
8768,4425,53,2
8769,4426,54,1
8770,4427,55,2
8771,4428,54,1
8772,4429,55,1
8773,4430,55,2
8774,4429,56,3
8775,4430,53,3
8776,4425,55,2
8777,4426,56,2
8778,4427,53,1
8779,4429,53,2
8780,4428,56,2
8781,4427,56,2
8782,4426,53,2
8783,4430,56,2
8784,4428,53,3
8785,4425,56,3
8786,4425,54,2
8787,4426,55,3
8788,4427,54,1
8789,4435,23,2
8790,4436,23,2
8791,4437,23,1
8792,4438,23,3
8793,4439,23,3
8794,4435,27,1
8795,4436,27,2
8796,4437,27,2
8797,4437,30,1
8798,4438,30,2
8799,4439,30,2
8800,4419,53,2
8801,4420,54,2
8802,4421,56,2
8803,4422,55,2
8804,4423,53,2
8805,4424,55,2
8806,4419,56,1
8807,4420,55,1
8808,4421,53,1
8809,4423,56,1
8810,4424,53,1
8811,4422,54,3
8812,4424,56,1
8813,4422,56,1
8814,4419,54,2
8815,4423,55,2
8816,4441,37,2
8817,4441,38,1
8818,4441,39,1
8819,4442,37,3
8820,4442,38,2
8821,4442,39,3
8822,4443,37,3
8823,4443,38,3
8824,4443,39,3
8825,4444,37,3
8826,4444,38,2
8827,4444,39,3
8828,4445,37,3
8829,4445,39,3
8830,4452,61,2
8831,4452,62,1
8832,4452,60,2
8833,4453,60,3
8834,4453,61,3
8835,4453,62,3
8836,4454,60,3
8837,4454,61,3
8838,4454,62,2
8839,4455,60,3
8840,4455,61,3
8841,4455,62,2
8842,4456,60,3
8843,4456,61,3
8844,4456,62,2
8845,4457,60,3
8846,4457,61,3
8847,4457,62,2
8848,4385,66,2
8849,4386,63,2
8850,4386,66,3
8851,4387,66,2
8852,4387,63,2
8853,4388,63,1
8854,4388,66,2
8855,4389,66,2
8856,4389,63,2
8857,4390,63,2
8858,4390,66,2
8859,4458,40,3
8860,4459,40,3
8861,4461,40,1
8862,4458,41,3
8863,4459,41,3
8864,4460,41,3
8865,4461,41,1
8866,4458,42,3
8867,4459,42,3
8868,4460,42,3
8869,4461,42,1
8870,4462,42,2
8871,4463,42,1
8872,4458,43,3
8873,4459,43,2
8874,4460,43,3
8875,4461,43,1
8876,4462,43,3
8877,4463,43,3
8878,4446,25,2
8879,4446,28,1
8880,4446,31,1
8881,4447,25,2
8882,4447,28,1
8883,4447,31,2
8884,4448,25,3
8885,4448,28,1
8886,4448,31,1
8887,4449,25,1
8888,4449,28,1
8889,4449,31,1
8890,4450,25,1
8891,4450,28,1
8892,4450,31,1
8893,4451,25,2
8894,4451,31,1
8895,4237,48,2
8896,4238,47,2
8897,4239,47,3
8898,4240,48,2
8899,4241,47,3
8900,4241,48,2
8901,4242,47,3
8902,4242,48,2
8903,4474,57,1
8904,4477,59,1
8905,239,66,2
8906,243,63,3
8907,243,66,2
8908,250,66,2
8909,250,63,2
8910,251,63,2
8911,251,66,2
8912,252,66,2
8913,252,63,2
8914,1730,63,2
8915,1730,66,2
8916,239,63,1
8917,4502,63,2
8918,4502,66,2
8919,4503,66,2
8920,4504,66,2
8921,4505,66,2
8922,4506,66,2
8923,4507,66,2
8924,4512,39,2
8925,4508,37,1
8926,4509,37,1
8927,4510,39,1
8928,4511,39,3
8929,4513,38,1
8930,4480,25,3
8931,4481,25,3
8932,4481,31,1
8933,4483,31,1
8934,4484,28,2
8935,4482,28,2
8936,4318,74,1
8937,4319,74,2
8938,4320,74,3
8939,4321,74,2
8940,4322,74,1
8941,4318,75,3
8942,4319,75,3
8943,4320,75,3
8944,4321,75,1
8945,4322,75,2
8946,4519,34,2
8947,4514,32,2
8948,4515,32,1
8949,4516,32,2
8950,4517,32,3
8951,4518,32,1
8952,4519,32,3
8953,4514,33,2
8954,4515,33,1
8955,4516,33,2
8956,4517,33,1
8957,4518,33,3
8958,4519,33,3
8959,4518,34,1
8960,4520,37,2
8961,4521,37,2
8962,4522,37,2
8963,4523,37,2
8964,4524,37,1
8965,4523,38,1
8966,4524,38,1
8967,4520,39,1
8968,4521,39,1
8969,4522,39,1
8970,4523,39,2
8971,4524,39,3
8972,4537,32,3
8973,4537,33,2
8974,4538,32,2
8975,4538,33,2
8976,4539,33,2
8977,4539,32,2
8978,4540,32,2
8979,4540,33,2
8980,4541,32,3
8981,4541,33,3
8982,4542,32,3
8983,4531,32,2
8984,4532,32,2
8985,4533,32,2
8986,4534,32,2
8987,4534,33,2
8988,4535,32,2
8989,4536,32,2
8990,4543,40,3
8991,4543,41,1
8992,4543,42,2
8993,4544,40,2
8994,4544,41,2
8995,4544,42,3
8996,4545,40,2
8997,4547,41,3
8998,4548,41,2
8999,4548,42,3
9000,4554,40,3
9001,4555,40,2
9002,4556,40,2
9003,4557,40,2
9004,4554,41,1
9005,4555,41,2
9006,4558,41,3
9007,4557,41,3
9008,4554,42,2
9009,4558,42,3
9010,4557,42,3
9011,4464,44,3
9012,4464,45,2
9013,4465,44,2
9014,4465,45,1
9015,4466,44,3
9016,4466,45,3
9017,4466,46,1
9018,4467,44,2
9019,4467,45,2
9020,4566,44,3
9021,4566,45,3
9022,4566,46,1
9023,4568,44,3
9024,4568,45,3
9025,4568,46,1
9026,4569,50,2
9027,4570,50,2
9028,4571,50,2
9029,4572,50,2
9030,4573,50,2
9031,4574,50,2
9032,4569,51,2
9033,4570,51,3
9034,4571,51,3
9035,4572,51,3
9036,4573,51,3
9037,4574,51,3
9038,4569,52,3
9039,4570,52,3
9040,4571,52,3
9041,4572,52,3
9042,4573,52,3
9043,4574,52,3
9044,4468,63,3
9045,4469,63,3
9046,4470,63,3
9047,4471,63,3
9048,4472,63,3
9049,4473,63,3
9050,4468,66,3
9051,4469,66,3
9052,4470,66,3
9053,4471,66,3
9054,4472,66,3
9055,4473,66,3
9056,4323,46,2
9057,4324,46,2
9058,4325,45,2
9059,4326,46,3
9060,4327,46,2
9061,4328,46,3
9062,4391,79,3
9063,4392,79,3
9064,4393,79,3
9065,4394,79,3
9066,4395,79,3
9067,4396,79,3
9068,4391,80,3
9069,4392,80,3
9070,4393,80,3
9071,4394,80,3
9072,4395,80,3
9073,4396,80,3
9074,4391,81,3
9075,4392,81,3
9076,4393,81,3
9077,4394,81,3
9078,4395,81,3
9079,4396,81,3
9080,4291,79,3
9081,4291,80,3
9082,4291,81,2
9083,4292,79,1
9084,4292,80,1
9085,4293,79,2
9086,4293,80,3
9087,4293,81,1
9088,4294,79,3
9089,4294,80,3
9090,4294,81,2
9091,4295,79,3
9092,4295,80,3
9093,4295,81,2
9094,4296,79,2
9095,4296,80,3
9096,4296,81,1
9097,4586,44,3
9098,4587,44,2
9099,4588,44,2
9100,4589,44,2
9101,4590,44,2
9102,4591,44,2
9103,4591,45,1
9104,4586,45,1
9105,4587,45,1
9106,4588,45,1
9107,4589,45,1
9108,4590,45,1
9109,4408,44,2
9110,4409,44,2
9111,4410,44,3
9112,4411,44,2
9113,4412,44,2
9114,4413,44,3
9115,4408,45,2
9116,4409,45,2
9117,4410,45,3
9118,4411,45,1
9119,4412,45,1
9120,4413,45,2
9121,4408,46,2
9122,4409,46,1
9123,4410,46,2
9124,4411,46,1
9125,4412,46,2
9126,4413,46,1
9127,4592,53,2
9128,4593,53,2
9129,4594,53,1
9130,4595,53,1
9131,4596,55,1
9132,4597,54,2
9133,4491,50,3
9134,4492,50,2
9135,4493,50,3
9136,4494,50,2
9137,4491,51,2
9138,4492,51,2
9139,4491,52,2
9140,4492,52,2
9141,4493,52,1
9142,4494,52,2
9143,4495,52,2
9144,4575,44,2
9145,4577,44,3
9146,4576,44,3
9147,4578,44,3
9148,4579,44,3
9149,4580,44,3
9150,4575,45,1
9151,4577,45,2
9152,4576,45,2
9153,4578,45,2
9154,4579,45,3
9155,4580,45,2
9156,4575,46,2
9157,4577,46,2
9158,4576,46,3
9159,4578,46,3
9160,4579,46,3
9161,4580,46,2
9162,603,73,2
9163,1098,57,2
9164,1099,57,1
9165,4598,57,1
9166,1098,58,1
9167,1099,58,3
9168,1101,58,2
9169,1099,59,1
9170,4599,75,2
9171,4603,75,2
9172,4609,75,2
9173,4313,44,2
9174,4314,44,3
9175,4315,44,2
9176,4316,44,3
9177,4317,44,3
9178,4313,45,2
9179,4314,45,2
9180,4315,45,2
9181,4316,45,3
9182,4317,45,2
9183,4313,46,3
9184,4314,46,2
9185,4315,46,3
9186,4316,46,3
9187,4317,46,3
9188,4600,47,3
9189,4601,47,3
9190,4602,47,3
9191,4604,47,3
9192,4605,47,3
9193,4606,47,3
9194,1032,76,3
9195,1033,76,3
9196,1034,76,3
9197,1035,76,2
9198,1036,76,3
9199,1032,77,3
9200,1033,77,3
9201,1034,77,3
9202,1035,77,3
9203,1036,77,3
9204,1036,78,1
9205,1032,78,1
9206,1033,78,2
9207,1034,78,2
9208,1035,78,1
9209,1706,57,2
9210,1707,57,2
9211,1707,58,2
9212,1709,58,2
9213,1710,59,3
9214,1711,59,3
9215,1708,58,2
9216,1076,59,2
9217,1078,59,1
9218,4610,44,1
9219,4610,46,1
9220,4611,46,1
9221,4612,44,1
9222,4612,46,2
9223,4613,46,3
9224,4614,44,1
9225,4614,46,2
9226,4615,46,2
9227,4621,57,2
9228,4622,58,3
9229,4623,59,2
9230,4627,57,3
9231,4628,58,3
9232,4629,59,3
9233,1470,58,2
9234,1471,58,3
9235,1471,59,2
9236,1472,57,3
9237,1473,58,3
9238,1474,58,2
9239,1475,59,3
9240,4560,76,2
9241,4638,32,1
9242,4639,32,1
9243,4640,32,2
9244,4641,32,2
9245,4642,32,1
9246,4643,32,3
9247,4643,33,2
9248,4642,33,1
9249,4243,25,2
9250,4243,28,3
9251,4243,31,1
9252,4244,25,2
9253,4244,28,1
9254,4244,31,2
9255,4245,25,1
9256,4245,28,2
9257,4245,31,2
9258,4246,25,3
9259,4246,28,3
9260,4246,31,2
9261,4247,25,1
9262,4247,28,1
9263,4247,31,3
9264,4248,25,2
9265,4248,28,2
9266,4248,31,1
9267,4364,79,3
9268,4364,80,2
9269,4644,50,3
9270,4644,51,3
9271,4644,52,2
9272,4646,50,2
9273,4647,50,2
9274,4645,52,1
9275,4646,51,2
9276,4646,52,1
9277,4647,51,3
9278,4647,52,1
9279,4648,52,3
9280,4648,50,2
9281,4581,44,3
9282,4581,46,2
9283,4581,45,3
9284,4582,44,3
9285,4582,45,2
9286,4582,46,3
9287,4583,44,2
9288,4583,45,2
9289,4583,46,3
9290,4584,44,2
9291,4584,45,2
9292,4584,46,2
9293,4585,44,3
9294,4585,45,3
9295,4585,46,3
9296,1427,32,3
9297,1532,32,3
9298,1533,32,3
9299,1534,32,1
9300,1535,32,2
9301,1536,32,2
9302,1535,33,2
9303,1536,33,2
9304,1534,33,2
9305,4526,32,3
9306,4527,32,3
9307,4528,32,3
9308,4529,32,3
9309,4530,32,2
9310,4529,33,2
9311,4530,33,3
9312,502,49,1
9313,4098,57,1
9314,4098,58,2
9315,4098,59,3
9316,4099,57,2
9317,4099,58,3
9318,4099,59,2
9319,4100,59,3
9320,4100,57,1
9321,4100,58,3
9322,4101,57,2
9323,4101,58,3
9324,4101,59,3
9325,4102,57,3
9326,4102,58,3
9327,4102,59,3
9328,4103,57,1
9329,4103,58,3
9330,4103,59,3
9331,4655,25,2
9332,4655,28,2
9333,4655,31,1
9334,4656,25,3
9335,4656,31,2
9336,4657,25,1
9337,4658,25,1
9338,4656,28,1
9339,4657,28,2
9340,4658,28,3
9341,4658,31,2
9342,4659,25,2
9343,4660,25,3
9344,4659,28,1
9345,4659,31,3
9346,4657,31,3
9347,4660,28,1
9348,4660,31,2
9349,2003,32,3
9350,2004,32,3
9351,2006,32,3
9352,2007,32,3
9353,2008,32,3
9354,2009,32,3
9355,2006,33,2
9356,4661,47,3
9357,4661,48,3
9358,4661,49,1
9359,4662,47,3
9360,4662,48,1
9361,4662,49,1
9362,4663,47,2
9363,4663,48,2
9364,4663,49,1
9365,4664,47,2
9366,4664,48,3
9367,4664,49,1
9368,4665,47,2
9369,4665,48,2
9370,4665,49,2
9371,4666,47,2
9372,4666,48,1
9373,4666,49,1
9374,4700,25,1
9375,4701,25,3
9376,4702,25,3
9377,4703,25,2
9378,4704,25,1
9379,4705,25,2
9380,4700,28,2
9381,4701,28,2
9382,4702,28,1
9383,4703,28,2
9384,4700,31,3
9385,4701,31,2
9386,4702,31,2
9387,4703,31,2
9388,4704,31,2
9389,4682,47,1
9390,4682,48,1
9391,4683,47,1
9392,4683,48,1
9393,4684,48,1
9394,4684,47,1
9395,4711,53,3
9396,4711,54,1
9397,4711,56,1
9398,4712,56,2
9399,4712,53,2
9400,4712,54,3
9401,4713,56,2
9402,4713,53,1
9403,4713,54,2
9404,4714,54,2
9405,4714,56,3
9406,4714,53,2
9407,4715,54,1
9408,4715,56,2
9409,4715,53,2
9410,4716,53,3
9411,4716,54,3
9412,4716,56,2
9413,4740,66,3
9414,4741,66,3
9415,4742,66,3
9416,4743,66,3
9417,4744,66,3
9418,4745,66,3
9419,4688,47,2
9420,4688,48,1
9421,4688,49,1
9422,4689,47,3
9423,4689,48,1
9424,4690,47,2
9425,4691,47,2
9426,4691,48,1
9427,4692,47,2
9428,4692,48,1
9429,4693,47,2
9430,4693,48,1
9431,4706,53,3
9432,4706,56,2
9433,4706,54,1
9434,4707,54,2
9435,4707,53,2
9436,4708,53,1
9437,4708,54,2
9438,4708,56,1
9439,4710,54,1
9440,4710,53,2
9441,4709,53,3
9442,4709,54,2
9443,4709,56,1
9444,4749,37,2
9445,4750,37,2
9446,4751,37,2
9447,4752,37,2
9448,4753,37,2
9449,4754,37,2
9450,4755,37,2
9451,4756,37,2
9452,4757,37,2
9453,4758,37,2
9454,4729,25,1
9455,4730,25,2
9456,4731,25,1
9457,4732,25,1
9458,4733,25,2
9459,4734,25,1
9460,4730,28,1
9461,4731,28,1
9462,4732,28,1
9463,4733,28,1
9464,4734,28,1
9465,4735,37,3
9466,4736,37,3
9467,4737,37,3
9468,4738,37,3
9469,4739,37,3
9470,4771,79,2
9471,4772,79,2
9472,4773,79,2
9473,4774,79,2
9474,4775,79,2
9475,4776,79,2
9476,4771,80,2
9477,4772,80,2
9478,4773,80,2
9479,4774,80,2
9480,4775,80,2
9481,4776,80,2
9482,4771,81,1
9483,4772,81,1
9484,4773,81,1
9485,4774,81,1
9486,4775,81,1
9487,4776,81,1
9488,4746,37,2
9489,4747,37,2
9490,4748,37,2
9491,3959,44,2
9492,3959,45,1
9493,3960,44,2
9494,3960,45,3
9495,3961,44,1
9496,3961,45,2
9497,3962,44,2
9498,3962,45,1
9499,3963,44,2
9500,3963,45,2
9501,3963,46,1
9502,4735,40,2
9503,4736,40,2
9504,4737,40,2
9505,4688,40,1
9506,4688,41,1
9507,4688,42,1
9508,4689,40,1
9509,4689,41,1
9510,4738,40,2
9511,4739,40,2
9512,4735,44,3
9513,4690,41,1
9514,4690,42,1
9515,4736,44,3
9516,4737,44,3
9517,4691,40,2
9518,4691,41,2
9519,4738,44,3
9520,4739,44,3
9521,4692,40,1
9522,4692,41,1
9523,4735,46,1
9524,4736,46,1
9525,4693,40,1
9526,4693,41,1
9527,4737,46,1
9528,4693,42,1
9529,4738,46,1
9530,4693,43,1
9531,4739,46,1
9532,4686,63,1
9533,4686,66,1
9534,4687,66,1
9535,4687,69,1
9536,4735,50,3
9537,4736,50,3
9538,4737,50,3
9539,4738,50,3
9540,4739,50,3
9541,4686,34,1
9542,4687,34,1
9543,4129,74,2
9544,4130,74,2
9545,4131,74,2
9546,4132,74,2
9547,4133,74,3
9548,4134,74,3
9549,4685,47,2
9550,4685,48,2
9551,4686,47,1
9552,4687,47,1
9553,4686,48,1
9554,4764,40,1
9555,4763,40,1
9556,4761,41,1
9557,4764,41,2
9558,4763,41,2
9559,4762,41,2
9560,4759,41,1
9561,4760,41,1
9562,4761,42,2
9563,4764,42,2
9564,4763,42,2
9565,4762,42,2
9566,4759,42,2
9567,4760,42,2
9568,4760,43,3
9569,4761,43,3
9570,4764,43,3
9571,4763,43,3
9572,4762,43,3
9573,4759,43,3
9574,4717,79,3
9575,4718,79,3
9576,4719,79,3
9577,4720,79,3
9578,4721,79,2
9579,4722,79,1
9580,4717,80,1
9581,4718,80,3
9582,4719,80,2
9583,4720,80,2
9584,4721,80,2
9585,4722,80,2
9586,4667,25,2
9587,4668,25,3
9588,4669,25,3
9589,4670,25,2
9590,4671,25,2
9591,4672,25,2
9592,4667,28,2
9593,4668,28,2
9594,4669,28,3
9595,4670,28,2
9596,4671,28,1
9597,4672,28,1
9598,4672,31,2
9599,4667,31,2
9600,4668,31,2
9601,4669,31,2
9602,4670,31,2
9603,4671,31,1
9604,4110,57,1
9605,4111,57,2
9606,4112,57,1
9607,4112,58,1
9608,4114,57,1
9609,4113,59,1
9610,4115,57,1
9611,4115,58,1
9612,4676,32,3
9613,4677,32,3
9614,4678,32,2
9615,4679,32,2
9616,4680,32,2
9617,4681,32,2
9618,3849,74,1
9619,3851,74,3
9620,3853,74,1
9621,3849,75,2
9622,3850,75,2
9623,3851,75,1
9624,3852,75,1
9625,3293,60,3
9626,3293,61,2
9627,3294,60,3
9628,3294,61,2
9629,3295,61,3
9630,3295,60,2
9631,3296,60,3
9632,3296,61,1
9633,3297,61,3
9634,3297,60,1
9635,3298,60,2
9636,3298,61,2
9637,4801,75,1
9638,4805,75,3
9639,4806,64,2
9640,4807,64,1
9641,4811,64,3
9642,4806,67,2
9643,4811,67,3
9644,4789,32,2
9645,4789,33,1
9646,4790,32,2
9647,4790,33,1
9648,4791,32,2
9649,4791,33,1
9650,4792,32,2
9651,4792,33,1
9652,4793,32,2
9653,4793,33,1
9654,4794,32,2
9655,4794,33,1
9656,3624,79,1
9657,3625,79,1
9658,3626,79,2
9659,3627,79,2
9660,3628,79,2
9661,3629,79,1
9662,3624,80,3
9663,3625,80,2
9664,3626,80,3
9665,3627,80,3
9666,3628,80,3
9667,3629,80,2
9668,3624,81,1
9669,3626,81,1
9670,3627,81,2
9671,3628,81,1
9672,3629,81,1
9673,4812,25,1
9674,4813,25,1
9675,4815,25,2
9676,4816,25,1
9677,4817,25,2
9678,4812,28,1
9679,4814,28,1
9680,4815,28,1
9681,4816,28,1
9682,4817,28,1
9683,4812,31,1
9684,4813,31,1
9685,4814,31,1
9686,3900,53,1
9687,3901,54,1
9688,3902,55,1
9689,3903,56,1
9690,3904,53,1
9691,3905,54,1
9692,3971,57,2
9693,3972,57,1
9694,3973,57,2
9695,3974,57,1
9696,3975,57,3
9697,3977,57,1
9698,3971,58,1
9699,3972,58,2
9700,3974,58,1
9701,3975,58,2
9702,3972,59,2
9703,3973,59,2
9704,3977,59,3
9705,3975,59,2
9706,4012,57,3
9707,4013,57,3
9708,4014,57,3
9709,4015,57,2
9710,4016,57,2
9711,4017,57,1
9712,4012,58,3
9713,4013,58,3
9714,4014,58,1
9715,4015,58,2
9716,4016,58,2
9717,4017,58,3
9718,4012,59,3
9719,4013,59,1
9720,4014,59,3
9721,4015,59,3
9722,4016,59,3
9723,4017,59,1
9724,2574,50,3
9725,2575,50,3
9726,2576,50,2
9727,2577,50,2
9728,2578,50,1
9729,2574,51,3
9730,2575,51,3
9731,2576,51,3
9732,2577,51,3
9733,2578,51,3
9734,2574,52,2
9735,2575,52,2
9736,2576,52,1
9737,2577,52,2
9738,2578,52,1
9739,4829,25,1
9740,4829,28,3
9741,4830,28,3
9742,4830,31,1
9743,4831,25,1
9744,4831,28,1
9745,4832,28,2
9746,4832,31,3
9747,4833,25,1
9748,4833,28,2
9749,4833,31,3
9750,4834,25,2
9751,4834,28,3
9752,4834,31,2
9753,4139,76,3
9754,4140,76,3
9755,4141,76,3
9756,4142,76,3
9757,4143,76,3
9758,4139,77,3
9759,4140,77,2
9760,4141,77,1
9761,4142,77,1
9762,4143,77,1
9763,4139,78,1
9764,4140,78,1
9765,4141,78,1
9766,4142,78,1
9767,4143,78,1
9768,4694,57,2
9769,4695,57,2
9770,4696,57,2
9771,4697,57,3
9772,4698,57,3
9773,4699,57,3
9774,4698,58,1
9775,4699,58,2
9776,4698,59,2
9777,4699,59,2
9778,4795,72,2
9779,4835,72,2
9780,4836,72,2
9781,4837,72,2
9782,4838,72,2
9783,4795,73,1
9784,4837,73,1
9785,4838,73,1
9786,4839,74,2
9787,4840,74,2
9788,4841,74,2
9789,4842,74,2
9790,4843,74,2
9791,4839,75,1
9792,4842,75,1
9793,4843,75,1
9794,2458,33,1
9795,2458,34,1
9796,2459,34,1
9797,2460,33,1
9798,2460,34,1
9799,2461,34,2
9800,2462,34,2
9801,2462,32,1
9802,2463,34,1
9803,4144,76,1
9804,4144,78,3
9805,4145,76,1
9806,4145,78,3
9807,4146,76,1
9808,4146,78,3
9809,4147,76,1
9810,4147,78,3
9811,4148,76,1
9812,4148,78,3
9813,4149,76,3
9814,4149,78,3
9815,4844,43,2
9816,4845,43,3
9817,4846,43,2
9818,4847,43,3
9819,4848,43,3
9820,4849,43,3
