ssaId,subId,classId,ssaStatus,subjectCode,subjectType
1,1,58,1,MCA201,Theory
2,2,58,1,MCA202,Theory
3,3,58,1,MCA203,Theory
4,4,58,1,MCA204,Theory
5,5,58,1,MCA205,Theory
6,6,58,1,MCA206,Lab
7,7,58,1,MCA207,Lab
8,8,59,1,MCA401,Theory
9,9,59,1,MCA402,Theory
10,10,59,1,MCA403,Theory
11,11,59,1,MCA404,Theory
12,12,59,1,MCA405,Elective
13,13,59,1,MCA406,Lab
14,14,59,1,MCA407,Lab
15,8,57,1,MCA401,Theory
16,9,57,1,MCA402,Theory
17,10,57,1,MCA403,Theory
18,11,57,1,MCA404,Theory
20,12,57,1,MCA405,Elective
21,13,57,1,MCA406,Lab
22,14,57,1,MCA407,Lab
23,1,57,1,MCA201,Theory
24,2,57,1,MCA202,Theory
25,3,57,1,MCA203,Theory
26,15,56,1,DMCA201,Theory
27,20,56,1,DMCA202,Theory
28,16,56,1,DMCA203,Theory
29,5,56,1,DMCA205,Theory
30,17,56,1,DMCA204,Theory
31,18,56,1,DMCA206,Lab
32,19,56,1,DMCA207,Lab
33,21,57,1,,Other
34,23,61,1,EN010301,Theory
35,24,61,1,EN010302,Theory
36,24,22,0,EN010303,Theory
37,37,61,1,EN010303,Theory
38,39,61,1,CS010305,Theory
39,40,61,1,EN010306,Theory
40,27,61,1,EN010307,Lab
41,42,26,1,EN010308,Lab
42,42,61,1,EN010308,Lab
43,24,62,1,EN010302,Theory
44,37,62,1,EN010303,Theory
45,38,62,1,EN010304,Theory
46,39,62,1,CS010305,Theory
47,40,62,1,EN010306,Theory
48,41,62,1,EN010307,Lab
49,0,0,1,,
50,42,62,1,EN010308,Lab
51,49,67,1,CS010701,Theory
52,50,67,1,CS010702,Theory
53,51,67,1,CS010703,Theory
54,11,67,1,CS010704,Theory
55,53,67,1,CS010705,Theory
56,43,61,0,CS010502,Theory
57,54,67,1,CS010706,Theory
58,55,67,1,CS010707,Lab
59,43,63,1,CS010502,Theory
60,56,67,1,CS010708,Lab
61,57,67,1,CS010709,Theory
62,44,63,1,CS010503,Theory
63,58,67,1,CS010710,Lab
64,49,68,1,CS010701,Theory
65,50,68,1,CS010702,Theory
66,45,63,1,CS010504,Theory
67,51,68,1,CS010703,Theory
68,4,63,1,CS010504,Theory
69,11,68,1,CS010704,Theory
70,46,63,1,CS010506,Theory
71,53,68,1,CS010705,Theory
72,56,68,1,CS010708,Lab
73,47,63,1,CS010507,Lab
74,55,68,1,CS010707,Lab
75,57,68,1,CS010709,Theory
76,58,68,1,CS010710,Lab
77,48,63,1,CS010508,Lab
78,60,63,1,,Other
79,24,64,0,CS010302,Theory
80,37,64,0,CS010303,Theory
81,38,64,0,CS010304,Theory
82,39,64,0,CS010305,Theory
83,40,64,0,CS010306,Theory
84,41,64,0,CS010307,Lab
85,42,64,0,CS010308,Lab
86,38,63,0,CS010304,Theory
87,23,69,1,EN010301A,Theory
88,24,69,1,EN010302,Theory
89,25,69,1,AU010303,Theory
90,26,69,1,AU010304,Theory
91,27,69,1,AU010305,Theory
92,28,69,1,AU010306,Theory
93,29,69,1,AU010307,Lab
94,30,69,1,AU010308,Lab
95,31,73,1,AU010501,Theory
96,32,73,1,AU010502,Theory
97,33,73,1,AU010503,Theory
98,34,73,1,AU010504,Theory
99,35,73,1,AU010505,Theory
100,61,73,1,AU010506,Theory
101,23,74,1,EN010301A,Theory
102,24,74,1,EN010302,Theory
103,63,73,1,AU010508,Lab
104,71,74,1,CE010303,Theory
105,72,74,1,CE010304,Theory
106,64,71,1,AU010701,Theory
107,73,74,1,CE010305,Theory
108,65,71,0,AU010702,Theory
109,75,74,1,CE010307,Lab
110,66,71,0,AU010703,Theory
111,55,71,0,AU010704,Theory
112,76,74,1,CE010308,Lab
113,68,71,1,AU010705,Theory
114,54,71,1,AU010706,Elective
115,23,75,1,EN010301A,Theory
116,24,75,1,EN010302,Theory
117,71,75,1,CE010303,Theory
118,72,75,1,CE010304,Theory
119,73,75,1,CE010305,Theory
120,69,71,1,AU010707,Lab
121,75,75,1,CE010307,Lab
122,76,75,0,CE010308,Lab
123,70,71,1,AU010708,Lab
124,31,75,0,EN010501A,Theory
125,57,71,1,AU010708,Lab
126,57,7,0,AU010708,Other
127,58,71,1,AU010710,Lab
128,31,76,1,EN010501A,Theory
129,77,76,1,CE010502,Theory
130,78,76,1,CE010503,Theory
131,79,76,1,CE010504,Theory
132,80,76,1,CE010505,Theory
133,81,76,1,CE010506,Theory
134,82,76,1,CE010507,Lab
135,83,76,1,CE010508,Lab
136,31,77,1,EN010501A,Theory
137,77,77,1,EN010502,Theory
138,78,77,1,EN010503,Theory
139,79,77,1,EN010504,Theory
140,80,77,1,CE010505,Theory
141,81,77,1,CE010506,Theory
142,82,77,1,CE010507,Lab
143,83,77,1,CE010508,Lab
144,84,78,1,CE010701,Theory
145,85,78,1,CE010702,Theory
146,78,78,1,CE010703,Theory
147,87,78,1,CE010704,Theory
148,88,78,1,CE010705,Theory
149,89,78,1,CE010706L03,Theory
150,90,78,1,CE010707,Lab
151,91,78,1,CE010708,Lab
152,58,78,1,CE010710,Lab
153,84,79,1,CS010701,Theory
154,85,79,1,CE010702,Theory
155,78,79,1,CS010703,Theory
156,87,79,1,CS010704,Theory
157,88,79,1,CE010705,Theory
158,89,79,1,CE010706L03,Theory
159,90,79,1,CE010707,Lab
160,91,79,1,CE010708,Lab
161,58,79,1,CE010710,Lab
162,24,80,1,EN010302,Theory
163,39,80,1,IT010304,Theory
164,93,80,1,IT010305,Theory
165,37,80,1,IT010306,Theory
166,94,80,1,IT010307,Lab
167,41,80,1,IT010308,Lab
168,31,81,1,EN010501B,Theory
169,95,81,1,IT010IT502,Theory
170,96,81,0,IT010IT502,Theory
171,4,81,1,IT010504,Theory
172,97,81,0,IT010504,Theory
173,44,81,1,IT010506,Theory
174,98,81,1,IT010507,Lab
175,57,81,0,IT010508-1,Lab
176,100,81,1,IT010508-2,Lab
177,96,81,1,IT010503,Theory
178,97,81,1,IT010505,Theory
179,101,82,1,IT010701,Theory
180,11,82,1,IT010702,Theory
181,103,82,1,IT010704,Theory
182,104,82,1,IT010705,Theory
183,105,82,1,IT010706,Elective
184,106,82,0,IT010706,Elective
185,107,82,1,IT010707,Lab
186,108,82,1,IT010708,Lab
187,57,82,0,IT010709,Other
188,58,82,0,IT010710,Lab
189,114,84,1,EN010301A,Theory
190,24,84,0,EN010302,Theory
191,71,84,1,EN010303,Theory
192,26,84,1,EN010304,Theory
193,27,84,1,EN010305,Theory
194,28,84,1,EN010306,Theory
195,118,84,1,EN010307,Lab
196,30,84,1,EN010308,Lab
197,30,62,0,EN010308,Lab
198,111,86,0,BE10102,Theory
199,23,83,0,EN010301A,Theory
200,112,86,1,BE100,Theory
201,113,86,0,BE103,Theory
202,114,83,1,EN010301A,Theory
203,24,83,0,EN010302,Theory
204,71,83,1,EN010303,Theory
205,26,83,1,EN010304,Theory
206,27,83,1,EN010305,Theory
207,28,83,1,EN010306,Theory
208,118,83,1,EN010307,Lab
209,30,83,1,EN010308,Lab
210,30,85,0,EN010501A,Theory
211,32,85,1,EN010502,Theory
212,109,85,1,EN010503,Theory
213,34,85,1,EN010504,Theory
214,35,85,1,EN010505,Theory
215,61,85,1,EN010506,Theory
216,110,83,0,EN010507,Lab
217,64,82,0,ME010701,Theory
218,67,82,0,ME010704,Theory
219,120,82,0,ME010702,Theory
220,121,82,0,ME010704,Theory
221,68,82,0,ME010705,Theory
222,69,82,0,ME010707,Lab
223,128,82,0,ME010706L04,Elective
224,135,82,0,ME010708,Lab
225,23,87,1,EN010301,Theory
226,120,91,1,ME010702,Theory
227,139,91,1,ME010701,Theory
228,24,87,1,EN010302,Theory
229,121,91,1,ME010703,Theory
230,67,91,1,ME010704,Theory
231,68,91,1,ME010705,Theory
232,128,91,1,ME010706L04,Elective
233,69,91,1,ME010707,Lab
234,115,87,1,MT010303,Theory
235,116,87,1,MT010304,Theory
236,135,91,1,ME010708,Lab
237,57,91,1,ME010709,Other
238,27,87,1,MT010305,Theory
239,117,87,1,MT010306,Theory
240,118,87,1,MT010307,Lab
241,119,87,1,MT010307,Lab
242,31,88,1,EN010501,Theory
243,122,88,1,MT010502,Theory
244,60,83,1,ENG,Theory
245,124,88,1,MT010504,Theory
246,125,88,1,MT010505,Theory
247,127,88,1,MT010507,Lab
248,129,88,1,MT010508,Lab
249,130,89,1,MT010701,Theory
250,131,89,1,MT010702,Theory
251,132,89,1,MT010703,Theory
252,133,89,1,MT010704,Theory
253,134,89,1,MT010705,Theory
254,136,89,1,MT010706L02,Theory
255,138,89,1,MT010708,Lab
256,137,89,1,MT010707,Lab
257,64,98,1,ME010701,Theory
258,68,98,1,ME010705,Theory
259,121,98,1,ME010703,Theory
260,67,98,1,ME010704,Theory
261,120,98,1,ME010702,Theory
262,128,98,1,ME010706L04,Theory
263,23,99,1,EN010301A,Theory
264,24,99,1,EN010302,Theory
265,140,99,1,EN010303,Theory
266,141,99,1,EN010304,Theory
267,142,99,1,EN010305,Theory
268,143,99,1,EN010306(ME),Theory
269,144,99,1,EN010307,Lab
270,152,101,1,EPT,Theory
271,145,99,1,EN010308,Lab
272,153,101,1,SM,Theory
273,154,101,1,DAC,Theory
274,155,101,1,MCT,Theory
275,156,101,1,CE,Theory
276,31,100,0,EN010501A,Theory
277,158,101,1,EE010707,Lab
278,53,63,0,CS010502,Theory
279,43,100,1,EN010502(ME),Theory
280,159,101,1,EE010708,Lab
281,146,100,1,EN010503,Theory
282,31,64,1,EN010501,Theory
283,57,101,1,EE010709,Lab
284,43,64,1,CS010502,Theory
285,147,100,1,EN010504,Theory
286,58,101,1,EE010710,Lab
287,44,64,1,CS010503,Theory
288,148,100,1,EN010505,Theory
289,45,64,1,CS010504,Theory
290,149,100,1,EN010506,Theory
291,4,64,1,CS010505,Theory
292,46,64,1,CS010506,Theory
293,150,100,1,EN010507,Lab
294,47,64,1,CS010507,Lab
295,161,101,1,AC,Other
296,48,64,1,CS010508,Lab
297,60,64,1,English,Other
298,151,100,1,EN010508,Lab
299,60,100,1,ENG,Theory
300,60,74,0,EN010302,Theory
301,162,74,0,EN010303,Theory
302,163,74,0,EN010304,Theory
303,164,74,0,EN010305,Theory
304,23,96,1,EN010301,Theory
305,31,94,0,EMIV,Theory
306,60,96,1,ENG,Theory
307,24,96,1,EN010302,Theory
308,162,96,0,EC010303,Theory
309,31,104,1,EN010501A,Theory
310,164,96,0,EN010305,Theory
311,166,104,1,EC010502,Theory
312,77,96,0,EN010306,Theory
313,165,96,0,EN010307,Lab
314,167,104,1,EC010503,Theory
315,41,96,0,EN010308,Lab
316,168,104,1,EC010504(EE),Theory
317,163,96,0,EN010304,Theory
318,31,63,1,CS010501,Theory
319,169,104,1,EC010505,Theory
320,23,103,1,EN010301,Theory
321,24,103,0,EN010302,Theory
322,170,104,1,EC010506,Theory
323,24,103,1,EN010302,Theory
324,171,104,1,EC010507,Lab
325,162,103,1,EC010303,Theory
326,163,103,1,EC010304,Theory
327,172,104,1,EC010508(EE),Lab
328,164,103,1,EC010305,Theory
329,77,103,1,EC010306,Theory
330,165,103,1,EC010307,Lab
331,60,104,1,ENG,Theory
332,41,103,1,EC010308,Lab
333,31,37,0,EMIV,Theory
334,173,92,0,EC010701,Theory
335,174,92,1,EC010702,Theory
336,175,92,1,EC010703,Theory
337,176,92,1,EC010704,Theory
338,177,92,1,EC010705,Theory
339,178,92,1,EC010706Lxx,Elective
340,179,92,1,EC010706Lxx,Elective
341,180,92,1,EC010707,Lab
342,181,92,1,EC010708,Lab
343,57,92,1,EC010709,Lab
344,58,92,1,EC010710,Lab
345,162,96,0,EC010303,Theory
346,163,96,1,EC010304,Theory
347,164,96,1,EC010305,Theory
348,77,96,1,EC010306,Theory
349,165,96,1,EC010307,Lab
350,41,96,1,EC010308,Lab
351,173,93,0,EC010701,Theory
352,174,93,1,EC010702,Theory
353,175,93,1,EC010703,Theory
354,176,93,1,EC010704,Theory
355,177,93,1,EC010705,Theory
356,178,93,1,EC010706Lxx,Elective
357,179,93,1,EC010706Lxx,Elective
358,180,93,1,EC010707,Lab
359,181,93,1,EC010708,Lab
360,57,93,1,EC010709,Lab
361,58,93,1,EC010710,Lab
362,24,106,1,EN010302,Theory
363,185,106,1,CH010303,Theory
364,186,106,1,CH010304,Theory
365,77,106,1,CH010305,Theory
366,187,106,1,CH010306,Theory
367,188,106,1,CH010307,Lab
368,196,106,1,CH010308,Lab
369,74,75,1,CE010306,Theory
370,57,76,1,R/S,Other
371,60,76,1,Eng,Other
372,57,77,1,R/S,Other
373,60,77,1,Eng,Other
374,114,62,1,EN010301,Theory
375,42,64,0,CS010308,Lab
376,60,73,1,Eng,Other
377,62,73,1,AU010507,Lab
378,31,95,1,EN010501A,Theory
379,166,95,1,EC010502,Theory
380,167,95,1,EC010503,Theory
381,168,95,1,EC010504(EE),Theory
382,169,95,1,EC010505,Theory
383,149,95,1,EC010506,Theory
384,171,95,1,EC010507,Lab
385,172,95,1,EC010508(EE),Lab
386,60,95,1,ENG,Theory
387,31,108,1,EN010501A,Theory
388,32,108,1,ME010502,Theory
389,109,108,1,ME010503,Theory
390,34,108,1,ME010504,Theory
391,35,108,1,ME010505,Theory
392,110,108,1,ME010507,Lab
393,63,108,1,ME010508,Lab
394,61,108,1,ME010506,Theory
395,24,83,1,EN010302,Theory
396,199,67,1,PT,Other
397,199,68,1,PT,Other
398,23,106,1,EN010301,Theory
399,31,107,1,EN010501,Theory
400,189,107,1,CH010502,Theory
401,190,107,1,CH010503,Theory
402,191,107,1,CH010504,Theory
403,192,107,1,CH010505,Theory
404,193,107,1,CH010506,Theory
405,194,107,1,CH010507,Lab
406,195,107,1,CH010508,Lab
407,54,68,1,CS010706,Theory
408,102,82,1,IT010703,Theory
409,31,85,0,EN010501A,Theory
410,110,85,1,ME010507,Lab
411,114,80,1,EN010301B,Theory
412,31,100,1,EN010501A,Theory
413,31,85,1,EN010501A,Theory
414,19,61,0,CS010304,Theory
415,38,61,1,EN010304,Theory
416,200,78,1,CEMPR,Other
417,200,79,1,CEMPR,Other
418,200,93,0,CEMPR,Other
419,63,85,1,ME010507,Lab
420,162,96,1,EC010303,Theory
421,92,80,1,IT010303,Theory
422,173,92,1,EC010701,Theory
423,173,91,0,EC010701,Theory
424,65,71,1,AU010702,Theory
425,60,108,1,Eng,Theory
426,57,79,0,EC010709,Lab
427,55,73,0,AU010704,Lab
428,67,71,1,AU010704,Theory
429,76,75,1,CE010308,Lab
430,173,93,1,EC010701,Theory
431,99,81,1,IT010508-2,Lab
432,203,101,1,PQ,Elective
433,21,61,1,Other,Other
434,204,81,1,IT010507-2,Theory
435,205,81,1,SS,Other
436,58,82,1,IT010709,Lab
437,57,82,1,IT010710,Other
438,206,93,1,APT,Other
439,21,93,1,OTA,Other
440,21,71,1,Other,Other
441,21,73,1,Other,Other
442,21,69,1,Other,Other
443,21,78,1,Other,Other
444,21,79,1,Other,Other
445,21,76,1,Other,Other
446,21,77,1,Other,Other
447,21,74,1,Other,Other
448,21,75,1,Other,Other
449,21,107,1,Other,Other
450,21,106,1,Other,Other
451,21,67,1,Other,Other
452,21,68,1,Other,Other
453,21,63,1,Other,Other
454,21,64,1,Other,Other
455,21,62,1,Other,Other
456,21,92,1,Other,Other
457,21,104,1,Other,Other
458,21,95,1,Other,Other
459,21,96,1,Other,Other
460,21,103,1,Other,Other
461,21,101,1,Other,Other
462,21,100,1,Other,Other
463,21,99,1,Other,Other
464,21,82,1,Other,Other
465,21,81,1,Other,Other
466,21,80,1,Other,Other
467,21,98,1,Other,Other
468,21,91,1,Other,Other
469,21,108,1,Other,Other
470,21,85,1,Other,Other
471,21,83,1,Other,Other
472,21,84,1,Other,Other
473,21,89,1,Other,Other
474,21,88,1,Other,Other
475,21,87,1,Other,Other
476,21,59,1,Other,Other
477,21,58,1,Other,Other
478,21,56,1,Other,Other
479,60,107,1,Eng,Other
480,60,88,1,Eng,Theory
481,60,85,1,Eng,Theory
482,126,88,1,MT010506,Theory
483,57,89,1,MT010709,Lab
484,123,88,1,MT010503,Theory
485,207,1,1,VL,Other
486,207,60,1,VL,Other
487,207,2,1,VL,Other
488,207,59,1,VL,Other
489,207,3,1,VL,Other
490,207,58,1,VL,Other
491,207,4,1,VL,Other
492,207,56,1,VL,Other
493,207,5,1,VL,Other
494,207,57,1,VL,Other
495,24,84,1,EN010302,Theory
496,208,78,1,,Other
497,209,73,0,MA101,Theory
498,209,109,1,MA101,Theory
499,210,109,1,CY100,Theory
500,112,109,1,BE110,Theory
501,211,109,1,BE10102,Theory
502,183,109,1,BE103,Theory
503,212,109,1,EE100,Theory
504,213,109,1,,Other
505,161,109,1,,Other
506,60,109,1,,Other
507,209,117,1,MA101,Theory
508,210,117,1,CY100,Theory
509,112,117,1,BE110,Theory
510,211,117,1,BE10102,Theory
511,209,118,1,MA101,Theory
512,210,118,1,CY100,Theory
513,112,118,1,BE110,Theory
514,211,118,1,BE10102,Theory
515,183,117,1,BE103,Theory
516,214,117,1,EC100,Theory
517,213,117,1,,Other
518,161,117,1,,Other
519,60,117,1,,Other
520,183,118,1,BE103,Theory
521,214,118,1,EC100,Theory
522,213,118,1,,Theory
523,60,118,1,,Other
524,209,111,1,MA101,Theory
525,209,112,1,MA101,Theory
526,210,111,1,CY100,Theory
527,210,112,1,CY100,Theory
528,112,111,1,BE110,Theory
529,112,112,1,BE110,Theory
530,215,111,1,BE10101,Theory
531,183,111,1,BE103,Theory
532,215,112,1,BE10101,Theory
533,183,112,1,BE103,Theory
534,214,111,1,EC100,Theory
535,214,112,1,EC100,Theory
536,213,111,1,,Other
537,213,112,1,,Other
538,161,111,1,,Other
539,161,112,1,,Other
540,60,111,1,,Other
541,60,112,1,,Other
542,209,124,1,MA101,Theory
543,210,124,1,CY100,Theory
544,112,124,1,BE110,Theory
545,216,124,1,BE10105,Theory
546,183,124,1,BE103,Theory
547,212,124,1,EE100,Theory
548,213,124,1,,Other
549,206,124,1,,Other
550,60,124,1,,Other
551,209,86,1,MA101,Theory
552,209,114,1,MA101,Theory
553,210,86,1,CY100,Theory
554,212,86,1,EE100,Theory
555,217,114,1,PH100,Theory
556,218,114,1,BE100,Theory
557,211,86,1,BE10102,Theory
558,216,114,1,BE10105,Theory
559,183,86,1,BE103,Theory
560,183,114,1,BE103,Theory
561,213,86,1,,Other
562,206,86,0,,Other
563,212,114,1,EE100,Theory
564,213,114,1,,Other
565,60,86,1,,Other
566,206,114,1,,Other
567,60,114,1,,Other
568,209,115,1,MA101,Theory
569,209,113,1,MA101,Theory
570,209,116,1,MA101,Theory
571,217,115,1,PH100,Theory
572,217,113,1,PH100,Theory
573,217,116,1,PH100,Theory
574,218,113,1,BE100,Theory
575,218,115,1,BE100,Theory
576,216,113,1,BE10105,Theory
577,183,113,1,BE103,Theory
578,212,113,1,EE100,Theory
579,219,115,1,BE10104,Theory
580,213,113,1,,Other
581,183,115,1,BE103,Theory
582,206,113,1,,Other
583,60,113,1,Eng,Other
584,220,115,1,ME100,Theory
585,213,115,1,,Other
586,221,115,1,,Lab
587,209,110,1,MA101,Theory
588,217,110,1,PH100,Theory
589,206,115,1,,Other
590,218,110,1,BE100,Theory
591,60,115,1,,Other
592,218,116,1,BE100,Theory
593,219,116,1,BE10104,Theory
594,183,116,1,BE103,Theory
595,220,116,1,ME100,Theory
596,213,116,1,,Other
597,182,110,1,BE10106,Theory
598,221,116,1,,Other
599,183,110,1,BE103,Theory
600,206,116,1,,Other
601,212,110,1,EE100,Theory
602,60,116,1,,Other
603,213,110,1,,Other
604,206,110,1,,Other
605,209,119,1,MA101,Theory
606,60,110,1,Eng,Theory
607,217,119,1,PH100,Theory
608,218,119,1,BE100,Theory
609,222,119,1,BE10103,Theory
610,183,119,1,BE103,Theory
611,220,119,1,ME100,Theory
612,213,119,1,,Other
613,206,119,1,,Other
614,221,119,1,,Other
615,60,119,1,,Other
616,409,86,1,EE110,Lab
617,224,86,1,ME110,Lab
618,224,109,1,ME110,Lab
619,224,117,1,ME110,Lab
620,119,109,1,EE110,Lab
621,223,117,1,,Lab
622,224,118,1,ME110,Lab
623,223,118,1,,Lab
624,224,124,0,,Lab
625,409,124,1,EE110,Lab
626,224,119,1,ME110,Lab
627,409,119,1,EE110,Lab
628,224,115,1,ME110,Lab
629,223,115,1,,Lab
630,223,111,1,,Lab
631,224,116,1,ME110,Lab
632,224,111,0,,Lab
633,223,116,1,,Lab
634,224,112,1,,Lab
635,224,113,0,,Lab
636,225,112,1,CE110,Lab
637,409,113,1,EE110,Lab
638,224,110,0,,Lab
639,224,114,0,,Lab
640,223,110,0,,Lab
641,409,114,1,EE110,Lab
642,225,111,1,CE110,Lab
643,221,111,1,,Other
644,406,110,1,PH110,Lab
645,227,110,1,CH110,Lab
646,228,110,1,,Other
647,221,117,1,,Lab
648,228,117,1,,Lab
649,229,124,1,CY110,Lab
650,230,124,1,CS110,Lab
651,228,124,1,,Lab
652,221,112,1,,Other
653,229,112,1,CY110,Lab
654,231,112,1,EC110,Lab
655,60,128,1,DMCA101,Theory
656,228,111,1,Lib,Other
657,21,111,1,,Other
658,235,112,1,,Other
659,21,112,1,,Other
660,406,115,1,PH110,Lab
661,232,128,1,DMCA102,Theory
662,233,128,1,DMCA103,Theory
663,234,128,1,DMCA104,Theory
664,237,128,1,DMCA105,Theory
665,235,111,1,,Other
666,235,115,1,,Other
667,238,128,1,DMCA107,Lab
668,239,128,1,DMCA106,Lab
669,232,125,1,MCA101,Theory
670,16,125,1,MCA102,Theory
671,240,125,1,MCA103,Theory
672,241,125,1,MCA104,Theory
673,242,125,1,MCA105,Theory
674,878,125,1,MCA108,Theory
675,238,125,1,MCA106,Lab
676,239,125,1,MCA107,Lab
677,243,126,1,MCA301,Theory
678,245,126,1,MCA302,Theory
679,244,126,1,MCA303,Theory
680,44,126,1,MCA304,Theory
681,96,126,1,MCA305,Theory
682,47,126,1,MCA307,Lab
683,246,126,1,MCA306,Lab
684,199,126,1,,Other
685,241,126,1,MCA104,Theory
686,232,126,1,MCA101,Theory
687,235,86,1,,Lab
688,206,86,1,,Lab
689,229,86,1,CY110,Lab
690,221,124,1,,Lab
691,230,113,1,CS110,Lab
692,230,114,1,CS110,Lab
693,247,113,1,PH110,Lab
694,247,114,1,PH110,Lab
695,74,74,1,CE010306,Theory
696,74,112,0,,Theory
697,69,98,1,ME010707,Lab
698,231,116,1,EC110,Lab
699,184,109,1,CY110,Lab
700,228,109,1,,Other
701,221,109,1,,Other
702,221,110,1,,Other
703,21,109,1,,Other
704,250,129,1,04EC6301,Theory
705,251,129,1,04EC6303,Theory
706,252,129,1,04EC6305,Theory
707,253,129,1,04EC6307,Theory
708,254,129,1,04EC6311,Theory
709,255,129,1,04GN6001,Theory
710,257,129,1,04EC6393,Lab
711,258,130,1,04EE6001,Theory
712,259,130,1,04EE6501,Theory
713,260,130,1,04EE6503,Theory
714,261,130,1,04EE6303,Theory
715,262,130,1,04EE6505,Theory
716,255,130,1,04GN6001,Theory
717,256,130,1,04EE6591,Lab
718,263,130,1,04EE6593,Lab
719,258,131,1,04EE6001,Theory
720,264,131,1,04EE6301,Theory
721,265,131,1,04EE6403,Theory
722,266,131,1,04EE6405,Theory
723,267,131,1,04EE6200,Theory
724,255,131,1,04GN6001,Theory
725,256,131,1,04EE6491,Lab
726,268,131,1,04EE6493,Lab
727,269,135,1,MNT101,Theory
728,270,135,1,MNT102,Theory
729,271,135,1,MNT103,Theory
730,272,135,1,MNT104,Theory
731,273,135,1,MNT105,Theory
732,255,135,1,MNT106,Theory
733,256,135,1,MNT107,Lab
734,274,135,1,MNT108,Lab
735,275,111,0,001ELLAB,Lab
736,206,118,1,Apt,Other
737,221,118,1,MP,Lab
738,275,117,0,E110,Lab
739,275,111,1,EC110,Lab
740,276,133,1,09ME6103,Theory
741,277,133,1,09ME6104,Theory
742,278,133,1,09ME6303,Theory
743,279,133,1,09ME6403,Theory
744,280,133,1,09ME6523,Theory
745,255,133,1,09ME6603,Theory
746,256,133,1,09ME6703,Lab
747,281,133,1,09ME6803,Lab
748,256,129,1,,Lab
749,282,134,1,,Theory
750,283,134,1,,Theory
751,284,134,1,,Theory
752,285,134,1,,Theory
753,286,134,1,04CS6111,Theory
754,255,134,1,,Theory
755,256,134,1,,Lab
756,287,134,1,,Lab
757,228,135,1,,Other
758,228,113,1,,Other
759,21,113,1,,Other
760,228,114,1,,Other
761,21,114,1,,Other
762,221,86,1,,Lab
763,206,111,1,,Other
764,229,111,1,CY110,Lab
765,229,117,1,CY110,Lab
766,229,118,1,CY110,Lab
767,406,116,1,PH110,Lab
768,288,134,0,04CE6101,Theory
769,289,132,1,04CE6103,Theory
770,288,132,1,04CE6101,Theory
771,290,132,1,04CE6105,Theory
772,291,132,1,04CE6107,Theory
773,292,134,0,04CE6113,Theory
774,292,132,1,04CE6113,Theory
775,255,132,1,04GN6001,Theory
776,256,132,1,04CE6191,Lab
777,293,132,1,04CE6193,Lab
778,288,136,1,04CE6401,Theory
779,289,136,1,04CE6403,Theory
780,294,136,1,04CE6405,Theory
781,291,136,1,04CE6407,Theory
782,295,136,1,04CE6413,Theory
783,255,136,1,04GN6001,Theory
784,256,136,1,04CE6491,Lab
785,90,136,1,04CE6493,Lab
786,231,118,1,EC110,Lab
787,206,92,1,,Other
788,205,92,1,,Other
789,205,93,1,,Lab
790,296,117,1,EC110,Lab
791,296,112,0,EC110,Lab
792,228,116,1,,Lab
793,135,98,1,"ME010708	",Lab
794,21,125,1,,Other
795,199,125,1,,Other
796,297,111,1,BE101-01,Tutorial
797,297,112,1,BE101-01,Tutorial
798,298,110,1,BE100,Tutorial
799,299,110,1,BE101-06,Tutorial
800,298,115,1,BE100,Tutorial
801,298,116,1,BE100,Tutorial
802,300,115,1,BE101-04,Tutorial
803,300,116,1,BE101-04,Tutorial
804,298,119,1,BE100,Tutorial
805,298,113,1,BE100,Tutorial
806,298,114,1,BE100,Tutorial
807,301,109,1,BE110,Tutorial
808,302,109,1,CY100,Tutorial
809,303,109,1,MA101,Tutorial
810,303,117,1,MA101,Tutorial
811,302,117,1,CY100,Tutorial
812,301,117,1,BE110,Tutorial
813,300,117,1,BE101-04,Tutorial
814,305,117,1,BE101-02,Tutorial
815,306,117,1,BE103,Tutorial
816,303,118,1,MA101,Tutorial
817,302,118,1,CY100,Tutorial
818,300,118,1,BE101-04,Tutorial
819,306,118,1,BE103,Tutorial
820,305,118,1,BE101-02,Tutorial
821,301,118,1,BE110,Tutorial
822,303,112,1,MA101,Tutorial
823,302,112,1,CY100,Tutorial
824,300,112,1,BE101-04,Tutorial
825,301,112,1,BE110,Tutorial
826,305,109,1,BE101-02,Tutorial
827,307,109,1,EE100,Tutorial
828,309,113,1,BE101-05,Tutorial
829,309,114,1,BE101-05,Tutorial
830,308,135,1,MNT102,Tutorial
831,303,114,1,MA101,Tutorial
832,310,135,1,MNT101,Tutorial
833,312,113,1,EE100,Tutorial
834,313,113,1,PH100,Tutorial
835,313,114,1,PH100,Tutorial
836,303,111,1,MA101,Tutorial
837,302,111,1,CY100,Tutorial
838,301,111,1,BE110,Tutorial
839,314,111,1,BE101-04,Tutorial
840,300,112,1,BE101-04,Tutorial
841,303,116,1,MA101,Tutorial
842,313,116,1,PH100,Tutorial
843,303,115,1,MA101,Tutorial
844,305,115,1,ME100,Tutorial
845,305,116,1,ME100,Tutorial
846,301,86,1,BE100,Tutorial
847,313,115,1,PH100,Tutorial
848,302,86,1,CY100,Tutorial
849,303,86,1,MA101,Tutorial
850,307,86,1,EE100,Tutorial
851,305,86,1,ME100,Tutorial
852,312,114,1,EE100,Tutorial
853,303,110,1,MA101,Tutorial
854,316,119,1,BE101-03,Tutorial
855,315,119,1,ME100,Tutorial
856,303,113,1,MA101,Tutorial
857,303,124,1,MA101,Tutorial
858,302,124,1,CY100,Tutorial
859,301,124,1,BE110,Tutorial
860,307,124,1,BE101-03,Tutorial
861,309,124,1,BE101-05,Tutorial
862,303,119,1,MA101,Tutorial
863,313,110,1,PH100,Tutorial
864,226,119,1,PH110,Lab
865,307,110,1,EE100,Tutorial
866,316,119,1,BE101-03,Tutorial
867,313,119,1,PH100,Tutorial
868,255,139,1,MCPRM301,Theory
869,317,139,1,MCSCS302,Theory
870,318,139,1,MCSCS303,Lab
871,21,139,1,,Other
872,320,91,1,ME010702,Tutorial
873,319,91,1,ME010701,Tutorial
874,321,91,1,ME010703,Tutorial
875,322,91,1,ME010704,Tutorial
876,323,91,1,ME010705,Tutorial
877,324,91,1,ME010706L04,Tutorial
878,325,85,1,EN010501A,Tutorial
879,326,85,1,EN010503,Tutorial
880,330,85,1,EN010502,Tutorial
881,327,85,1,EN010504,Tutorial
882,328,85,1,EN010505,Tutorial
883,331,84,1,EN010301A,Tutorial
884,332,84,1,EN010302,Tutorial
885,333,84,1,EN010303,Tutorial
886,334,84,1,EN010304,Tutorial
887,335,84,1,EN010305,Tutorial
888,336,84,1,EN010306,Tutorial
889,221,113,1,,Lab
890,221,67,0,,Lab
891,221,114,1,,Lab
892,21,110,1,,Other
893,21,132,1,,Other
894,21,134,1,,Other
895,21,119,1,,Other
896,21,130,1,,Other
897,21,115,1,,Other
898,21,116,1,,Other
899,21,124,1,,Other
900,21,117,1,,Other
901,21,118,1,,Other
902,21,86,1,,Other
903,21,128,1,,Other
904,21,126,1,,Other
905,337,74,1,CE010304,Tutorial
906,337,75,1,CE010304,Tutorial
907,333,74,1,CE010303,Tutorial
908,333,75,1,CE010303,Tutorial
909,339,74,1,CE010306,Tutorial
910,339,75,1,CE010306,Tutorial
911,340,74,1,CE010305,Tutorial
912,340,75,1,CE010305,Tutorial
913,341,74,0,EN010301A,Tutorial
914,341,75,1,EN010301A,Tutorial
915,342,76,1,CE010506,Tutorial
916,342,77,1,CE010506,Tutorial
917,343,76,1,CE010503,Tutorial
918,343,77,1,EN010503,Tutorial
919,344,76,1,CE010504,Tutorial
920,344,77,1,CE010504,Tutorial
921,341,76,1,EN010501A,Tutorial
922,341,77,1,EN010501A,Tutorial
923,345,76,1,CE010505,Tutorial
924,345,77,1,CE010505,Tutorial
925,346,76,1,CE010502,Tutorial
926,346,77,1,CE010502,Tutorial
927,347,78,1,CE010701,Tutorial
928,347,79,1,CE010701,Tutorial
929,348,78,1,CE010704,Tutorial
930,348,79,1,CE010704,Tutorial
931,349,78,1,CE010705,Tutorial
932,349,79,1,CE010705,Tutorial
933,350,78,1,CE010706L03,Tutorial
934,350,79,1,CE010706L03,Tutorial
935,351,78,1,CE010702,Tutorial
936,351,79,1,CE010702,Tutorial
937,352,78,1,CE010703,Tutorial
938,352,79,1,CE010703,Tutorial
939,353,133,1,09ME6104,Tutorial
940,354,133,1,09ME6303,Tutorial
941,355,133,1,09ME6603,Tutorial
942,331,96,1,EN010301,Tutorial
943,357,96,1,ENG,Tutorial
944,332,96,1,EN010302,Tutorial
945,371,96,1,EC010303,Tutorial
946,358,96,1,EC010304,Tutorial
947,359,96,1,EC010305,Tutorial
948,346,96,1,EC010306,Tutorial
949,331,103,1,EN010301,Tutorial
950,357,103,1,EN010302,Tutorial
951,36,103,1,EN010302,Tutorial
952,371,103,1,EC010303,Tutorial
953,358,103,1,EC010304,Tutorial
954,359,103,1,EC010305,Tutorial
955,346,103,1,EC010306,Tutorial
956,325,104,1,EN010501A,Tutorial
957,325,95,1,EN010501A,Tutorial
958,360,104,1,EC010502,Tutorial
959,360,95,1,EC010502,Tutorial
960,361,95,1,EC010503,Tutorial
961,362,95,1,EC010508(EE),Tutorial
962,362,104,1,EC010508(EE),Tutorial
963,363,104,1,EC010505,Tutorial
964,363,95,1,EC010505,Tutorial
965,364,104,1,EC010506,Tutorial
966,364,95,1,EC010506,Tutorial
967,365,92,1,EC010701,Tutorial
968,365,93,1,EC010701,Tutorial
969,366,92,1,EC010702,Tutorial
970,366,93,1,EC010702,Tutorial
971,367,92,1,EC010703,Tutorial
972,367,93,1,EC010703,Tutorial
973,368,92,1,EC010704,Tutorial
974,368,93,1,EC010704,Tutorial
975,369,92,1,EC010705,Tutorial
976,369,93,1,EC010705,Tutorial
977,370,93,1,EC010706Lxx,Tutorial
978,370,92,1,EC010706Lxx,Tutorial
979,329,108,1,ME010506,Tutorial
980,325,108,1,EN010501A,Tutorial
981,328,108,1,ME010505,Tutorial
982,330,108,1,ME010502,Tutorial
983,327,108,1,ME010504,Tutorial
984,326,108,1,ME010503,Tutorial
985,319,98,1,ME010701,Tutorial
986,320,98,1,ME010702,Tutorial
987,321,98,1,ME010703,Tutorial
988,322,98,1,ME010704,Tutorial
989,324,98,1,ME010706L04,Tutorial
990,323,98,1,ME010705,Tutorial
991,249,116,1,,Lab
992,207,128,1,,Other
993,331,74,1,,Tutorial
994,60,69,0,EN010302,Theory
995,57,79,1,CE010709,Lab
996,57,78,1,CE010709,Lab
997,356,61,1,,Tutorial
998,332,61,1,,Tutorial
999,372,61,1,,Tutorial
1000,373,61,1,,Tutorial
1001,374,61,1,,Tutorial
1002,375,61,1,,Tutorial
1003,356,62,1,,Tutorial
1004,332,62,1,,Tutorial
1005,372,62,1,,Tutorial
1006,375,62,1,,Tutorial
1007,373,62,1,,Tutorial
1008,374,62,1,,Tutorial
1009,376,63,1,,Tutorial
1010,376,64,1,,Tutorial
1011,377,63,1,,Tutorial
1012,377,64,1,,Tutorial
1013,378,63,1,,Tutorial
1014,378,64,1,,Tutorial
1015,379,63,1,,Tutorial
1016,380,63,1,,Tutorial
1017,380,64,1,,Tutorial
1018,379,64,1,,Tutorial
1019,381,63,1,,Tutorial
1020,381,64,1,,Tutorial
1021,382,67,1,,Tutorial
1022,383,67,1,,Tutorial
1023,385,67,1,,Tutorial
1024,383,68,1,,Tutorial
1025,385,68,1,,Tutorial
1026,382,68,1,,Tutorial
1027,386,67,1,,Tutorial
1028,384,67,1,,Tutorial
1029,386,68,1,,Tutorial
1030,384,68,1,,Tutorial
1031,370,67,1,,Tutorial
1032,370,68,1,,Tutorial
1033,235,128,1,,Other
1034,199,128,1,,Other
1035,388,142,1,MCA501,Theory
1036,389,142,1,MCA502,Theory
1037,51,142,1,MCA503,Theory
1038,106,142,1,MCA504,Theory
1039,392,142,1,MCA505,Theory
1040,391,142,1,MCA506,Lab
1041,160,142,1,MCA507,Lab
1042,393,142,1,MCA508,Lab
1043,199,142,1,,Other
1044,388,144,1,MCA501,Theory
1045,389,144,1,MCA502,Theory
1046,51,144,1,MCA503,Theory
1047,106,144,1,MCA504,Theory
1048,392,144,1,MCA505,Theory
1049,391,144,1,MCA506,Lab
1050,160,144,1,MCA507,Lab
1051,393,144,1,MCA508,Lab
1052,199,144,1,,Other
1053,243,143,1,MCA301,Theory
1054,245,143,1,MCA302,Theory
1055,244,143,1,MCA303,Theory
1056,44,143,1,MCA304,Theory
1057,96,143,1,MCA305,Theory
1058,246,143,1,MCA306,Lab
1059,47,143,1,MCA307,Lab
1060,199,143,1,,Other
1061,21,142,1,MCA509,Other
1062,213,142,1,MCA510,Other
1063,394,145,1,04EC6302,Theory
1064,395,145,1,04EC6304,Theory
1065,396,145,1,04EC6306,Theory
1066,397,145,1,04EC6308,Theory
1067,398,145,1,04EC6324,Theory
1068,393,145,1,04EC6392,Lab
1069,399,145,1,04EC6394,Lab
1070,240,146,1,DMCA301,Theory
1071,4,146,1,DMCA302,Theory
1072,44,146,1,DMCA303,Theory
1073,400,146,1,DMCA304,Theory
1074,401,146,1,DMCA305,Theory
1075,403,146,1,DMCA306,Lab
1076,402,146,1,DMCA307,Lab
1077,199,146,0,,Other
1078,413,147,1,MA102,Theory
1079,217,147,1,PH100,Theory
1080,404,147,1,BE102,Theory
1081,405,147,1,CE100,Theory
1082,214,147,1,EC100,Theory
1083,218,147,1,BE100,Theory
1084,406,147,1,PH110,Lab
1085,296,147,1,EC110,Lab
1086,60,147,1,,Other
1087,413,148,1,MA102,Theory
1088,217,148,1,PH100,Theory
1089,404,148,1,BE102,Theory
1090,405,148,1,CE100,Theory
1091,212,148,1,EE100,Theory
1092,218,148,1,BE100,Theory
1093,406,148,1,PH110,Lab
1094,60,148,1,,Other
1095,413,149,1,MA102,Theory
1096,217,149,1,PH100,Theory
1097,404,149,1,BE102,Theory
1098,405,149,1,CE100,Theory
1099,212,149,1,EE100,Theory
1100,218,149,1,BE100,Theory
1101,406,149,1,PH110,Lab
1102,60,149,1,,Other
1103,413,150,1,MA102,Theory
1104,217,150,1,PH100,Theory
1105,404,150,1,BE102,Theory
1106,220,150,1,ME100,Theory
1107,212,150,1,EE100,Theory
1108,218,150,1,BE100,Theory
1109,406,150,1,PH110,Lab
1110,224,150,1,ME110,Lab
1111,60,150,1,,Other
1112,413,151,1,MA102,Theory
1113,217,151,1,PH100,Theory
1114,404,151,1,BE102,Theory
1115,220,151,1,ME100,Theory
1116,212,151,1,EE100,Theory
1117,218,151,1,BE100,Theory
1118,406,151,1,PH110,Lab
1119,224,151,1,ME110,Lab
1120,60,151,1,,Other
1121,413,152,1,MA102,Theory
1122,217,152,1,PH100,Theory
1123,404,152,1,BE102,Theory
1124,220,152,1,ME100,Theory
1125,214,152,1,EC100,Theory
1126,218,152,1,BE100,Theory
1127,406,152,1,PH110,Lab
1128,224,152,1,ME110,Lab
1129,296,152,1,EC110,Lab
1130,60,152,1,,Other
1131,413,153,1,MA102,Theory
1132,217,153,1,PH100,Theory
1133,404,153,1,BE102,Theory
1134,405,153,1,CE100,Theory
1135,214,153,1,EC100,Theory
1136,218,153,1,BE100,Theory
1137,406,153,1,PH110,Lab
1138,296,153,1,EC110,Lab
1139,60,153,1,,Other
1140,413,154,1,MA102,Theory
1141,302,154,1,CY100,Theory
1142,220,154,1,ME100,Theory
1143,214,154,1,EC100,Theory
1144,112,154,1,BE110,Theory
1145,408,154,1,CY110,Lab
1146,224,154,1,ME110,Lab
1147,296,154,1,EC110,Lab
1148,60,154,1,,Other
1149,413,155,1,MA102,Theory
1150,210,155,1,CY100,Theory
1151,220,155,1,ME100,Theory
1152,214,155,1,EC100,Theory
1153,112,155,1,BE110,Theory
1154,408,155,1,CY110,Lab
1155,224,155,1,ME110,Lab
1156,296,155,1,EC110,Lab
1157,60,155,1,,Other
1158,413,156,1,MA102,Theory
1159,210,156,1,CY100,Theory
1160,404,156,1,BE102,Theory
1161,405,156,1,CE100,Theory
1162,212,156,1,EE100,Theory
1163,112,156,1,BE100,Theory
1164,408,156,1,CY110,Lab
1165,60,156,1,,Other
1166,413,157,1,MA102,Theory
1167,210,157,1,CY100,Theory
1168,404,157,1,BE102,Theory
1169,405,157,1,CE100,Theory
1170,212,157,1,EE100,Theory
1171,112,157,1,BE110,Theory
1172,408,157,1,CY110,Lab
1173,60,157,1,,Other
1174,413,158,1,MA102,Theory
1175,210,158,1,CY100,Theory
1176,404,158,1,BE102,Theory
1177,405,158,1,CE100,Theory
1178,214,158,1,EC100,Theory
1179,112,158,1,BE110,Theory
1180,408,158,1,CY110,Lab
1181,296,158,1,EC110,Lab
1182,60,158,1,,Other
1183,413,160,1,MA102,Theory
1184,210,160,1,CY100,Theory
1185,404,160,1,BE102,Theory
1186,220,160,1,ME100,Theory
1187,214,110,1,EC100,Theory
1188,112,160,1,BE110,Theory
1189,214,160,1,EC100,Theory
1190,408,160,1,CY110,Lab
1191,224,160,1,ME110,Lab
1192,296,160,1,EC110,Lab
1193,60,160,1,,Other
1194,221,158,1,,Other
1195,407,156,1,CE110,Lab
1196,409,156,1,EE110,Lab
1197,221,156,1,,Other
1198,213,156,1,,Other
1199,206,156,1,,Other
1200,213,160,1,,Other
1201,206,160,1,,Other
1202,221,160,1,,Other
1203,206,158,1,,Other
1204,213,152,1,,Other
1205,206,152,1,,Other
1206,221,152,1,,Other
1207,21,152,1,,Other
1208,255,161,1,MCPRM301,Theory
1209,410,161,1,MECCE302,Theory
1210,412,161,1,MECCE303,Lab
1211,411,161,1,MECCE303,Theory
1212,221,151,1,,Other
1213,213,151,1,,Other
1214,206,151,1,,Other
1215,409,151,1,EE110,Lab
1216,407,148,1,CE110,Lab
1217,213,148,1,,Other
1218,221,148,1,,Other
1219,213,158,1,,Other
1220,404,154,1,BE102,Theory
1221,404,155,1,BE102,Theory
1222,213,154,1,,Other
1223,213,155,1,,Other
1224,221,154,1,,Other
1225,221,155,1,,Other
1226,409,148,1,EE110,Lab
1227,414,163,1,CS010401,Theory
1228,415,163,1,CS010402,Theory
1229,416,163,1,CS010403,Theory
1230,417,163,1,CS010404,Theory
1231,419,163,1,CS010405,Theory
1232,418,163,1,CS010406,Theory
1233,7,163,1,CS010407,Lab
1234,94,163,1,CS010408,Lab
1235,414,164,1,CS010401,Theory
1236,415,164,1,CS010402,Theory
1237,416,164,1,CS010403,Theory
1238,417,164,1,CS010404,Theory
1239,419,164,1,CS010405,Theory
1240,418,164,1,CS010406,Theory
1241,7,164,1,CS010407,Lab
1242,94,164,1,CS010408,Lab
1243,420,166,1,CS010601,Theory
1244,420,167,1,CS010601,Theory
1245,421,166,1,CS010602,Theory
1246,421,167,1,CS010602,Theory
1247,244,166,1,CS010603,Theory
1248,244,167,1,CS010603,Theory
1249,9,166,1,CS010604,Theory
1250,9,167,1,CS010604,Theory
1251,245,166,1,CS010605,Theory
1252,245,167,1,CS010605,Theory
1253,422,166,1,CS010606,Theory
1254,422,167,1,CS010606,Theory
1255,423,166,1,CS010607,Lab
1256,393,166,1,CS010608,Lab
1257,423,167,1,CS010607,Lab
1258,393,167,1,CS010608,Lab
1259,22,67,0,CS010801,Theory
1260,22,168,1,CS010801,Theory
1261,22,169,1,CS010801,Theory
1262,424,168,1,CS010802,Theory
1263,424,169,1,CS010802,Theory
1264,425,168,1,CS010803,Theory
1265,425,169,1,CS010803,Theory
1266,426,168,1,CS010804L01,Elective
1267,426,169,1,CS010804L01,Elective
1268,427,168,1,CS010805G04,Elective
1269,428,168,1,CS010806,Lab
1270,58,168,1,CS010807,Lab
1271,427,169,1,CS010805G04,Elective
1272,407,158,1,CE110,Lab
1273,428,169,1,CS010806,Lab
1274,58,169,1,CS010807,Lab
1275,429,170,1,04CS6102,Theory
1276,430,170,1,04CS6104,Theory
1277,431,170,1,04CS6106,Theory
1278,432,170,1,04CS6114,Theory
1279,433,170,1,04CS6122,Theory
1280,393,170,1,04CS6192,Lab
1281,434,170,1,04CS6194,Lab
1282,414,171,1,EN010401,Theory
1283,435,171,1,CH010402,Theory
1284,436,171,1,CH010403,Theory
1285,437,171,1,CH010404,Theory
1286,438,171,1,CH010405,Theory
1287,439,171,1,CH010406,Theory
1288,440,171,1,CH010407,Lab
1289,441,171,1,CH010408,Lab
1290,442,172,1,CH010601,Theory
1291,443,172,1,CH010602,Theory
1292,444,172,1,CH010603,Theory
1293,445,172,1,CH010604,Theory
1294,446,172,1,CH010605,Theory
1295,447,172,1,CH010606L01,Elective
1296,448,172,1,CH010606L05,Elective
1297,449,172,1,CH010607,Lab
1298,450,172,1,CH010608,Lab
1299,361,104,1,EC010503,Tutorial
1300,31,174,1,EN010401,Theory
1301,43,174,1,EN010402,Theory
1302,465,174,1,MT010403,Theory
1303,466,174,1,MT010404,Theory
1304,467,174,1,MT010405,Theory
1305,468,174,1,MT010406,Theory
1306,469,174,1,MT010407,Lab
1307,470,174,1,MT010408,Lab
1308,60,174,1,,Other
1309,206,174,1,,Other
1310,457,175,1,MT010601,Theory
1311,458,175,1,MT010602,Theory
1312,459,175,1,MT010603,Theory
1313,460,175,1,MT010604,Theory
1314,461,175,1,MT010605,Theory
1315,462,175,1,MT010606,Theory
1316,463,175,1,MT010607,Lab
1317,464,175,1,MT010608,Lab
1318,60,175,1,,Other
1319,206,175,1,,Other
1320,451,176,1,MT010801,Theory
1321,452,176,1,MT010802,Theory
1322,453,176,1,MT010803,Theory
1323,454,176,1,MT010804L03,Theory
1324,455,176,1,MT010805G01,Theory
1325,456,176,1,MT010806,Lab
1326,58,176,1,MT010807,Lab
1327,206,176,1,,Other
1328,414,179,1,EN010401,Theory
1329,43,179,1,EN010402,Theory
1330,481,179,1,AU010403,Theory
1331,482,179,1,AU010404,Theory
1332,438,179,1,AU010405,Theory
1333,483,179,1,AU010406,Theory
1334,484,179,1,AU010407,Lab
1335,485,179,1,AU010408,Lab
1336,474,173,1,AU010601,Theory
1337,475,173,1,AU010602,Theory
1338,476,173,1,AU010603,Theory
1339,477,173,1,AU010604,Theory
1340,478,173,1,AU010605,Theory
1341,12,173,1,AU010606,Elective
1342,479,173,1,AU010607,Lab
1343,480,173,1,AU010608,Lab
1344,471,177,1,AU010801,Theory
1345,454,177,1,AU010802,Theory
1346,472,177,1,AU010803,Theory
1347,426,177,1,AU010804,Elective
1348,427,177,1,AU010805,Elective
1349,473,177,1,AU010806,Lab
1350,58,177,1,AU010807,Lab
1351,225,153,1,CE110,Lab
1352,213,153,1,,Other
1353,206,153,1,,Other
1354,221,153,1,,Other
1355,414,182,1,EN010401,Theory
1356,43,182,1,EN010402,Theory
1357,240,182,1,IT010403,Theory
1358,418,182,1,IT010404,Theory
1359,416,182,1,IT010405,Theory
1360,864,182,1,IT0100406,Theory
1361,42,182,1,IT010407,Lab
1362,7,182,1,IT010408-1,Lab
1363,6,182,1,IT010408-2,Lab
1364,246,182,1,IT010408-3,Lab
1365,9,181,1,IT010601,Theory
1366,45,181,1,IT010602,Theory
1367,174,181,1,IT010603,Theory
1368,245,181,1,IT010604,Theory
1369,420,181,1,IT010605,Theory
1370,422,181,1,IT010606L03,Theory
1371,56,181,1,IT010607,Lab
1372,393,181,1,IT010608,Lab
1373,486,180,1,IT010801,Theory
1374,497,180,1,IT010802,Theory
1375,424,180,1,IT010803,Theory
1376,12,180,1,IT010804,Theory
1377,54,180,1,IT010805,Elective
1378,58,180,1,IT010807,Lab
1379,498,180,1,IT010806,Lab
1380,206,154,1,,Other
1381,206,155,1,,Other
1382,486,183,1,EC010801,Theory
1383,487,183,1,EC010802,Theory
1384,488,183,1,EC010803,Theory
1385,426,183,1,EC010804,Elective
1386,427,183,1,EC010805,Elective
1387,489,183,1,EC010806,Lab
1388,58,183,1,EC010807,Lab
1389,206,183,1,,Other
1390,199,183,1,,Other
1391,486,184,1,EC010801,Theory
1392,487,184,1,EC010802,Theory
1393,488,184,1,EC010803,Theory
1394,426,184,1,EC010804,Elective
1395,427,184,1,EC010805,Elective
1396,489,184,1,EC010806,Lab
1397,58,184,1,EC010807,Lab
1398,161,184,1,,Other
1399,199,184,1,,Other
1400,414,189,1,EN010401,Theory
1401,414,190,1,EN010401,Theory
1402,499,189,1,CE010402,Theory
1403,499,190,1,CE010402,Theory
1404,500,189,1,CE010403,Theory
1405,500,190,1,CE010403,Theory
1406,501,189,1,CE010404,Theory
1407,501,190,1,CE010404,Theory
1408,502,189,1,CE010405,Theory
1409,502,190,1,CE010405,Theory
1410,503,189,1,CE010406,Theory
1411,503,190,1,CE010406,Theory
1412,504,189,1,CE010407,Lab
1413,504,190,1,CE010407,Lab
1414,505,189,1,CE010408,Lab
1415,505,190,1,CE010408,Lab
1416,506,189,1,,Other
1417,60,189,1,,Other
1418,506,190,1,,Other
1419,60,190,1,,Other
1420,507,191,1,CE010601,Theory
1421,507,192,1,CE010601,Theory
1422,508,191,1,CE010602,Theory
1423,508,192,1,CE010602,Theory
1424,509,191,1,CE010603,Theory
1425,509,192,1,CE010603,Theory
1426,510,191,1,CE010604,Theory
1427,510,192,1,CE010604,Theory
1428,511,191,1,CE010605,Theory
1429,511,192,1,CE010605,Theory
1430,298,147,1,BE100,Tutorial
1431,512,78,1,CE010606L05,Elective
1432,512,192,1,CE010606L05,Elective
1433,513,191,1,CE010607,Lab
1434,513,192,1,CE010607,Lab
1435,514,191,1,CE010608,Lab
1436,514,192,1,CE010608,Lab
1437,60,191,1,,Other
1438,60,192,1,,Other
1439,515,193,1,CE010801,Theory
1440,515,194,1,CE010801,Theory
1441,516,193,1,CE010802,Theory
1442,516,194,1,CE010802,Theory
1443,517,193,1,CE010803,Theory
1444,517,194,1,CE010803,Theory
1445,518,193,1,CE010804L05,Elective
1446,518,194,1,CE010804L05,Elective
1447,519,193,1,CE010805G01,Elective
1448,519,194,1,CE010805G01,Elective
1449,520,193,1,CE010805G02,Elective
1450,520,194,1,CE010805G02,Elective
1451,449,193,1,CE010806,Lab
1452,449,193,0,CE010806,Lab
1453,521,194,1,CE010806,Lab
1454,58,193,1,,Lab
1455,58,194,1,,Lab
1456,414,187,1,EN010401,Theory
1457,414,188,1,EN010401,Theory
1458,43,187,1,EN010402,Theory
1459,43,188,1,EN010402,Theory
1460,146,187,1,EC010403,Theory
1461,146,188,1,EC010403,Theory
1462,522,187,1,EC010404,Theory
1463,522,188,1,EC010404,Theory
1464,523,187,1,EC010405,Theory
1465,523,188,1,EC010405,Theory
1466,524,187,1,EC010406,Theory
1467,524,188,1,EC010406,Theory
1468,525,187,1,EC010407,Lab
1469,525,188,1,EC010407,Lab
1470,526,187,1,EC010408,Lab
1471,526,188,1,EC010408,Lab
1472,60,187,1,,Other
1473,60,188,1,,Other
1474,21,187,1,,Other
1475,21,188,1,,Other
1476,474,195,1,ME010601,Theory
1477,474,196,1,ME010601,Theory
1478,475,196,1,ME010602,Theory
1479,527,196,1,ME010603,Theory
1480,530,196,1,ME010604,Theory
1481,478,196,1,ME010605,Theory
1482,12,196,1,ME010606,Elective
1483,532,196,1,ME010607,Lab
1484,533,196,1,ME010608,Lab
1485,206,196,1,,Other
1486,60,196,1,,Other
1487,475,195,1,ME010602,Theory
1488,527,195,1,ME010603,Theory
1489,530,195,1,ME010604,Theory
1490,478,195,1,ME010605,Theory
1491,12,195,1,ME010606,Elective
1492,532,195,1,ME010607,Lab
1493,533,195,1,ME010608,Lab
1494,206,195,1,,Other
1495,60,195,1,,Other
1496,409,150,1,EE110,Lab
1497,409,149,1,EE110,Lab
1498,414,197,1,EN010401,Theory
1499,43,197,1,EN010402,Theory
1500,534,197,1,ME010403,Theory
1501,482,197,1,ME010404,Theory
1502,438,197,1,ME010405,Theory
1503,483,197,1,ME010406,Theory
1504,535,197,1,ME010407,Lab
1505,485,197,1,ME010408,Lab
1506,60,197,1,,Other
1507,206,197,1,,Other
1508,471,200,1,ME010801,Theory
1509,454,200,1,ME010802,Theory
1510,537,200,1,ME010803,Theory
1511,538,200,1,ME010804L05,Elective
1512,455,200,1,ME010805G01,Elective
1513,536,200,1,ME010806,Lab
1514,58,200,1,ME010807,Lab
1515,414,198,1,EN010401,Theory
1516,43,198,1,EN010402,Theory
1517,534,198,1,ME010403,Theory
1518,482,198,1,ME010404,Theory
1519,438,198,1,ME010405,Theory
1520,483,198,1,ME010406,Theory
1521,535,198,1,ME010407,Lab
1522,485,198,1,ME010408,Lab
1523,206,198,1,,Other
1524,60,198,1,,Other
1525,471,199,1,ME010801,Theory
1526,454,199,1,ME010802,Theory
1527,537,199,1,ME010803,Theory
1528,538,199,1,ME010804L05,Elective
1529,455,199,1,ME010805G01,Elective
1530,536,199,1,ME010806,Lab
1531,58,199,1,ME010807,Lab
1532,206,199,1,,Other
1533,519,201,1,04ME6502,Theory
1534,404,201,1,04ME6504,Theory
1535,540,201,1,04ME6506,Theory
1536,32,201,1,04ME6512,Theory
1537,541,201,1,04ME6518,Theory
1538,513,201,1,04ME9594,Lab
1539,393,201,1,04ME6592,Lab
1540,555,204,1,EE010801,Theory
1541,556,204,1,EE010802,Theory
1542,557,204,1,EE010803,Theory
1543,426,204,1,EE010804,Elective
1544,427,204,1,EE010805,Elective
1545,549,203,1,EE010601,Theory
1546,550,203,1,EE010602,Theory
1547,166,203,1,EE010603,Theory
1548,45,203,1,EE010604,Theory
1549,551,203,1,EE010605,Theory
1550,552,203,1,EE010606L06,Elective
1551,553,203,1,EE010607,Lab
1552,554,203,1,EE010608,Lab
1553,60,203,1,,Other
1554,206,203,1,,Other
1555,414,202,1,EN010401,Theory
1556,542,202,1,EE010402,Theory
1557,543,202,1,EE010403,Theory
1558,544,202,1,EE010404,Theory
1559,545,202,1,EE010405,Theory
1560,546,202,1,EE010406,Theory
1561,547,202,1,EE010407,Lab
1562,548,202,1,EE010408,Lab
1563,60,202,1,,Other
1564,206,202,1,,Other
1565,561,204,1,EE010806,Lab
1566,58,204,1,EE010807,Lab
1567,206,204,1,,Other
1568,490,185,1,EC010601,Theory
1569,490,186,1,EC010601,Theory
1570,45,185,1,EC010602,Theory
1571,45,186,1,EC010602,Theory
1572,491,185,1,EC010603,Theory
1573,491,186,1,EC010603,Theory
1574,492,185,1,EC010604,Theory
1575,492,186,1,EC010604,Theory
1576,493,185,1,EC010605,Theory
1577,493,186,1,EC010605,Theory
1578,12,185,1,EC010606,Elective
1579,12,186,1,EC010606,Elective
1580,60,181,1,,Other
1581,60,182,1,,Other
1582,554,185,0,EC010607,Lab
1583,199,181,1,,Other
1584,199,180,1,,Other
1585,496,185,1,EC010607,Lab
1586,554,186,1,EC010607,Lab
1587,393,185,1,EC010608,Lab
1588,393,186,1,EC010608,Lab
1589,60,185,1,,Other
1590,60,186,1,,Other
1591,206,185,1,,Other
1592,206,186,1,,Other
1593,568,189,1,EN010401,Tutorial
1594,569,189,1,CE010402,Tutorial
1595,570,189,1,CE010403,Tutorial
1596,571,189,1,CE010404,Tutorial
1597,572,189,1,CE010405,Tutorial
1598,568,190,1,EN010401,Tutorial
1599,569,190,1,EN010402,Tutorial
1600,337,190,1,EN010403,Tutorial
1601,571,190,1,EN010404,Tutorial
1602,572,190,1,EN010405,Tutorial
1603,562,191,1,CE010601,Tutorial
1604,562,192,1,CE010601,Tutorial
1605,563,191,1,CE010602,Tutorial
1606,563,192,1,CE010602,Tutorial
1607,564,192,1,CE010603,Tutorial
1608,565,191,1,CE010604,Tutorial
1609,565,192,1,CE010604,Tutorial
1610,566,191,1,CE010605,Tutorial
1611,566,192,1,CE010605,Tutorial
1612,567,191,1,CE010606,Tutorial
1613,567,192,1,CE010606,Tutorial
1614,573,193,1,CE010801,Tutorial
1615,573,194,1,CE010801,Tutorial
1616,574,193,1,CE010802,Tutorial
1617,574,194,1,CE010802,Tutorial
1618,575,193,1,CE010803,Tutorial
1619,575,194,1,CE010803,Tutorial
1620,576,194,1,CE010804L05,Tutorial
1621,576,193,1,CE010804L05,Tutorial
1622,577,193,1,CE010805G01,Tutorial
1623,577,194,1,CE010805G01,Tutorial
1624,578,193,1,CE010805G02,Tutorial
1625,578,194,1,CE010805G02,Tutorial
1626,60,163,1,,Other
1627,60,164,1,,Other
1628,21,163,1,,Other
1629,21,164,1,,Other
1630,579,156,1,BE102,Lab
1631,579,157,1,BE102,Lab
1632,580,183,1,EC010801,Tutorial
1633,581,183,1,EC010802,Tutorial
1634,582,183,1,EC010803,Tutorial
1635,583,183,1,EC010804LL02,Tutorial
1636,584,183,1,EC010804LL03,Tutorial
1637,580,184,1,EC010801,Tutorial
1638,581,184,1,EC010802,Tutorial
1639,582,184,1,EC010803,Tutorial
1640,583,184,1,EC010804LL02,Tutorial
1641,584,184,1,EC010804LL02,Tutorial
1642,585,185,1,EC010601,Tutorial
1643,60,179,1,,Other
1644,60,166,1,,Other
1645,60,167,1,,Other
1646,772,156,1,MA102,Tutorial
1647,304,156,1,CY100,Tutorial
1648,769,156,1,CE100,Tutorial
1649,703,156,1,EE100,Tutorial
1650,301,156,1,BE100,Tutorial
1651,772,157,1,MA102,Tutorial
1652,304,157,1,CY100,Tutorial
1653,769,157,1,CE100,Tutorial
1654,703,157,1,EE100,Tutorial
1655,301,157,1,BE110,Tutorial
1656,568,187,1,EN010401,Tutorial
1657,592,187,1,EN010402,Tutorial
1658,683,187,1,EC010403,Tutorial
1659,594,187,1,EC010404,Tutorial
1660,595,187,1,EC010405,Tutorial
1661,596,187,1,EC010406,Tutorial
1662,568,188,1,EN010401,Tutorial
1663,592,188,1,EN010402,Tutorial
1664,683,188,1,EC010403,Tutorial
1665,594,188,1,EC010404,Tutorial
1666,595,188,1,EC010405,Tutorial
1667,596,188,1,EC010406,Tutorial
1668,585,186,1,EC010601,Tutorial
1669,586,186,1,EC010602,Tutorial
1670,587,186,1,EC010603,Tutorial
1671,588,186,1,EC010604,Tutorial
1672,589,186,1,EC010605,Tutorial
1673,606,186,1,EC010606,Tutorial
1674,586,185,1,EC010602,Tutorial
1675,587,185,1,EC010603,Tutorial
1676,588,185,1,EC010604,Tutorial
1677,589,185,1,EC010605,Tutorial
1678,606,185,1,EC010606,Tutorial
1679,0,183,1,EC010804,Tutorial
1680,813,177,1,AU010801,Tutorial
1681,801,177,1,AU010802,Tutorial
1682,814,177,1,AU010803,Tutorial
1683,0,177,1,AU010804,Tutorial
1684,815,173,1,AU010601,Tutorial
1685,816,173,1,AU010602,Tutorial
1686,817,173,1,AU010603,Tutorial
1687,818,173,1,AU010604,Tutorial
1688,819,173,1,AU010605,Tutorial
1689,606,173,1,AU010606,Tutorial
1690,568,179,1,EN010401,Tutorial
1691,592,179,1,EN010402,Tutorial
1692,820,179,1,AU010403,Tutorial
1693,821,179,1,AU010404,Tutorial
1694,791,179,1,AU010405,Tutorial
1695,822,179,1,AU010406,Tutorial
1696,772,147,1,MA102,Tutorial
1697,708,147,1,PH100,Tutorial
1698,579,147,1,BE102,Lab
1699,769,147,1,CE100,Tutorial
1700,705,147,1,EC100,Tutorial
1701,772,160,1,MA102,Tutorial
1702,304,160,1,CY100,Tutorial
1703,579,160,1,BE102,Lab
1704,315,160,1,ME100,Tutorial
1705,301,160,1,BE110,Tutorial
1706,705,160,1,EC100,Tutorial
1707,568,171,1,EN010401,Tutorial
1708,788,171,1,CH010402,Tutorial
1709,789,171,1,CH010403,Tutorial
1710,790,171,1,CH010404,Tutorial
1711,791,171,1,CH010405,Tutorial
1712,792,171,1,CH010406,Tutorial
1713,793,172,1,CH010601,Tutorial
1714,794,172,1,CH010602,Tutorial
1715,795,172,1,CH010603,Tutorial
1716,796,172,1,CH010604,Tutorial
1717,797,172,1,CH010605,Tutorial
1718,0,172,1,CH010606L01,Tutorial
1719,772,150,1,MA102,Tutorial
1720,708,150,1,PH100,Tutorial
1721,579,150,1,BE102,Lab
1722,315,150,1,ME100,Tutorial
1723,703,150,1,EE100,Tutorial
1724,298,150,1,BE100,Tutorial
1725,772,151,1,MA102,Tutorial
1726,708,151,1,PH100,Tutorial
1727,579,151,1,BE102,Lab
1728,315,151,1,ME100,Tutorial
1729,703,151,1,EE100,Tutorial
1730,298,151,1,BE100,Tutorial
1731,824,189,1,CE010406,Tutorial
1732,570,190,1,CE010403,Tutorial
1733,824,190,1,CE010406,Tutorial
1734,612,168,1,CS010801,Tutorial
1735,781,168,1,CS010802,Tutorial
1736,782,168,1,CS010803,Tutorial
1737,0,168,1,CS010804L01,Tutorial
1738,841,168,1,CS010804L01,Tutorial
1739,842,168,1,CS010805G04,Tutorial
1740,612,169,1,CS010801,Tutorial
1741,781,169,1,CS010802,Tutorial
1742,782,169,1,CS010803,Tutorial
1743,841,169,1,CS010804L01,Tutorial
1744,842,169,1,CS010805G04,Tutorial
1745,778,166,1,CS010601,Tutorial
1746,779,166,1,CS010602,Tutorial
1747,719,166,1,CS010603,Tutorial
1748,603,166,1,CS010604,Tutorial
1749,720,166,1,CS010605,Tutorial
1750,780,166,1,CS010606,Tutorial
1751,778,167,1,CS010601,Tutorial
1752,779,167,1,CS010602,Tutorial
1753,719,167,1,CS010603,Tutorial
1754,603,167,1,CS010604,Tutorial
1755,720,167,1,CS010605,Tutorial
1756,780,167,1,CS010606,Tutorial
1757,568,163,1,CS010401,Tutorial
1758,773,163,1,CS010402,Tutorial
1759,774,163,1,CS010403,Tutorial
1760,775,163,1,CS010404,Tutorial
1761,777,163,1,CS010405,Tutorial
1762,776,163,1,CS010406,Tutorial
1763,568,164,1,CS010401,Tutorial
1764,773,164,1,CS010402,Tutorial
1765,774,164,1,CS010403,Tutorial
1766,775,164,1,CS010404,Tutorial
1767,777,164,1,CS010405,Tutorial
1768,776,164,1,CS010406,Tutorial
1769,772,154,1,MA102,Tutorial
1770,757,154,1,CY100,Tutorial
1771,315,154,1,ME100,Tutorial
1772,705,154,1,EC100,Tutorial
1773,301,154,1,BE110,Tutorial
1774,710,154,1,ME110,Tutorial
1775,579,154,1,BE102,Lab
1776,772,155,1,MA102,Tutorial
1777,304,155,1,CY100,Tutorial
1778,315,155,1,ME100,Tutorial
1779,705,155,1,EC100,Tutorial
1780,301,155,1,BE110,Tutorial
1781,579,155,1,BE102,Lab
1782,838,204,1,EE010801,Tutorial
1783,839,204,1,EE010802,Tutorial
1784,840,204,1,EE010803,Tutorial
1785,841,204,1,EE010804,Tutorial
1786,842,204,1,EE010805,Tutorial
1787,835,203,1,EE010601,Tutorial
1788,836,203,1,EE010602,Tutorial
1789,360,203,1,EE010603,Tutorial
1790,586,203,1,EE010604,Tutorial
1791,837,203,1,EE010605,Tutorial
1792,0,203,1,EE010606L06,Tutorial
1793,568,202,1,EN010401,Tutorial
1794,831,202,1,EE010402,Tutorial
1795,832,202,1,EE010403,Tutorial
1796,833,202,1,EE010404,Tutorial
1797,834,202,1,EE010405,Tutorial
1798,638,202,1,EE010406,Tutorial
1799,772,158,1,MA102,Tutorial
1800,304,158,1,CY100,Tutorial
1801,579,158,1,BE102,Lab
1802,769,158,1,CE100,Tutorial
1803,705,158,1,EC100,Tutorial
1804,301,158,1,BE110,Tutorial
1805,580,180,1,IT010801,Tutorial
1806,823,180,1,IT010802,Tutorial
1807,781,180,1,IT010803,Tutorial
1808,606,180,1,IT010804,Tutorial
1809,370,180,1,IT010805,Tutorial
1810,603,181,1,IT010601,Tutorial
1811,586,181,1,IT010602,Tutorial
1812,366,181,1,IT010603,Tutorial
1813,720,181,1,IT010604,Tutorial
1814,778,181,1,IT010605,Tutorial
1815,780,181,1,IT010606L03,Tutorial
1816,568,182,1,EN010401,Tutorial
1817,592,182,1,EN010402,Tutorial
1818,715,182,1,IT010403,Tutorial
1819,776,182,1,IT010404,Tutorial
1820,774,182,1,IT010405,Tutorial
1821,865,182,1,IT010406,Tutorial
1822,772,152,1,MA102,Tutorial
1823,708,152,1,PH100,Tutorial
1824,579,152,1,BE102,Lab
1825,315,152,1,ME100,Tutorial
1826,705,152,1,EC100,Tutorial
1827,298,152,1,BE100,Tutorial
1828,813,199,1,ME010801,Tutorial
1829,801,199,1,ME010802,Tutorial
1830,828,199,1,ME010803,Tutorial
1831,0,199,1,ME010804L05,Tutorial
1832,802,199,1,ME010805G01,Tutorial
1833,319,200,1,ME010801,Tutorial
1834,801,200,1,ME010802,Tutorial
1835,828,200,1,ME010803,Tutorial
1836,0,200,1,ME010804L05,Tutorial
1837,802,200,1,ME010805G01,Tutorial
1838,815,195,1,ME010601,Tutorial
1839,816,195,1,ME010602,Tutorial
1840,825,195,1,ME010603,Tutorial
1841,826,195,1,ME010604,Tutorial
1842,819,195,1,ME010605,Tutorial
1843,606,195,1,ME010606,Tutorial
1844,815,196,1,ME010601,Tutorial
1845,816,196,1,ME010602,Tutorial
1846,825,196,1,ME010603,Tutorial
1847,826,196,1,ME010604,Tutorial
1848,819,196,1,ME010605,Tutorial
1849,606,196,1,ME010606,Tutorial
1850,568,197,1,EN010401,Tutorial
1851,592,197,1,EN010402,Tutorial
1852,827,197,1,ME010403,Tutorial
1853,821,197,1,ME010404,Tutorial
1854,791,197,1,ME010405,Tutorial
1855,822,197,1,ME010406,Tutorial
1856,568,198,1,EN010401,Tutorial
1857,592,198,1,EN010402,Tutorial
1858,827,198,1,ME010403,Tutorial
1859,821,198,1,ME010404,Tutorial
1860,791,198,1,ME010405,Tutorial
1861,822,198,1,ME010406,Tutorial
1862,772,148,1,MA102,Tutorial
1863,708,148,1,PH100,Tutorial
1864,579,148,1,BE102,Lab
1865,769,148,1,CE100,Tutorial
1866,703,148,1,EE100,Tutorial
1867,298,148,1,BE100,Tutorial
1868,772,149,1,MA102,Tutorial
1869,708,149,1,PH100,Tutorial
1870,579,149,1,BE102-Lab,Lab
1871,769,149,1,CE100,Tutorial
1872,703,149,1,EE100,Tutorial
1873,298,149,1,BE100,Tutorial
1874,798,176,1,MT010801,Tutorial
1875,799,176,1,MT010802,Tutorial
1876,800,176,1,MT010803,Tutorial
1877,801,176,1,MT010804L03,Tutorial
1878,802,176,1,MT010805G01,Tutorial
1879,803,175,1,MT010601,Tutorial
1880,804,175,1,MT010602,Tutorial
1881,805,175,1,MT010603,Tutorial
1882,806,175,1,MT010604,Tutorial
1883,807,175,1,MT010605,Tutorial
1884,808,175,1,MT010606,Tutorial
1885,615,174,1,EN010401,Tutorial
1886,592,174,1,EN010402,Tutorial
1887,809,174,1,MT010403,Tutorial
1888,810,174,1,MT010404,Tutorial
1889,811,174,1,MT010405,Tutorial
1890,812,174,1,MT010406,Tutorial
1891,772,153,1,MA102,Tutorial
1892,708,153,1,PH100,Tutorial
1893,579,153,1,BE102,Lab
1894,769,153,1,CE100,Tutorial
1895,705,153,1,EC100,Tutorial
1896,298,153,1,BE100,Tutorial
1898,603,167,0,CS010604,Tutorial
1899,206,200,1,,Other
1900,21,198,1,,Other
1901,409,157,1,EE110,Lab
1902,21,169,1,,Other
1903,21,168,1,,Other
1904,221,157,1,,Other
1905,206,157,1,,Other
1906,213,157,1,,Other
1907,407,157,1,CE110,Lab
1908,21,154,1,,Other
1909,21,155,1,,Other
1910,409,110,1,EE110,Lab
1911,231,115,1,EC110,Lab
1912,512,191,1,CE010606,Elective
1913,564,191,1,CE010603,Tutorial
1914,848,205,1,04CE6102,Theory
1915,519,205,1,04CE6104,Theory
1916,844,205,1,04CE6106,Theory
1917,849,205,1,04CE6116,Theory
1918,850,205,1,04CE6118,Theory
1919,393,205,1,04CE6192,Lab
1920,847,205,1,04CE6194,Lab
1921,847,132,1,04CE6194,Lab
1922,843,206,1,04CE6402,Theory
1923,519,206,1,04CE6404,Theory
1924,844,206,1,04CE6406,Theory
1925,845,206,1,04CE6416,Theory
1926,846,206,1,04CE6424,Theory
1927,393,206,1,04CE6492,Lab
1928,847,206,1,04CE6494,Lab
1929,852,208,1,04EE6302,Theory
1930,853,208,1,04EE6602,Theory
1931,854,208,1,04EE6418,Theory
1932,855,208,1,04EE6002,Elective
1933,856,208,1,04EE6444,Elective
1934,393,208,1,04EE6492,Lab
1935,553,208,1,04EE6390,Lab
1936,862,209,1,04EE6502,Theory
1937,857,209,1,04EE6304,Theory
1938,858,209,1,04EE6504,Theory
1939,859,209,1,04EE6508,Theory
1940,856,209,1,04EE6444,Theory
1941,393,209,1,04EE6592,Lab
1942,860,209,1,04EE6594,Lab
1943,863,209,1,04EE7590,Lab
1944,429,210,1,04CS6102,Theory
1945,430,210,1,04CS6104,Theory
1946,431,210,1,04CS6106,Theory
1947,432,210,1,04CS6114,Elective
1948,433,210,1,04CS6122,Elective
1949,393,210,1,04CS6192,Lab
1950,434,210,1,04CS6194,Lab
1951,60,173,1,,Other
1952,60,171,1,,Other
1953,206,171,1,,Other
1954,21,171,1,,Other
1955,60,172,1,,Other
1956,206,172,1,,Other
1957,21,172,1,,Other
1958,644,172,1,CH010602,Tutorial
1959,255,212,1,,Theory
1960,867,289,1,MEEES302,Theory
1961,393,212,1,MEEES303,Lab
1962,411,212,1,,Theory
1963,255,211,1,MCPRM301,Theory
1964,868,211,1,MEEPP302,Theory
1965,393,211,1,MEEPP303,Lab
1966,411,211,1,,Theory
1967,866,172,1,CH010606L01,Tutorial
1968,869,172,1,CH010606L05,Tutorial
1969,221,150,1,,Other
1970,213,150,1,,Other
1971,206,150,1,,Other
1972,21,150,1,,Other
1973,213,147,1,,Other
1974,221,147,1,,Other
1975,21,147,1,,Other
1976,407,147,1,CE110,Lab
1977,206,188,1,,Other
1978,15,213,1,DMCA201,Theory
1979,20,213,1,DMCA202,Theory
1980,16,213,1,DMCA203,Theory
1981,17,213,1,DMCA204,Theory
1982,5,213,1,DMCA205,Theory
1983,18,213,1,DMCA206,Lab
1984,19,213,1,DMCA207,Lab
1985,199,213,1,,Other
1986,407,149,1,CE110,Lab
1987,5,182,1,IT0100406,Theory
1988,206,148,1,,Other
1989,870,214,1,04CH6102,Theory
1990,875,214,1,04CH6104,Theory
1991,871,214,1,04CH6106,Theory
1992,872,214,1,04CH6116,Theory
1993,873,214,1,04CH6118,Theory
1994,393,214,1,04CH6192,Lab
1995,876,214,1,04CH6194,Lab
1996,874,214,1,04CH6102,Tutorial
1997,213,213,1,,Other
1998,235,213,1,,Other
1999,877,215,1,,Lab
2000,228,210,1,,Other
2001,879,210,1,,Other
2002,206,147,1,,Other
2003,243,216,1,DMCA401,Theory
2004,170,216,1,DMCA402,Theory
2005,880,216,1,DMCA403,Theory
2006,96,216,1,DMCA404,Theory
2007,881,216,1,DMCA405,Theory
2008,882,216,1,DMCA406,Lab
2009,554,216,1,DMCA407,Lab
2010,206,216,1,,Other
2011,228,216,1,,Other
2012,1,217,1,MCA201,Theory
2013,2,217,1,MCA202,Theory
2014,3,217,1,MCA203,Theory
2015,4,217,1,MCA204,Theory
2016,6,213,0,MCA206,Lab
2017,7,213,0,MCA207,Lab
2018,5,217,1,MCA205,Theory
2019,6,217,1,MCA206,Lab
2020,7,217,1,MCA207,Lab
2021,228,213,0,,Other
2022,228,217,1,,Other
2023,206,217,1,,Other
2024,877,218,1,MECCE401,Lab
2025,883,176,1,MT010808,Other
2026,884,219,1,MainProject,Lab
2027,884,220,1,MainProject,Lab
2028,8,221,1,MCA401,Theory
2029,9,221,1,MCA402,Theory
2030,10,221,1,MCA403,Theory
2031,11,221,1,MCA404,Theory
2032,880,221,1,MCA405,Theory
2033,13,221,1,MCA406,Lab
2034,14,221,1,MCA407,Lab
2035,1,221,1,MCA201,Theory
2036,2,221,1,MCA202,Theory
2037,3,221,1,MCA203,Theory
2038,199,221,1,,Other
2039,8,222,1,MCA401,Theory
2040,9,222,1,MCA402,Theory
2041,10,222,1,MCA403,Theory
2042,11,222,1,MCA404,Theory
2043,880,222,1,MCA405,Theory
2044,13,222,1,MCA406,Lab
2045,14,222,1,MCA407,Lab
2046,199,222,1,,Other
2047,199,217,1,MCAP&T,Other
2048,64,239,1,AU010701,Theory
2049,65,239,1,AU010702,Theory
2050,66,239,1,AU010703,Theory
2051,67,239,1,AU010704,Theory
2052,68,239,1,AU010705,Theory
2053,69,239,1,AU010707,Lab
2054,70,239,1,AU010708,Lab
2055,160,239,1,AU010709,Lab
2056,160,0,1,AU010709,Other
2057,58,239,1,AU010710,Lab
2058,54,239,1,AU010706,Elective
2059,31,239,0,AU010501,Theory
2060,31,238,1,AU010502,Theory
2061,32,238,1,AU010502,Theory
2062,33,238,1,AU010503,Theory
2063,34,238,1,AU010504,Theory
2064,35,0,1,AU010505,Theory
2065,62,0,1,AU010507,Theory
2066,63,238,1,AU010508,Lab
2067,885,237,1,MA201,Theory
2068,72,237,1,ME201,Theory
2069,886,237,1,ME200,Theory
2070,887,237,1,AU201,Theory
2071,33,237,1,AU203,Theory
2072,888,237,1,HS210,Theory
2073,889,237,1,ME230,Lab
2074,75,237,1,CE230,Lab
2075,130,276,1,MT010701,Theory
2076,131,276,1,MT010702,Theory
2077,132,276,1,MT010703,Theory
2078,133,276,1,MT010704,Theory
2079,134,276,1,MT010705,Theory
2080,136,276,1,MT010706L02,Theory
2081,137,276,1,MT010707,Lab
2082,138,276,1,MT010708,Lab
2083,57,276,1,MT010709,Other
2084,891,276,1,MT010710,Lab
2085,31,276,0,EN010501,Theory
2086,31,275,1,MT010501,Theory
2087,122,275,1,MT010502,Theory
2088,123,275,1,MT010503,Theory
2089,124,275,1,MT010504,Theory
2090,125,275,1,MT010505,Theory
2091,126,275,1,MT010506,Theory
2092,127,275,1,MT010507,Lab
2093,129,275,1,MT010508,Lab
2094,885,274,1,MA201,Theory
2095,72,274,1,ME201,Theory
2096,892,274,1,MT201,Theory
2097,893,274,1,MT203,Theory
2098,894,274,1,MT205,Theory
2099,888,274,1,HS210,Theory
2100,895,274,1,MT231,Lab
2101,896,274,1,MT233,Lab
2102,897,242,1,CH010701,Theory
2103,898,242,1,CH010702,Theory
2104,468,242,1,CH010703,Theory
2105,899,242,1,CH010704,Theory
2106,900,276,1,CH010705,Theory
2107,901,242,1,CH010706L04,Elective
2108,902,242,1,CH010706L05,Elective
2109,903,242,1,CH010707,Lab
2110,904,242,1,CH010708,Lab
2111,256,242,1,CH010709,Theory
2112,31,241,1,EN010501,Theory
2113,189,241,1,CH010502,Theory
2114,435,241,1,CH010503,Theory
2115,191,241,1,CH010504,Theory
2116,192,241,1,CH010505,Theory
2117,193,241,1,CH010506,Theory
2118,194,241,1,CH010507,Lab
2119,195,241,1,CH010508,Lab
2120,885,240,1,MA201,Theory
2121,885,265,1,MA201,Theory
2122,906,240,1,HS210,Theory
2123,907,240,1,CH201,Theory
2124,908,265,1,CS201,Theory
2125,909,240,1,CH203,Theory
2126,187,241,0,CH205,Theory
2127,167,265,1,IT201,Theory
2128,910,240,1,CH207,Theory
2129,912,265,1,CS205,Theory
2130,911,240,1,CH231,Lab
2131,96,265,1,IT203,Theory
2132,913,0,1,CH211,Lab
2133,182,224,1,BE10106,Theory
2134,113,224,1,BE103,Theory
2135,184,224,1,CH110,Lab
2136,221,224,1,CH,Lab
2137,915,265,1,CS231,Lab
2138,914,265,1,HS200,Theory
2139,916,265,1,IT231,Lab
2140,95,266,1,MP,Theory
2141,96,266,1,DC,Theory
2142,4,266,1,OS,Theory
2143,44,266,1,DBMS,Theory
2144,917,266,1,MPLab,Lab
2145,212,277,0,EE100,Theory
2146,204,266,1,PCH,Lab
2147,99,266,1,UNIXLab,Lab
2148,100,266,1,DBMSLab,Lab
2149,222,277,1,BE10103,Theory
2150,183,277,1,BE103,Theory
2151,97,266,1,LT,Theory
2152,885,256,1,MA201,Theory
2153,101,267,1,FM,Theory
2154,918,256,1,EE201,Theory
2155,11,267,1,OOMD,Theory
2156,919,256,1,EE203,Theory
2157,542,256,1,EE205,Theory
2158,102,267,1,CG,Theory
2159,103,267,1,INT,Theory
2160,546,256,1,EE207,Theory
2161,104,267,1,WAD,Theory
2162,106,267,1,DM,Elective
2163,914,277,0,HS200,Theory
2164,107,267,1,INTLab,Lab
2165,108,267,1,CASELab,Lab
2166,920,256,1,EE231,Lab
2167,160,267,1,SEM,Lab
2168,58,267,1,P,Lab
2169,41,256,1,EE233,Lab
2170,187,240,1,CH205,Theory
2171,31,256,0,EN010501A,Theory
2172,31,257,1,EN010501A,Theory
2173,43,257,1,EN010502,Theory
2174,146,257,1,EE010503,Theory
2175,147,257,1,EE010504,Theory
2176,148,257,1,EE010505,Theory
2177,149,257,1,EE010506,Theory
2178,150,257,1,EE010507,Lab
2179,151,257,1,EE010508,Lab
2180,60,257,1,,Theory
2181,152,258,1,EE010701,Theory
2182,153,258,1,EE010702,Theory
2183,154,258,1,EE010703,Theory
2184,155,258,1,EE010704,Theory
2185,156,258,1,EE010705,Theory
2186,203,258,1,EE010706L03,Theory
2187,921,258,1,EE010707,Lab
2188,159,258,1,EE010708,Lab
2189,256,258,1,EE010709,Lab
2190,58,258,1,EE010710,Lab
2191,84,247,1,CE010701,Theory
2192,85,247,1,CE010702,Theory
2193,86,247,1,CE010703,Theory
2194,87,247,1,CE010704,Theory
2195,88,247,1,CE010705,Theory
2196,89,247,1,CE010706,Elective
2197,90,247,1,CE010707,Lab
2198,91,247,1,CE010708,Lab
2199,922,247,1,PR,Lab
2200,84,248,1,CE010701,Theory
2201,85,248,1,CE010702,Theory
2202,86,248,1,CE010703,Theory
2203,87,248,1,CE010704,Theory
2204,88,248,1,CE010705,Theory
2205,89,248,1,CE010706,Theory
2206,90,248,1,CE010707,Lab
2207,91,248,1,CE010708,Lab
2208,922,248,1,PR,Lab
2209,885,259,1,MA201,Theory
2210,162,259,1,EC201,Theory
2211,163,259,1,EC203,Theory
2212,206,258,1,Aptitude,Other
2213,142,259,1,EC205,Theory
2214,923,259,1,EC207,Theory
2215,914,259,1,HS200,Theory
2216,924,259,1,EC231,Lab
2217,925,259,1,EC233,Lab
2218,885,260,1,MA201,Theory
2219,162,260,1,EC201,Theory
2220,163,260,1,EC203,Theory
2221,142,260,1,EC205,Theory
2222,923,260,1,EC207,Theory
2223,914,260,1,HS200,Theory
2224,924,260,1,EC231,Lab
2225,925,260,1,EC233,Lab
2226,31,261,1,EN010501A,Theory
2227,166,261,1,EC010502,Theory
2228,167,261,1,EC010503,Theory
2229,926,261,1,EC010504(EE),Theory
2230,169,261,1,EC010505,Theory
2231,170,261,1,EC010506,Theory
2232,171,261,1,EC010507,Lab
2233,927,261,1,EC010508(EE),Lab
2234,205,261,1,SF,Other
2235,31,262,1,EN010501A,Theory
2236,166,262,1,EC010502,Theory
2237,167,262,1,EC010503,Theory
2238,926,262,1,EC010504(EE),Theory
2239,169,262,1,EC010505,Theory
2240,170,262,1,EC010506,Theory
2241,171,262,1,EC010507,Lab
2242,927,262,1,EC010508(EE),Lab
2243,205,262,1,SF,Other
2244,173,263,1,EC010701,Theory
2245,174,263,1,EC010702,Theory
2246,175,263,1,EC010703,Theory
2247,176,263,1,EC010704,Theory
2248,177,263,1,EC010705,Theory
2249,928,263,1,EC010706Lxx,Theory
2250,929,263,1,EC010706Lxx,Theory
2251,180,263,1,EC010707,Lab
2252,181,263,1,EC010708,Lab
2253,57,263,1,EC010709,Other
2254,160,263,1,EC010709,Other
2255,58,263,1,EC010710,Lab
2256,206,263,1,Aptitude,Other
2257,206,261,1,Aptitude,Other
2258,206,262,1,Aptitude,Other
2259,173,264,1,EC010701,Theory
2260,174,264,1,EC010702,Theory
2261,175,264,1,EC010703,Theory
2262,176,264,1,EC010704,Theory
2263,177,264,1,EC010705,Theory
2264,928,264,1,EC010706Lxx,Theory
2265,929,264,1,EC010706Lxx,Elective
2266,180,264,1,EC010707,Lab
2267,181,264,1,EC010708,Lab
2268,160,264,1,EC010709,Other
2269,58,264,1,EC010710,Lab
2270,206,264,1,EC010710,Other
2271,64,272,1,ME010701,Theory
2272,120,272,1,ME010702,Theory
2273,121,272,1,ME010703,Theory
2274,67,272,1,ME010704,Theory
2275,68,272,1,ME010705,Theory
2276,128,272,1,ME010706L04,Elective
2277,69,272,1,ME010707,Lab
2278,135,272,1,ME010708,Lab
2279,160,272,1,seminar,Other
2280,64,273,1,ME010701,Theory
2281,120,273,1,ME010702,Theory
2282,121,273,1,ME010703,Theory
2283,67,273,1,ME010704,Theory
2284,68,273,1,ME010705,Theory
2285,128,273,1,ME010706L04,Theory
2286,69,273,1,ME010707,Lab
2287,135,273,1,ME010708,Lab
2288,160,273,1,ME010709,Other
2289,31,271,1,EN010501,Theory
2290,32,271,1,ME010502,Theory
2291,109,271,1,ME010503,Theory
2292,34,271,1,ME010504,Theory
2293,35,271,1,ME010505,Theory
2294,61,271,1,ME010506,Theory
2295,110,271,1,ME010507,Lab
2296,63,271,1,ME010508,Lab
2297,885,268,1,MA201,Theory
2298,931,268,1,ME201,Theory
2299,932,268,1,ME203,Theory
2300,61,268,1,ME205,Theory
2301,933,268,1,ME210,Theory
2302,75,268,1,CE230,Lab
2303,934,268,1,ME231,Lab
2304,935,268,1,MA201,Tutorial
2305,337,268,1,ME201,Tutorial
2306,936,268,1,ME203,Tutorial
2307,632,268,1,ME205,Tutorial
2308,937,268,1,ME207,Tutorial
2309,209,227,1,MA101,Theory
2310,938,227,1,EE100,Theory
2311,218,227,1,BE100,Theory
2312,216,227,1,BE10105,Theory
2313,217,227,1,PH100,Theory
2314,213,227,1,VE,Other
2315,230,227,1,CS110,Lab
2316,409,227,1,EE110,Lab
2317,406,227,1,PH110,Lab
2318,183,227,1,BE103,Theory
2319,209,228,1,MA101,Theory
2320,214,228,0,EE100,Theory
2321,218,228,1,BE100,Theory
2322,216,228,1,BE10105,Theory
2323,217,228,1,PH100,Theory
2324,183,228,1,BE103,Theory
2325,213,228,1,VE,Theory
2326,230,228,1,CS110,Lab
2327,409,228,1,EE110,Lab
2328,406,228,1,PH110,Lab
2329,885,249,1,MA201,Theory
2330,908,249,1,CS201,Theory
2331,39,249,1,CS203,Theory
2332,912,249,1,CS205,Theory
2333,40,249,1,CS207,Theory
2334,914,249,1,HS200,Theory
2335,915,249,1,CS231,Lab
2336,548,249,1,CS233,Lab
2337,885,250,1,MA201,Theory
2338,908,250,1,CS201,Theory
2339,39,250,1,CS203,Theory
2340,912,250,1,CS205,Theory
2341,40,250,1,CS207,Theory
2342,914,250,1,HS200,Theory
2343,915,250,1,CS231,Lab
2344,548,250,1,CS233,Lab
2345,31,253,1,EN010501,Theory
2346,43,253,1,CS010502,Theory
2347,44,253,1,CS010503,Theory
2348,45,253,1,CS010504,Theory
2349,4,253,1,CS010505,Theory
2350,46,253,1,CS010506,Theory
2351,47,253,1,CS010507,Lab
2352,48,253,1,CS010508,Lab
2353,939,253,1,ES,Other
2354,31,252,1,EN010501,Theory
2355,43,252,1,CS010502,Theory
2356,44,252,1,CS010503,Theory
2357,45,252,1,CS010504,Theory
2358,4,252,1,CS010505,Theory
2359,46,252,1,CS010506,Theory
2360,47,252,1,CS010507,Lab
2361,48,252,1,CS010508,Lab
2362,939,252,1,CS010508,Other
2363,49,254,1,CS010701,Theory
2364,50,254,1,CS010702,Theory
2365,51,254,1,CS010703,Theory
2366,11,254,1,CS010704,Theory
2367,53,254,1,CS010705,Theory
2368,54,254,1,CS010706,Elective
2369,55,254,1,CS010707,Lab
2370,56,254,1,CS010708,Lab
2371,160,254,1,CS010709,Lab
2372,58,254,1,CS010710,Lab
2373,49,255,1,CS010701,Theory
2374,50,255,1,CS010702,Theory
2375,51,255,1,CS010703,Theory
2376,11,255,1,CS010704,Theory
2377,53,255,1,CS010705,Theory
2378,54,255,1,CS010706,Elective
2379,55,255,1,CS010707,Lab
2380,56,255,1,CS010708,Lab
2381,160,255,1,seminar,Lab
2382,58,255,1,project,Lab
2383,900,242,1,CH010705,Theory
2384,914,256,1,HS200,Theory
2385,41,265,0,EELAB,Lab
2386,940,267,1,WAL001,Lab
2387,199,267,1,PT,Other
2388,199,267,1,PT,Other
2389,941,267,1,RC,Other
2390,73,244,1,CE207,Theory
2391,76,244,1,CE233,Lab
2392,503,244,1,CE231,Lab
2393,71,244,1,CE203,Theory
2394,23,244,0,CEEM,Theory
2395,931,244,1,CE201,Theory
2396,74,244,1,CE205,Theory
2397,906,244,1,HS210,Theory
2398,31,245,1,EN010501A,Theory
2399,546,245,1,CE010502,Theory
2400,78,245,1,CE010503,Theory
2401,79,245,1,CE010504,Theory
2402,80,245,1,CE010505,Theory
2403,81,245,1,CE010506,Theory
2404,82,245,1,CE010507,Lab
2405,83,245,0,CE010508,Lab
2406,83,245,1,CE010508,Lab
2407,60,245,1,English,Theory
2408,885,244,1,MA201,Theory
2409,885,243,1,MA201,Theory
2410,931,243,1,CE201,Theory
2411,71,243,1,CE203,Theory
2412,73,243,1,CE207,Theory
2413,74,243,1,CE205,Theory
2414,76,245,0,CE233,Theory
2415,76,243,1,CE233,Lab
2416,503,243,1,CE231,Lab
2417,221,227,1,MP,Lab
2418,206,227,1,Aptitude,Other
2419,60,227,1,English,Theory
2420,221,228,1,MP,Lab
2421,206,228,1,Aptitude,Other
2422,60,228,1,English,Theory
2423,21,227,1,Other,Other
2424,21,228,1,Other,Other
2425,938,228,1,EE100,Theory
2426,206,224,1,Aptitude,Other
2427,206,240,1,Aptitude,Other
2428,206,241,1,Aptitude,Other
2429,206,242,1,Aptitude,Other
2430,60,240,0,English,Theory
2431,21,247,1,Other,Other
2432,21,248,1,Other,Other
2433,913,240,1,CH233,Lab
2434,935,240,1,MA201,Tutorial
2435,943,240,1,CH201,Tutorial
2436,944,240,1,CH203,Tutorial
2437,945,240,1,CH207,Tutorial
2438,696,240,1,CH205,Tutorial
2439,60,271,1,English,Theory
2440,61,238,1,AU010,Theory
2441,110,238,1,CAD,Lab
2442,60,241,1,English,Theory
2443,209,224,1,MA101,Theory
2444,217,224,1,PH100,Theory
2445,218,224,1,BE100,Theory
2446,212,224,1,EE100,Theory
2447,296,224,0,EE110,Lab
2448,247,224,1,PH110,Lab
2449,60,224,1,English,Theory
2450,946,224,1,MA101,Tutorial
2451,947,224,1,PH110,Tutorial
2452,948,224,1,BE100,Tutorial
2453,299,224,1,BE10106,Tutorial
2454,703,224,1,EE100,Tutorial
2455,206,259,1,Aptitude,Other
2456,206,260,1,Aptitude,Other
2457,661,271,1,EN010501,Tutorial
2458,330,271,1,ME010502,Tutorial
2459,658,271,1,ME010503,Tutorial
2460,618,271,1,ME010504,Tutorial
2461,619,271,1,ME010505,Tutorial
2462,632,271,1,ME010506,Tutorial
2463,21,259,1,Other,Other
2464,21,260,1,Other,Other
2465,35,238,1,AU,Theory
2466,319,273,1,ME010701,Tutorial
2467,665,273,1,ME010702,Tutorial
2468,321,273,1,ME010703,Tutorial
2469,322,273,1,ME010704,Tutorial
2470,206,225,1,Aptitude,Other
2471,206,226,1,Aptitude,Other
2472,221,225,1,Aptitude,Other
2473,885,269,1,MA201,Theory
2474,931,269,1,ME201,Theory
2475,932,269,1,ME203,Theory
2476,61,269,1,ME205,Theory
2477,933,269,1,ME210,Theory
2478,75,269,1,CE230,Lab
2479,934,269,1,ME231,Lab
2480,206,253,1,Aptitude,Theory
2481,209,225,1,MA101,Theory
2482,210,225,1,CY100,Theory
2483,112,225,1,BE110,Theory
2484,215,225,1,BE10101,Theory
2485,183,225,1,BE103,Theory
2486,214,225,1,EC100,Theory
2487,407,225,1,CE110,Lab
2488,296,225,1,EC110,Lab
2489,229,225,1,CY110,Lab
2490,213,225,1,ValueEducation,Other
2491,60,225,1,English,Theory
2492,209,226,1,MA101,Theory
2493,210,226,1,CY100,Theory
2494,112,226,1,BE110,Theory
2495,215,226,1,BE10101,Theory
2496,183,226,1,BE103,Theory
2497,214,226,1,EC100,Theory
2498,407,226,1,CE110,Lab
2499,296,226,1,EC110,Lab
2500,229,246,0,CY110,Lab
2501,229,226,1,CY110,Lab
2502,213,226,1,ValueEducation,Other
2503,60,226,1,English,Theory
2504,406,224,1,PH110,Lab
2505,409,224,1,EE110,Lab
2506,31,246,1,EN010501A,Theory
2507,546,246,1,CE010502,Theory
2508,78,246,1,CE010503,Theory
2509,79,246,1,CE010504,Theory
2510,80,244,0,CE010505,Theory
2511,81,246,1,CE010506,Theory
2512,82,246,1,CE010507,Lab
2513,83,246,1,CE010508,Lab
2514,83,244,0,CE010508,Lab
2515,60,246,1,English,Theory
2516,888,268,1,HS210,Theory
2517,209,231,1,MA101,Theory
2518,217,231,1,PH100,Theory
2519,218,231,1,BE100,Theory
2520,219,231,1,BE10104,Theory
2521,183,231,1,BE103,Theory
2522,220,231,1,ME100,Theory
2523,213,231,1,VE,Other
2524,60,231,1,ENG,Theory
2525,206,231,1,APT,Other
2526,224,231,1,ME110,Lab
2527,296,231,1,EC110,Lab
2528,406,231,1,PH110,Lab
2529,209,232,1,MA101,Theory
2530,217,232,1,PH100,Theory
2531,218,232,1,BE100,Theory
2532,219,232,1,BE101-04,Theory
2533,183,232,1,BE103,Theory
2534,220,232,1,ME100,Theory
2535,213,232,1,VE,Other
2536,60,232,1,ENGLISH,Theory
2537,206,232,1,APT,Other
2538,224,232,1,ME110,Lab
2539,296,232,1,EC110,Lab
2540,406,232,1,PH110,Lab
2541,80,246,1,CE010505,Theory
2542,21,245,1,Other,Other
2543,21,246,1,Other,Other
2544,212,233,1,EE100,Theory
2545,114,266,1,IT,Theory
2546,221,266,1,MPJ,Other
2547,952,266,1,MW,Other
2548,209,234,1,MA101,Theory
2549,210,234,1,CY100,Theory
2550,112,234,1,BE110,Theory
2551,211,234,1,BE10102,Theory
2552,183,234,1,BE103,Theory
2553,214,234,1,EC100,Theory
2554,213,234,1,ValueEducation,Other
2555,206,234,1,Aptitude,Other
2556,224,234,1,ME110,Lab
2557,296,234,1,EC110,Lab
2558,408,234,1,CY110,Lab
2559,209,235,1,MA101,Theory
2560,210,235,1,CY100,Theory
2561,112,235,1,BE110,Theory
2562,211,235,1,BE10102,Theory
2563,183,235,1,BE103,Theory
2564,214,235,1,EC100,Theory
2565,60,235,1,English,Theory
2566,213,235,1,ValueEducation,Other
2567,206,235,1,Aptitude,Other
2568,224,235,1,ME110,Lab
2569,296,235,1,EC110,Lab
2570,408,235,1,CY110,Lab
2571,60,234,1,English,Theory
2572,206,254,1,Aptitude,Other
2573,206,255,1,Aptitude,Other
2574,906,243,1,HS210,Theory
2575,27,265,1,CP,Theory
2576,951,265,1,PD,Other
2577,221,265,1,MPJ,Other
2578,952,265,1,MW,Other
2579,953,265,1,ML,Other
2580,954,265,1,TS,Other
2581,206,265,1,APT,Other
2582,953,266,1,ML,Other
2583,954,266,1,TS,Other
2584,935,244,1,MA201,Tutorial
2585,935,243,1,MA201,Tutorial
2586,31,270,1,EN010501A,Theory
2587,32,270,1,ME010502,Theory
2588,109,270,1,ME010503,Theory
2589,34,270,1,ME010504,Theory
2590,35,270,1,ME010505,Theory
2591,61,270,1,ME010506,Theory
2592,110,270,1,ME010507,Lab
2593,63,270,1,ME010508,Lab
2594,60,270,1,ENGLISH,Theory
2595,206,270,1,APT,Other
2596,209,236,1,MA101,Theory
2597,210,236,1,CY100,Theory
2598,112,236,1,BE110,Theory
2599,211,236,1,BE10102,Theory
2600,183,236,1,BE103,Theory
2601,212,236,1,EE100,Theory
2602,60,236,1,ENGLISH,Theory
2603,213,236,1,VE,Other
2604,206,236,1,APT,Other
2605,224,236,1,ME110,Lab
2606,408,236,1,CY110,Lab
2607,21,234,1,Other,Other
2608,209,223,1,MA101,Theory
2609,210,223,1,CY100,Theory
2610,21,225,1,Other,Other
2611,206,271,1,Other,Other
2612,206,274,1,Other,Other
2613,21,274,1,Other,Other
2614,209,277,1,MA101,Theory
2615,217,277,1,PH100,Theory
2616,218,277,1,BE100,Theory
2617,220,277,1,ME100,Theory
2618,60,277,1,EN010501,Theory
2619,224,277,1,ME110,Lab
2620,406,277,1,PH110,Lab
2621,209,233,1,MA101,Theory
2622,210,233,1,CY100,Theory
2623,112,233,1,BE110,Theory
2624,955,233,1,BE10105,Theory
2625,183,233,1,BE103,Theory
2626,213,233,1,VE,Other
2627,60,233,1,English,Theory
2628,206,233,1,APT,Other
2629,230,233,1,CSW,CS110
2630,408,233,1,CY110,Lab
2631,221,277,1,MicroProject,Lab
2632,409,277,1,EE110,Lab
2633,112,223,1,BE110,Theory
2634,211,223,1,BE10102,Theory
2635,212,223,1,EE100,Theory
2636,60,223,1,English,Theory
2637,213,223,1,VE,Other
2638,206,223,1,Aptitude,Other
2639,224,223,1,ME110,Lab
2640,408,223,1,CY110,Lab
2641,21,277,1,Other,Other
2642,303,225,1,MA101,Tutorial
2643,707,227,1,BE10105,Tutorial
2644,708,227,1,PH100,Tutorial
2645,298,227,0,Tutorial,Tutorial
2646,312,227,0,Tutorial,Tutorial
2647,8,283,1,DMCA501,Theory
2648,10,283,1,DMCA503,Theory
2649,9,283,1,DMCA504,Theory
2650,956,283,1,DMCA502,Theory
2651,245,283,1,DMCA505,Theory
2652,957,283,1,DMCA506,Lab
2653,958,283,1,DMCA507,Lab
2654,199,283,1,Other,Other
2655,60,280,1,INMCA101,Theory
2656,232,280,1,INMCA103,Theory
2657,16,280,1,INMCA105,Theory
2658,959,280,1,INMCA107,Theory
2659,960,280,1,INMCA109,Theory
2660,961,280,1,INMCA131,Lab
2661,239,280,1,INMCA133,Lab
2662,199,280,1,Placement,Other
2663,37,281,1,RLMCA101,Theory
2664,43,281,1,RLMCA107,Theory
2665,962,281,1,RLMCA109,Theory
2666,41,281,1,RLMCA131,Lab
2667,963,281,1,AppliedStatisticsLab,Lab
2668,199,281,1,Placement,Other
2669,964,281,1,RLMCA103,Theory
2670,965,281,1,RLMCA105,Theory
2671,966,281,1,COMSS,Other
2672,113,223,1,BE103,Theory
2673,213,281,1,VE,Other
2674,9,282,1,RLMCA201,Theory
2675,245,282,1,RLMCA203,Theory
2676,60,266,1,English,Theory
2677,60,275,1,English,Theory
2678,44,282,1,RLMCA205,Theory
2679,420,282,1,RLMCA207,Theory
2680,967,282,1,RLMCA209,Theory
2681,47,282,1,RLMCA231,Lab
2682,21,226,1,Other,Other
2683,968,282,1,RLMCA233,Lab
2684,969,284,1,ELIV,Theory
2685,970,284,1,ELV,Theory
2686,160,284,1,Seminar,Theory
2687,58,284,1,Project,Lab
2688,879,284,1,TA,Other
2689,213,282,1,VE,Other
2690,971,285,1,CE7107,Theory
2691,972,285,1,CE7113,Theory
2692,973,285,1,CE7191,Lab
2693,58,285,1,CE7193,Lab
2694,206,268,1,Aptitude,Theory
2695,303,228,1,MA101,Tutorial
2696,707,228,1,"BE101-05	",Tutorial
2697,947,228,1,PH100,Tutorial
2698,948,228,1,BE100,Tutorial
2699,312,228,1,EE100,Tutorial
2700,286,287,1,MTCS001,Theory
2701,409,236,1,EE110,Lab
2702,867,288,0,04EE7303,Theory
2703,57,288,1,04EE7491,Lab
2704,58,288,1,04EE7493,Lab
2705,974,288,1,04EE7421,Theory
2706,974,289,1,04EE7421,Theory
2707,256,289,1,Seminar-II,Lab
2708,58,289,1,04EE7593,Lab
2709,409,233,1,EE110,Lab
2710,258,291,1,04EE6001,Theory
2711,727,291,1,04EE6501,Theory
2712,260,291,1,04EE6503,Theory
2713,261,291,1,04EE6303,Theory
2714,262,291,1,04EE6505,Theory
2715,255,291,1,04GN6001,Theory
2716,256,291,1,04EE6591,Lab
2717,263,291,1,04EE6593,Lab
2718,258,290,1,04EE6001,Theory
2719,264,290,1,04EE6301,Theory
2720,265,290,1,04EE6403,Theory
2721,266,290,1,04EE6405,Theory
2722,267,290,1,04EE6200,Theory
2723,255,290,1,04GN6001,Theory
2724,256,290,1,04EE6491,Lab
2725,268,290,1,04EE6493,Lab
2726,269,292,1,04CH6101,Theory
2727,256,293,1,04EC7391,Lab
2728,58,293,1,04EC7393,Theory
2729,975,293,1,04EC7301,Theory
2730,976,293,1,04EC7311,Theory
2731,250,294,1,04EC6301,Theory
2732,251,294,1,04EC6303,Theory
2733,253,294,1,04EC6307,Theory
2734,977,294,1,04EC6305,Theory
2735,255,294,1,04GN6001,Theory
2736,978,294,1,04EC6309,Elective
2737,160,294,1,04EC6391,Theory
2738,257,294,1,04EC6393,Lab
2739,21,224,1,Other,Other
2740,282,287,1,CS6101,Theory
2741,283,287,1,CS6103,Theory
2742,284,287,1,CS6105,Theory
2743,285,287,1,CS6107,Theory
2744,255,287,1,GN6001,Theory
2745,160,287,1,CS6191,Lab
2746,287,287,1,CS6193,Lab
2747,206,249,1,Aptitude,Other
2748,206,250,1,Aptitude,Other
2749,303,227,1,MA101,Tutorial
2750,948,227,1,BE100,Tutorial
2751,703,227,1,EE100,Tutorial
2752,979,227,1,Tutorial,Tutorial
2753,213,222,1,VE,Other
2754,213,217,1,VE,Other
2755,213,283,1,VE,Other
2756,213,280,1,VE,Other
2757,213,221,1,VE,Other
2758,199,282,1,Other,Other
2759,21,287,1,Other,Other
2760,235,282,1,Other,Other
2761,21,282,1,Other,Other
2762,60,282,1,English,Theory
2763,270,292,1,04CH6103,Theory
2764,271,292,1,04CH6105,Theory
2765,272,292,1,04CH6107,Theory
2766,273,292,1,04CH6111,Theory
2767,255,292,1,04GN6001,Theory
2768,256,292,1,04CH6191,Lab
2769,274,292,1,MNT108,Lab
2770,21,223,1,Other,Other
2771,980,288,1,04EE7303,Theory
2772,21,294,1,Other,Other
2773,288,296,1,04CE6101,Theory
2774,289,296,1,04CE6103,Theory
2775,291,296,1,04CE6107,Theory
2776,290,296,1,04CE6105,Theory
2777,292,296,1,04CE6113,Theory
2778,255,296,1,04GN6001,Theory
2779,256,296,1,04CE6191,Lab
2780,90,296,1,04CE6193,Lab
2781,288,297,1,04CE6401,Theory
2782,289,297,1,04CE6403,Theory
2783,294,297,1,04CE6405,Theory
2784,291,297,1,04CE6407,Theory
2785,290,297,1,04CE6411,Theory
2786,255,297,1,04GN6001,Theory
2787,256,297,1,04CE6491,Lab
2788,90,297,1,04CE6493,Lab
2789,240,298,1,DMCA301,Theory
2790,4,298,1,DMCA302,Theory
2791,44,298,1,DMCA303,Theory
2792,400,298,1,DMCA304,Theory
2793,981,298,1,DMCA305,Theory
2794,47,298,1,DMCA306,Lab
2795,982,298,1,DMCA307,Lab
2796,199,298,1,CEC,Other
2797,228,298,1,Library,Other
2798,213,298,1,VD,Other
2799,983,295,1,04CH7107,Elective
2800,984,295,1,04CH7111,Elective
2801,985,295,1,04CH6192,Other
2802,409,223,1,EE110,Lab
2803,971,286,1,04CE7407,Elective
2804,972,286,1,04CE7413,Theory
2805,57,286,1,04CE7491,Lab
2806,58,286,1,04CE7493,Lab
2807,57,295,1,Seminar,Lab
2808,337,243,1,CE201,Tutorial
2809,333,243,1,CE203,Tutorial
2810,986,243,0,CE205,Lab
2811,337,244,1,CE201,Tutorial
2812,333,244,1,CE203,Tutorial
2813,986,244,0,CE205,Lab
2814,276,299,1,09ME6103,Theory
2815,277,299,1,09ME6203,Theory
2816,278,299,1,09ME6303,Theory
2817,279,299,1,09ME6403,Theory
2818,255,299,1,09ME6603,Theory
2819,280,299,1,09ME6523,Theory
2820,256,299,1,09ME6703,Lab
2821,281,299,1,09ME6803,Lab
2822,256,300,1,Seminar,Lab
2823,58,300,1,Project,Lab
2824,988,300,1,04ME7511,Theory
2825,21,293,1,OTHER,Other
2826,298,277,1,BE100,Tutorial
2827,21,242,1,OTHER,Other
2828,205,238,1,SS,Theory
2829,211,274,1,IME,Theory
2830,935,274,1,MA201,Tutorial
2831,706,225,1,BE10101,Tutorial
2832,705,225,1,EC100,Tutorial
2833,302,225,1,CY100,Tutorial
2834,303,226,1,MA101,Tutorial
2835,706,226,1,BE10101,Tutorial
2836,705,226,1,EC100,Tutorial
2837,302,226,1,CY100,Tutorial
2838,302,234,1,CY100,Tutorial
2839,906,269,1,HS210,Theory
2840,935,269,1,MA201,Tutorial
2841,936,269,1,ME203,Tutorial
2842,337,269,1,ME201,Tutorial
2843,632,269,1,ME205,Tutorial
2844,937,269,0,ME207,Tutorial
2845,206,269,1,Aptitude,Other
2846,303,231,1,MA101,Tutorial
2847,300,231,1,BE10104,Tutorial
2848,708,231,1,PH100,Tutorial
2849,315,231,1,ME100,Tutorial
2850,298,231,1,BE100,Tutorial
2851,303,232,1,MA101,Tutorial
2852,300,232,1,BE10104,Tutorial
2853,708,232,1,PH110,Tutorial
2854,315,232,1,BE10104,Tutorial
2855,298,232,1,BE100,Tutorial
2856,298,227,1,BE100,Tutorial
2857,307,227,1,EE100,Tutorial
2858,298,228,1,BE100,Tutorial
2859,307,228,0,tutorial,Tutorial
2860,365,263,1,tutorial,Tutorial
2861,366,263,1,tutorial,Tutorial
2862,367,263,1,tutorial,Tutorial
2863,368,263,1,tutorial,Tutorial
2864,369,263,1,tutorial,Tutorial
2865,365,264,1,tutorial,Tutorial
2866,366,264,1,tutorial,Tutorial
2867,367,264,1,tutorial,Tutorial
2868,368,264,1,tutorial,Tutorial
2869,369,264,1,tutorial,Tutorial
2870,720,282,1,RLMCA203,Tutorial
2871,603,282,1,RLMCA201,Tutorial
2872,624,282,1,RLMCA205,Tutorial
2873,778,282,1,RLMCA207,Tutorial
2874,993,282,1,RLMCA209,Tutorial
2875,620,281,1,RLMCA101,Tutorial
2876,377,281,1,RLMCA107,Tutorial
2877,996,281,1,RLMCA109,Tutorial
2878,997,281,1,RLMCA105,Tutorial
2879,998,281,1,RLMCA103,Tutorial
2880,357,280,1,INMCA101,Tutorial
2881,711,280,1,INMCA103,Tutorial
2882,999,280,1,INMCA107,Tutorial
2883,1000,280,1,INMCA109,Tutorial
2884,608,280,1,INMCA105,Tutorial
2885,736,292,1,tutorial,Tutorial
2886,235,292,1,Library,Other
2887,935,237,1,tutorial,Tutorial
2888,337,237,1,tutorial,Tutorial
2889,613,237,1,tutorial,Tutorial
2890,906,237,0,Practical,Theory
2891,1002,237,1,tutorial,Tutorial
2892,989,300,1,tutorial,Tutorial
2893,21,258,1,OT,Other
2894,21,257,1,OT,Other
2895,21,256,1,OT,Other
2896,323,272,1,ME010705,Tutorial
2897,740,299,1,09ME6103,Tutorial
2898,741,299,1,"09ME6203	",Tutorial
2899,355,299,1,09ME6603,Tutorial
2900,742,299,1,"09ME6303	",Tutorial
2901,110,268,1,CAD,Theory
2902,456,268,1,NDT,Lab
2903,1003,227,1,EE100,Tutorial
2904,243,301,1,MCA301,Theory
2905,244,301,1,MCA303,Theory
2906,245,301,1,MCA302,Theory
2907,44,301,1,MCA304,Theory
2908,96,301,1,MCA305,Theory
2909,246,301,1,MCA306,Lab
2910,47,301,1,MCA307,Lab
2911,199,301,1,PLACEMENT,Other
2912,228,301,1,LIBRARY,Other
2913,709,277,1,BE10103,Tutorial
2914,58,242,1,CH010710,Theory
2915,305,236,1,BE10102,Tutorial
2916,337,274,1,ME201,Tutorial
2917,670,274,1,MT201,Tutorial
2918,57,247,1,CE010,Lab
2919,57,248,1,CE010,Lab
2920,388,302,1,MCA501,Theory
2921,51,302,1,MCA503,Theory
2922,106,302,1,MCA504,Theory
2923,392,302,1,MCA505,Theory
2924,428,302,1,MCA506,Lab
2925,57,302,1,MCA507,Theory
2926,393,302,1,MCA508,Lab
2927,1004,302,1,MCA502,Theory
2928,692,249,1,CS207,Tutorial
2929,692,250,1,CS207,Tutorial
2930,622,249,1,"CS203	",Tutorial
2931,622,250,1,"CS203	",Tutorial
2932,935,249,1,MA201,Tutorial
2933,935,250,1,MA201,Tutorial
2934,774,249,1,CS205,Tutorial
2935,774,250,1,CS205,Tutorial
2936,1006,249,1,CS201,Tutorial
2937,1006,250,1,CS201,Tutorial
2938,638,256,1,EE207,Tutorial
2939,1007,256,1,EE201,Tutorial
2940,1008,256,1,EE203,Tutorial
2941,831,256,1,EE205,Tutorial
2942,662,233,0,BEE,Tutorial
2943,950,233,1,EE100,Tutorial
2944,950,236,1,EE100,Tutorial
2945,301,236,1,BE110,Tutorial
2946,315,277,1,ME100,Tutorial
2947,947,277,1,PH100,Tutorial
2948,388,303,1,MCA501,Theory
2949,1004,303,1,MCA502,Theory
2950,51,303,1,MCA503,Theory
2951,106,303,1,MCA504,Theory
2952,392,303,1,MCA505,Elective
2953,428,303,1,MCA506,Lab
2954,160,303,1,MCA507,Theory
2955,393,303,1,MCA508,Lab
2956,415,306,1,RLMCA102,Theory
2957,912,306,1,RLMCA104,Theory
2958,4,306,1,RLMCA106,Theory
2959,8,306,1,RLMCA108,Theory
2960,240,306,1,RLMCA112,Theory
2961,915,306,1,RLMCA134,Lab
2962,1009,306,1,RLMCA132,Lab
2963,773,306,1,RLMCA102,Tutorial
2964,609,306,1,RLMCA104,Tutorial
2965,600,306,1,RLMCA106,Tutorial
2966,602,306,1,RLMCA108,Tutorial
2967,715,306,1,RLMCA112,Tutorial
2968,1010,305,1,RLMCA202,Theory
2969,1014,305,1,RLMCA202,Tutorial
2970,1011,305,1,RLMCA204,Theory
2971,1015,305,1,RLMCA204,Tutorial
2972,1012,305,1,RLMCA206,Theory
2973,1017,305,1,RLMCA206,Tutorial
2974,1013,305,1,RLMCA208,Theory
2975,1016,305,1,RLMCA208,Tutorial
2976,12,305,1,RLMCA266,Theory
2977,606,305,1,RLMCA266,Tutorial
2978,1018,305,1,RLMCA232,Lab
2979,1019,305,1,RLMCA234,Lab
2980,15,304,1,INMCA102,Theory
2981,1194,304,1,INMCA104,Theory
2982,38,305,0,INMCA106,Theory
2983,621,304,1,INMCA106,Tutorial
2984,607,304,1,INMCA102,Tutorial
2985,1195,304,1,INMCA104,Tutorial
2986,1020,304,1,INMCA108,Theory
2987,1021,304,1,INMCA132,Lab
2988,1022,304,1,INMCA108,Tutorial
2989,1023,304,1,INMCA112,Theory
2990,1024,304,1,INMCA112,Tutorial
2991,1025,304,1,INMCA134,Lab
2992,38,304,1,INMCA106,Theory
2993,199,305,1,placement,Other
2994,228,305,1,library,Other
2995,1015,305,0,RLMCA204,Tutorial
2996,246,307,1,DMCA406,Lab
2997,880,307,1,DMCA403,Theory
2998,1026,307,1,DMCA402,Theory
2999,96,307,1,DMCA404,Theory
3000,881,307,1,DMCA405,Theory
3001,243,307,1,DMCA401,Theory
3002,917,283,1,DMCA407,Lab
3003,917,307,1,DMCA407,Lab
3004,11,308,1,DMCA601,Theory
3005,1027,308,1,DMCA602,Theory
3006,1028,308,1,DMCA603,Elective
3007,160,308,1,DMCA604,Theory
3008,1029,308,1,DMCA605,Lab
3009,413,309,1,MA102,Theory
3010,217,309,1,PH100,Theory
3011,218,309,1,BE100,Theory
3012,405,309,1,CE100,Theory
3013,214,309,1,EC100,Theory
3014,247,309,1,PH110,Lab
3015,1030,309,1,CE110,Lab
3016,296,309,1,EC110,Lab
3017,1031,310,1,MA202,Theory
3018,1032,310,1,AU202,Theory
3019,1033,310,1,AU204,Theory
3020,476,310,1,AU206,Theory
3021,546,310,1,AU208,Theory
3022,914,310,1,HS200,Theory
3023,914,237,1,HS200,Theory
3024,547,310,1,AU232,Lab
3025,1034,310,1,AU234,Lab
3026,199,307,1,Placement,Other
3027,474,311,1,AU010601,Theory
3028,475,311,1,AU010602,Theory
3029,476,311,1,AU010603,Theory
3030,528,311,1,AU010605,Theory
3031,532,311,1,AU010607,Lab
3032,1035,311,1,AU010606L01,Elective
3033,1036,311,1,AU010606L05,Elective
3034,533,311,1,AU010608,Lab
3035,471,312,1,AU010801,Theory
3036,454,312,1,AU010802,Theory
3037,472,312,1,AU010803,Theory
3038,1037,312,1,AU010804L01,Elective
3039,1038,312,1,AU010804L02,Elective
3040,1039,312,1,AU010805G03,Elective
3041,473,312,1,AU010806,Lab
3042,922,312,1,AU010807,Lab
3043,413,313,1,MA102,Theory
3044,451,363,1,MT010801,Theory
3045,452,363,1,MT010802,Theory
3046,453,363,1,MT010803,Theory
3047,454,363,1,MT010804L02,Elective
3048,455,363,1,MT010805G01,Elective
3049,456,363,1,MT010806,Lab
3050,922,363,1,MT010807,Lab
3051,457,362,1,MT010601,Theory
3052,458,362,1,MT010602,Theory
3053,459,362,1,MT010603,Theory
3054,460,362,1,MT010604,Theory
3055,461,362,1,MT010605,Theory
3056,462,362,1,MT010606,Elective
3057,464,362,1,MT010608,Lab
3058,1040,361,1,MA206,Theory
3059,1041,361,1,MT204,Theory
3060,1042,361,1,MT206,Theory
3061,465,361,1,MT208,Theory
3062,914,361,1,HS200,Theory
3063,413,360,1,MA102,Theory
3064,217,360,1,PH100,Theory
3065,218,360,1,BE100,Theory
3066,1043,360,1,BE102,Theory
3067,214,360,1,EC100,Theory
3068,296,360,1,EC110,Lab
3069,247,360,1,PH110,Lab
3070,1030,360,1,CE110,Lab
3071,471,358,1,ME010801,Theory
3072,454,358,1,ME010802,Theory
3073,537,358,1,ME010803,Theory
3074,538,358,1,ME010804L05,Elective
3075,455,358,1,ME010805G01,Elective
3076,1045,358,1,ME010806,Lab
3077,922,358,1,ME010807,Lab
3078,471,359,1,ME010801,Theory
3079,454,359,1,ME010802,Theory
3080,537,359,1,ME010803,Theory
3081,538,359,1,ME010804L05,Theory
3082,455,359,1,ME010805G01,Theory
3083,1045,359,1,ME010806,Lab
3084,922,359,1,ME010807,Lab
3085,474,356,1,ME010601,Theory
3086,475,356,1,ME010602,Theory
3087,527,356,1,ME010603,Theory
3088,530,356,1,ME010604,Theory
3089,528,356,1,ME010605,Theory
3090,1046,356,1,ME010606L02/L06,Elective
3091,1047,356,1,ME010607,Lab
3092,533,356,1,ME010608,Lab
3093,60,356,1,,Theory
3094,474,357,1,ME010601,Theory
3095,475,357,1,ME010602,Theory
3096,527,357,1,ME010603,Theory
3097,530,357,1,ME010604,Theory
3098,478,357,1,ME010605,Theory
3099,1046,357,1,ME010606L02/L06,Elective
3100,1047,357,1,ME010607,Lab
3101,533,357,1,ME010608,Lab
3102,60,357,1,,Theory
3103,1031,354,1,MA202,Theory
3104,278,354,1,ME202,Theory
3105,1048,354,1,ME204,Theory
3106,1049,354,1,ME206,Theory
3107,1050,354,1,ME220,Theory
3108,914,354,1,HS200,Theory
3109,889,354,1,ME230,Lab
3110,1051,354,1,ME232,Lab
3111,1031,355,1,MA202,Theory
3112,278,355,1,ME202,Theory
3113,1048,355,1,ME204,Theory
3114,889,355,1,ME230,Lab
3115,1051,355,1,ME232,Lab
3116,1049,355,1,ME206,Theory
3117,1050,355,1,ME220,Theory
3118,914,355,0,HS210,Theory
3119,413,352,1,MA102,Theory
3120,217,352,1,PH100,Theory
3121,404,352,1,BE102,Theory
3122,405,352,1,CE100,Theory
3123,212,352,1,EE100,Theory
3124,218,352,1,BE100,Theory
3125,406,352,1,PH110,Lab
3126,225,352,1,CE110,Lab
3127,60,352,1,ENG,Theory
3128,221,352,1,PROJ,Lab
3129,413,353,1,MA102,Theory
3130,1053,353,1,PH100,Theory
3131,404,353,1,BE102,Theory
3132,405,353,1,CE100,Theory
3133,212,353,1,EE100,Theory
3134,218,353,1,BE100,Theory
3135,225,353,1,CE110,Lab
3136,60,353,1,U100,Theory
3137,221,353,1,MP,Lab
3138,486,350,1,IT010801,Theory
3139,497,350,1,IT010802,Theory
3140,424,350,1,IT010803,Theory
3141,1054,350,1,IT010804L03,Elective
3142,1055,350,1,IT010805G04,Elective
3143,940,350,1,IT010806,Lab
3144,58,350,1,IT010807,Lab
3145,9,351,1,IT010601,Theory
3146,45,351,1,IT010602,Theory
3147,174,351,1,IT010603,Theory
3148,245,351,1,IT010604,Theory
3149,420,351,1,IT010605,Theory
3150,422,351,1,IT010606L03,Elective
3151,1056,351,1,IT010607,Lab
3152,393,351,1,IT010608,Lab
3153,1031,349,1,MA202,Theory
3154,240,349,1,CS202,Theory
3155,1057,349,1,IT202,Theory
3156,1058,349,1,IT204,Theory
3157,1059,349,1,CS208,Theory
3158,906,349,1,HS210,Theory
3159,1009,349,1,IT232,Lab
3160,1060,349,1,IT234,Lab
3161,47,349,1,IT4B1,Lab
3162,1061,349,1,IT4B2,Lab
3163,413,348,1,MA102,Theory
3164,217,348,1,PH100,Theory
3165,218,348,1,BE100,Theory
3166,1043,348,1,BE102,Theory
3167,214,348,1,EC100,Theory
3168,546,348,1,CS100,Theory
3169,247,348,1,PH110,Lab
3170,296,348,1,EC110,Lab
3171,118,348,1,CS120,Lab
3172,413,334,1,MA102,Theory
3173,214,334,1,EC100,Theory
3174,405,334,1,CE100,Theory
3175,210,334,1,CY100,Theory
3176,112,334,1,BE110,Theory
3177,1043,334,1,BE102,Theory
3178,229,334,1,CY110,Lab
3179,1030,334,1,CE110,Lab
3180,296,334,1,EC110,Lab
3181,1031,335,1,MA202,Theory
3182,1062,335,1,EE202,Theory
3183,1063,335,1,EE204,Theory
3184,1064,335,1,EE206,Theory
3185,1065,335,1,EE208,Theory
3186,1066,335,1,HS210,Theory
3187,150,335,1,EE232,Lab
3188,1067,335,1,EE234,Lab
3189,549,336,1,EE010601,Theory
3190,550,336,1,EE010602,Theory
3191,166,336,1,EE010603,Theory
3192,45,336,1,EE010604,Theory
3193,551,336,1,EE010605,Theory
3194,552,336,1,EE010606L06,Elective
3195,553,336,1,EE010607,Lab
3196,496,336,1,EE010608,Lab
3197,555,338,1,EE010801,Theory
3198,556,338,1,EE010802,Theory
3199,557,338,1,EE010803,Theory
3200,558,338,1,EE010804L01,Elective
3201,560,338,1,EE010805G06,Elective
3202,561,338,1,EE010806,Lab
3203,922,338,1,EE010807,Lab
3204,486,346,1,EC010801,Theory
3205,487,346,1,EC010802,Theory
3206,488,346,1,EC010803,Theory
3207,1069,346,1,EC010804LL02,Elective
3208,1070,338,0,EC010804LL03,Theory
3209,1071,346,1,EC010805G02,Elective
3210,1072,346,1,EC010805G06,Elective
3211,489,346,1,EC010806,Lab
3212,58,346,1,EC010807,Lab
3213,486,345,1,EC010801,Theory
3214,487,345,1,EC010802,Theory
3215,488,345,1,EC010803,Theory
3216,1069,345,1,EC010804LL02,Elective
3217,1070,345,1,EC010804LL03,Elective
3218,1071,345,1,EC010805G02,Elective
3219,1072,345,1,EC010805G06,Elective
3220,489,345,1,EC010806,Lab
3221,58,345,1,EC010807,Lab
3222,490,343,1,EC010601,Theory
3223,45,343,1,EC010602,Theory
3224,491,343,1,EC010603,Theory
3225,492,343,1,EC010604,Theory
3226,493,343,1,EC010605,Theory
3227,494,343,1,EC010606L04,Elective
3228,495,343,1,EC010606L06,Elective
3229,554,343,1,EC010607,Lab
3230,393,343,1,EC010608,Lab
3231,490,344,1,EC010601,Theory
3232,45,344,1,EC010602,Theory
3233,491,344,1,EC010603,Theory
3234,492,344,1,EC010604,Theory
3235,493,344,1,EC010605,Theory
3236,494,344,1,EC010606L04,Elective
3237,495,344,1,EC010606L06,Elective
3238,554,344,1,EC010607,Lab
3239,393,344,1,EC010608,Lab
3240,1073,341,1,MA204,Theory
3241,146,341,1,EC202,Theory
3242,1074,341,1,EC204,Theory
3243,38,341,1,EC206,Theory
3244,1075,341,1,EC208,Theory
3245,906,341,1,HS210,Theory
3246,1076,341,1,EC230,Lab
3247,1077,341,1,EC232,Lab
3248,1073,342,1,MA204,Theory
3249,146,342,1,EC202,Theory
3250,1074,342,1,EC204,Theory
3251,38,342,1,EC206,Theory
3252,1075,342,1,EC208,Theory
3253,906,342,1,HS210,Theory
3254,1076,342,1,EC230,Lab
3255,1077,342,1,EC232,Lab
3256,413,339,1,MA102,Theory
3257,212,339,1,EE100,Theory
3258,405,339,1,CE100,Theory
3259,210,339,1,CY100,Theory
3260,112,339,1,BE110,Theory
3261,1043,339,1,BE102,Theory
3262,229,339,1,CY110,Lab
3263,1030,339,1,CE110,Lab
3264,413,340,1,MA102,Theory
3265,212,340,1,EE100,Theory
3266,405,340,1,CE100,Theory
3267,210,340,1,CY100,Theory
3268,112,340,1,BE110,Theory
3269,1043,340,1,BE102,Theory
3270,229,340,1,CY110,Lab
3271,1030,340,1,CE110,Lab
3272,413,326,1,MA102,Theory
3273,210,326,1,CY100,Theory
3274,546,326,1,CS100,Theory
3275,214,326,1,EC100,Theory
3276,1043,326,0,BE102,Theory
3277,229,326,1,CY110,Lab
3278,547,326,1,CS120,Lab
3279,296,326,1,EC110,Lab
3280,221,326,1,MicroProject,Lab
3281,206,326,1,Aptitude,Other
3282,413,327,1,MA102,Theory
3283,210,327,1,CY100,Theory
3284,546,327,1,CS100,Theory
3285,214,327,1,EC100,Theory
3286,1043,327,1,BE102,Theory
3287,229,327,1,CY110,Lab
3288,547,327,1,CS120,Lab
3289,296,327,1,EC110,Lab
3290,221,327,1,MICROPROJECT,Lab
3291,206,327,1,,Other
3292,1031,328,1,MA202,Theory
3293,240,328,1,CS202,Theory
3294,4,328,1,CS204,Theory
3295,1078,328,1,CS206,Theory
3296,1059,328,1,CS208,Theory
3297,906,328,1,HS210,Theory
3298,1079,328,1,CS232,Lab
3299,1080,328,1,CS234,Lab
3300,1031,329,1,MA202,Theory
3301,240,329,1,CS202,Theory
3302,4,329,1,CS204,Theory
3303,1078,329,1,CS206,Theory
3304,1059,329,1,CS208,Theory
3305,906,329,1,HS210,Theory
3306,1079,329,1,CS232,Lab
3307,1080,329,1,CS234,Lab
3308,420,330,1,CS010601,Theory
3309,421,330,1,CS010602,Theory
3310,244,330,1,CS010603,Theory
3311,9,330,1,CS010604,Theory
3312,245,330,1,CS010605,Theory
3313,422,330,1,CS010606L04,Elective
3314,423,330,1,CS010607,Lab
3315,393,330,1,CS010608,Lab
3316,420,331,1,CS010601,Theory
3317,421,331,1,CS010602,Theory
3318,244,331,1,CS010603,Theory
3319,9,331,1,CS010604,Theory
3320,245,331,1,CS010605,Theory
3321,422,331,1,CS010606L04,Elective
3322,423,331,1,CS010607,Lab
3323,393,331,1,CS010608,Lab
3324,22,332,1,CS010801,Theory
3325,424,332,1,CS010802,Theory
3326,425,332,1,CS010803,Theory
3327,1028,332,1,CS010804L01,Elective
3328,1081,332,1,CS010805G04,Elective
3329,428,332,1,CS010806,Lab
3330,58,332,1,CS010807,Lab
3331,22,333,1,CS010801,Theory
3332,424,333,1,CS010802,Theory
3333,425,333,1,CS010803,Theory
3334,1028,333,1,CS010804L01,Elective
3335,1081,333,1,CS010805G04,Elective
3336,428,333,1,CS010806,Lab
3337,58,333,1,CS010807,Lab
3338,515,324,1,CE010801,Theory
3339,516,324,1,CE010802,Theory
3340,517,324,1,CE010803,Theory
3341,518,324,1,CE010804L05,Theory
3342,519,324,1,CE010805G01,Elective
3343,520,324,1,CE010805G02,Elective
3344,521,324,1,CE010806,Lab
3345,58,324,1,CE010807,Lab
3346,515,325,1,CE010801,Theory
3347,516,325,1,CE010802,Theory
3348,517,325,1,CE010803,Theory
3349,518,325,1,CE010804L05,Theory
3350,519,325,1,CE010805G01,Elective
3351,520,325,1,CE010805G02,Elective
3352,521,325,1,CE010806,Lab
3353,58,325,1,CE010807,Lab
3354,507,322,1,CE010601,Theory
3355,508,322,1,CE010602,Theory
3356,509,322,1,CE010603,Theory
3357,510,322,1,CE010604,Theory
3358,511,322,1,CE010605,Theory
3359,512,322,1,CE010606L05,Theory
3360,1082,322,1,CE010607,Lab
3361,514,322,1,CE010608,Lab
3362,507,323,1,CE010601,Theory
3363,508,323,1,CE010602,Theory
3364,509,323,1,CE010603,Theory
3365,510,323,1,CE010604,Theory
3366,511,323,1,CE010605,Theory
3367,512,323,1,CE010606L05,Theory
3368,1082,323,1,CE010607,Lab
3369,514,323,1,CE010608,Lab
3370,1031,320,1,MA202,Theory
3371,81,320,1,CE202,Theory
3372,1083,320,1,CE204,Theory
3373,1084,320,1,CE206,Theory
3374,79,320,1,CE208,Theory
3375,914,320,1,HS200,Theory
3376,75,320,1,CE232,Lab
3377,30,320,1,CE234,Lab
3378,235,307,1,,Other
3379,1031,321,1,MA202,Theory
3380,81,321,1,CE202,Theory
3381,1083,321,1,CE204,Theory
3382,1084,321,1,CE206,Theory
3383,79,321,1,CE208,Theory
3384,914,321,1,HS200,Theory
3385,75,321,1,CE232,Lab
3386,413,318,1,MA102,Theory
3387,217,318,1,PH100,Theory
3388,1043,318,1,BE102,Theory
3389,938,318,1,EE100,Theory
3390,218,318,1,BE100,Theory
3391,247,318,1,PH110,Lab
3392,772,319,1,MA102,Tutorial
3393,217,319,1,PH100,Theory
3394,1043,319,1,BE102,Theory
3395,212,319,1,EE100,Theory
3396,218,319,1,BE100,Theory
3397,247,319,1,PH110,Lab
3398,214,313,1,EC100,Theory
3399,296,313,1,EC110,Lab
3400,1043,313,1,BE102,Theory
3401,210,313,1,CY100,Theory
3402,229,313,1,CY110,Lab
3403,1031,314,1,MA202,Theory
3404,1086,314,1,CH202,Theory
3405,1192,314,1,CH204,Theory
3406,1087,314,1,CH206,Theory
3407,1088,314,1,CH208,Theory
3408,914,314,1,HS200,Theory
3409,440,314,1,CH232,Lab
3410,1089,314,1,CH234,Lab
3411,442,315,1,CH010601,Theory
3412,443,315,1,CH010602,Theory
3413,444,315,1,CH010603,Theory
3414,445,315,1,CH010604,Theory
3415,1090,315,1,CH010605,Theory
3416,447,315,1,CH010606L01,Elective
3417,1091,315,1,CH010606L04,Elective
3418,1092,315,1,CH010606L05,Elective
3419,521,315,1,CH010607,Lab
3420,1093,315,1,CH010608,Lab
3421,1094,315,0,CH010801,Theory
3422,1095,316,1,CH010802,Theory
3423,1096,316,1,CH010803,Theory
3424,1094,316,1,CH010801,Theory
3425,1097,316,1,CH010804L05,Elective
3426,1098,316,1,CH010804L02,Elective
3427,1099,316,1,CH010805G04,Elective
3428,1100,316,1,CH010805G01,Elective
3429,1101,316,1,CH010806,Lab
3430,58,316,1,CH010807,Lab
3431,870,364,1,04CH6102,Theory
3432,875,364,1,04CH6104,Theory
3433,871,364,1,04CH6106,Theory
3434,873,364,1,04CH6118,Elective
3435,1102,364,1,04CH6112,Elective
3436,393,364,1,04CH6192,Lab
3437,876,292,1,04CH6194,Lab
3438,160,364,1,SEMINAR,Lab
3439,772,309,1,MA102,Tutorial
3440,708,309,1,PH100,Tutorial
3441,298,309,1,BE100,Tutorial
3442,769,309,1,CE100,Tutorial
3443,705,309,1,EC100,Tutorial
3444,1103,310,1,,Tutorial
3445,772,313,1,MA102,Tutorial
3446,705,313,1,EC100,Tutorial
3447,1104,313,0,BE102,Tutorial
3448,757,313,1,CY100,Tutorial
3449,1103,314,1,MA202,Tutorial
3450,1105,314,1,CH202,Tutorial
3451,1193,314,1,CH204,Tutorial
3452,696,314,0,"CH206	",Tutorial
3453,1106,314,0,CH208,Tutorial
3454,1107,314,1,HS200,Tutorial
3455,573,324,1,CE010801,Tutorial
3456,574,324,1,CE010802,Tutorial
3457,575,324,1,CE010803,Tutorial
3458,576,324,1,CE010804L05,Tutorial
3459,577,324,1,CE010805G01,Tutorial
3460,578,324,1,CE010805G02,Tutorial
3461,573,325,1,CE010801,Tutorial
3462,574,325,1,CE010802,Tutorial
3463,575,325,1,CE010803,Tutorial
3464,576,325,1,CE010804L05,Tutorial
3465,577,325,1,CE010805G01,Tutorial
3466,578,325,1,CE010805G02,Tutorial
3467,562,322,1,CE010601,Tutorial
3468,563,322,1,CE010602,Tutorial
3469,564,322,1,CE010602,Tutorial
3470,565,322,1,CE010604,Tutorial
3471,566,322,1,CE010605,Tutorial
3472,567,322,1,CE010606L05,Tutorial
3473,567,322,1,CE010606L05,Tutorial
3474,562,323,1,CE010601,Tutorial
3475,563,323,1,CE010602,Tutorial
3476,564,323,1,CE010603,Tutorial
3477,565,323,1,CE010604,Tutorial
3478,566,323,1,CE010605,Tutorial
3479,567,323,1,CE010606L05,Tutorial
3480,1103,320,1,MA202,Tutorial
3481,642,320,1,CE202,Tutorial
3482,1103,321,1,MA202,Tutorial
3483,772,318,1,MA102,Tutorial
3484,708,318,1,PH100,Tutorial
3485,298,318,1,BE100,Tutorial
3486,413,319,1,MA102,Theory
3487,708,319,1,PH100,Tutorial
3488,298,319,1,BE100,Tutorial
3489,1108,320,0,CE204,Tutorial
3490,1109,320,0,CE206,Tutorial
3491,344,320,0,CE208,Tutorial
3492,1107,320,0,HS200,Tutorial
3493,1108,321,0,CE204,Tutorial
3494,1109,321,0,CE206,Tutorial
3495,344,321,0,CE208,Tutorial
3496,1107,321,0,HS200,Tutorial
3497,1104,318,0,BE102,Tutorial
3498,703,318,1,EE100,Tutorial
3499,1104,319,0,BE102,Tutorial
3500,703,319,1,EE100,Tutorial
3501,793,315,1,CH010601,Tutorial
3502,794,315,1,CH010602,Tutorial
3503,795,315,1,"CH010603	",Tutorial
3504,796,315,1,"CH010604	",Tutorial
3505,1110,315,1,CH010605,Tutorial
3506,866,315,1,CH010606L01,Tutorial
3507,1111,315,1,CH010606L04,Tutorial
3508,1112,315,1,CH010606L05,Tutorial
3509,1113,316,1,CH010802,Tutorial
3510,1114,316,1,CH010803,Tutorial
3511,1115,316,1,CH010801,Tutorial
3512,1116,316,1,CH010804L05,Tutorial
3513,1117,316,1,CH010804L02,Tutorial
3514,1118,316,1,CH010805G04,Tutorial
3515,1119,316,1,CH010805G01,Tutorial
3516,1120,310,1,AU202,Tutorial
3517,1121,310,1,AU204,Tutorial
3518,817,310,1,AU206,Tutorial
3519,638,310,1,AU208,Tutorial
3520,1107,310,1,HS200,Tutorial
3521,815,311,1,AU010601,Tutorial
3522,816,311,1,AU010602,Tutorial
3523,817,311,1,AU010603,Tutorial
3524,819,311,1,AU010605,Tutorial
3525,1122,311,1,AU010606L01,Tutorial
3526,1123,311,1,AU010606L05,Tutorial
3527,813,312,1,AU010801,Tutorial
3528,801,312,1,AU010802,Tutorial
3529,814,312,1,AU010803,Tutorial
3530,1124,312,1,AU010804L01,Tutorial
3531,1125,312,1,AU010804L02,Tutorial
3532,1126,312,1,AU010805G03,Tutorial
3533,772,326,1,MA102,Tutorial
3534,302,326,1,CY100,Tutorial
3535,638,326,1,CS100,Tutorial
3536,705,326,1,EC100,Tutorial
3537,1104,326,0,BE102,Tutorial
3538,772,327,1,"MA102	",Tutorial
3539,302,327,1,CY100,Tutorial
3540,638,327,1,CS100,Tutorial
3541,1127,366,1,04CE7194,Lab
3542,848,367,1,04CE6102,Theory
3543,519,367,1,04CE6104,Theory
3544,705,327,1,EC100,Tutorial
3545,844,367,1,04CE6106,Theory
3546,849,367,1,04CE6116,Theory
3547,1104,327,0,BE102,Tutorial
3548,850,367,1,04CE6118,Theory
3549,393,367,1,04CE6192,Lab
3550,847,367,1,04CE6194,Lab
3551,1103,328,1,MA202,Tutorial
3552,843,368,1,04CE6404,Theory
3553,519,368,1,04CE6404,Theory
3554,844,368,1,04CE6406,Theory
3555,715,328,1,CS202,Tutorial
3556,845,368,1,04CE6416,Theory
3557,846,368,1,04CE6424,Theory
3558,393,368,1,04CE6492,Lab
3559,847,368,1,04CE6494,Lab
3560,1127,369,1,04CE7494,Lab
3561,600,328,1,"CS204	",Tutorial
3562,1128,328,1,CS206,Tutorial
3563,1129,328,1,CS208,Tutorial
3564,1103,329,1,MA202,Tutorial
3565,715,329,1,CS202,Tutorial
3566,715,329,1,CS202,Tutorial
3567,600,329,1,CS204,Tutorial
3568,1128,329,1,CS206,Tutorial
3569,429,370,1,CS6102,Theory
3570,430,370,1,CS6104,Theory
3571,431,370,1,CS6106,Theory
3572,1129,329,1,CS208,Tutorial
3573,432,370,1,CS6114,Theory
3574,433,370,1,CS6122,Elective
3575,393,370,1,CS6192,Lab
3576,434,284,1,CS6194,Lab
3577,778,330,1,CS010601,Tutorial
3578,434,370,1,CS6194,Lab
3579,779,330,1,CS010601,Tutorial
3580,719,330,1,CS010603,Tutorial
3581,603,330,1,CS010604,Tutorial
3582,394,372,1,04EC6302,Theory
3583,395,372,1,04EC6304,Theory
3584,396,372,1,04EC6306,Theory
3585,720,330,1,CS010605,Tutorial
3586,780,330,1,CS010606L04,Tutorial
3587,397,372,1,04EC6308(EL1),Elective
3588,398,372,1,04EC6324-El2,Elective
3589,393,293,1,04EC6392-,Lab
3590,399,372,1,04EC6394,Lab
3591,778,331,1,"CS010601	",Tutorial
3592,779,331,1,"CS010601	",Tutorial
3593,852,374,1,04EE6302,Theory
3594,854,374,1,04EE6418,Theory
3595,719,331,1,CS010603,Tutorial
3596,1132,374,1,04EE6432,Elective
3597,603,331,1,CS010604,Tutorial
3598,720,331,1,CS010605,Tutorial
3599,1133,374,1,04EE6308,Elective
3600,393,374,1,04EE6492,Lab
3601,861,374,1,04EE6390,Lab
3602,780,331,1,CS010606L04,Tutorial
3603,612,332,1,CS010801,Tutorial
3604,1127,375,1,04EE7494,Lab
3605,781,332,1,CS010802,Tutorial
3606,862,376,1,04EE6502,Theory
3607,782,332,1,CS010803,Tutorial
3608,857,376,1,04EE6304,Theory
3609,858,376,1,04EE6504,Theory
3610,859,376,1,04EE6508,Elective
3611,856,376,1,04EE6444,Elective
3612,393,376,1,04EE6592,Lab
3613,1134,332,1,CS010804L01,Tutorial
3614,860,376,1,04EE6594,Lab
3615,1127,377,1,04EE7594,Lab
3616,1135,332,1,CS010805G04,Tutorial
3617,612,333,1,CS010801,Tutorial
3618,781,333,1,CS010802,Tutorial
3619,782,333,1,CS010803,Tutorial
3620,1134,333,1,CS010804L01,Tutorial
3621,21,324,1,OTHER,Other
3622,21,325,1,OTHER,Other
3623,519,378,1,04ME6502,Theory
3624,1043,378,1,04ME6504,Theory
3625,1136,378,1,04ME6506,Theory
3626,32,378,1,04ME6512,Theory
3627,1137,378,1,04ME6524,Theory
3628,851,378,1,04ME6594,Lab
3629,393,378,1,04ME6592,Lab
3630,1135,333,1,CS010805G04,Tutorial
3631,1127,379,1,04ME7594,Lab
3632,580,346,1,EC010801,Tutorial
3633,581,346,1,EC010802,Tutorial
3634,582,346,1,EC010803,Tutorial
3635,583,346,1,EC010804LL02,Tutorial
3636,1070,346,1,EC010804LL03,Elective
3637,584,346,1,EC010804LL03,Tutorial
3638,1139,346,1,EC010805G02,Tutorial
3639,580,345,1,EC010801,Tutorial
3640,581,345,1,EC010802,Tutorial
3641,582,345,1,EC010802,Tutorial
3642,583,345,1,EC010804LL02,Tutorial
3643,584,345,1,EC010804LL03,Tutorial
3644,1138,345,1,EC010805G02,Tutorial
3645,1139,345,1,EC010805G06,Tutorial
3646,585,343,1,EC010601,Tutorial
3647,586,343,1,EC010602,Tutorial
3648,587,343,1,EC010603,Tutorial
3649,588,343,1,EC010604,Tutorial
3650,589,343,1,EC010605,Tutorial
3651,590,343,1,"EC010606L04	",Tutorial
3652,591,343,1,EC010606L06,Tutorial
3653,585,344,1,EC010601,Tutorial
3654,586,344,1,EC010602,Tutorial
3655,587,344,1,EC010603,Tutorial
3656,588,344,1,EC010604,Tutorial
3657,589,344,1,EC010605,Tutorial
3658,590,344,1,EC010606L04,Tutorial
3659,591,344,1,EC010606L06,Tutorial
3660,1103,341,1,MA204,Tutorial
3661,683,341,1,EC202,Tutorial
3662,1140,341,1,EC204,Tutorial
3663,621,341,1,EC206,Tutorial
3664,1141,341,1,EC208,Tutorial
3665,1103,342,1,MA204,Tutorial
3666,683,342,1,EC202,Tutorial
3667,1140,342,1,EC204,Tutorial
3668,621,342,1,EC206,Tutorial
3669,1141,342,1,EC208,Tutorial
3670,772,339,1,MA102,Tutorial
3671,703,339,1,EE100,Tutorial
3672,769,339,1,CE100,Tutorial
3673,302,339,1,CY100,Tutorial
3674,301,339,1,BE110,Tutorial
3675,772,340,1,MA102,Tutorial
3676,703,340,1,EE100,Tutorial
3677,769,340,1,"CE100	",Tutorial
3678,302,340,1,CY100,Tutorial
3679,301,340,1,BE110,Tutorial
3680,772,376,0,MA102,Tutorial
3681,772,334,1,MA102,Tutorial
3682,705,334,1,EC100,Tutorial
3683,769,334,1,"CE100	",Tutorial
3684,302,334,1,CY100,Tutorial
3685,301,334,1,BE110,Tutorial
3686,1104,334,0,BE102,Tutorial
3687,1103,335,1,MA202,Tutorial
3688,1142,335,1,EE202,Tutorial
3689,1143,335,1,EE204,Tutorial
3690,1144,335,0,EE206,Tutorial
3691,1145,335,1,EE208,Tutorial
3692,835,336,1,EE010601,Tutorial
3693,836,336,1,EE010602,Tutorial
3694,360,336,1,EE010603,Tutorial
3695,586,336,1,EE010604,Tutorial
3696,837,336,1,EE010605,Tutorial
3697,1146,336,1,EE010606L06,Tutorial
3698,21,370,1,Other,Other
3699,838,338,1,EE010801,Tutorial
3700,839,338,1,EE010802,Tutorial
3701,840,338,1,EE010803,Tutorial
3702,1147,338,1,EE010804L01,Tutorial
3703,1148,338,1,EE010805G06,Tutorial
3704,580,350,1,IT010801,Tutorial
3705,823,350,1,IT010802,Tutorial
3706,781,350,1,"IT010803	",Tutorial
3707,1149,350,1,IT010804L03,Tutorial
3708,221,334,1,MicroProject,Lab
3709,1150,350,1,IT010805G04,Tutorial
3710,21,334,1,OTHER,Other
3711,206,309,1,Aptitude,Other
3712,393,309,1,MiniProject,Lab
3713,603,351,1,IT010601,Tutorial
3714,586,351,1,IT010602,Tutorial
3715,366,351,1,IT010603,Tutorial
3716,720,351,1,IT010604,Tutorial
3717,778,351,1,IT010605,Tutorial
3718,780,351,1,IT010606L03,Tutorial
3719,1103,349,1,MA202,Tutorial
3720,715,349,1,CS208,Tutorial
3721,1151,349,1,IT202,Tutorial
3722,1152,349,0,IT204,Tutorial
3723,1129,349,1,CS202,Tutorial
3724,772,348,1,MA102,Tutorial
3725,708,348,1,PH100,Tutorial
3726,298,348,1,BE100,Tutorial
3727,1104,348,0,BE102,Tutorial
3728,705,348,1,EC100,Tutorial
3729,638,348,1,CS100,Tutorial
3730,813,358,1,ME010801,Tutorial
3731,813,358,1,ME010801,Tutorial
3732,801,358,1,ME010802,Tutorial
3733,828,358,1,ME010803,Tutorial
3734,1153,358,1,ME010804L05,Tutorial
3735,802,358,1,ME010805G01,Tutorial
3736,813,359,1,ME010801,Tutorial
3737,801,359,1,ME010802,Tutorial
3738,828,359,1,ME010803,Tutorial
3739,1153,359,1,ME010804L05,Tutorial
3740,802,359,1,ME010805G01,Tutorial
3741,815,356,1,ME010601,Tutorial
3742,816,356,1,"ME010602	",Tutorial
3743,825,356,1,ME010603,Tutorial
3744,826,356,1,ME010604,Tutorial
3745,819,356,1,ME010605,Tutorial
3746,815,357,1,ME010601,Tutorial
3747,816,357,1,ME010602,Tutorial
3748,825,357,1,ME010603,Tutorial
3749,826,357,1,ME010604,Tutorial
3750,1103,354,1,MA202,Tutorial
3751,742,354,1,ME202,Tutorial
3752,1154,354,1,ME204,Tutorial
3753,1155,354,1,"ME206	",Tutorial
3754,1156,354,0,ME220,Tutorial
3755,1107,354,0,HS210,Tutorial
3756,1103,355,1,MA202,Tutorial
3757,742,355,1,ME202,Tutorial
3758,1154,355,1,ME204,Tutorial
3759,1155,355,1,ME206,Tutorial
3760,1156,355,0,ME220,Tutorial
3761,1107,355,1,HS210,Tutorial
3762,772,352,1,MA102,Tutorial
3763,313,352,1,PH100,Tutorial
3764,579,352,1,BE102,Tutorial
3765,769,352,1,CE100,Tutorial
3766,703,352,1,BE102,Tutorial
3767,298,352,1,BE100,Tutorial
3768,772,353,1,MA102,Tutorial
3769,313,353,1,PH100,Tutorial
3770,579,353,1,BE102,Tutorial
3771,769,353,1,CE100,Tutorial
3772,703,353,1,"EE100	",Tutorial
3773,298,353,1,BE100,Tutorial
3774,798,363,1,MT010801,Tutorial
3775,799,363,1,MT010802,Tutorial
3776,800,363,1,MT010803,Tutorial
3777,801,363,1,MT010804L02,Tutorial
3778,802,363,1,"MT010805G01	",Tutorial
3779,803,362,1,MT010601,Tutorial
3780,804,362,1,MT010602,Tutorial
3781,805,362,1,MT010603,Tutorial
3782,806,362,1,MT010604,Tutorial
3783,807,362,1,MT010605,Tutorial
3784,808,362,1,MT010606,Tutorial
3785,1103,361,1,MA206,Tutorial
3786,1159,361,0,MT204,Tutorial
3787,1160,361,1,MT206,Tutorial
3788,809,361,1,MT208,Tutorial
3789,1107,361,1,HS200,Tutorial
3790,772,360,1,MA102,Tutorial
3791,708,360,1,PH100,Tutorial
3792,298,360,1,"BE100	",Tutorial
3793,1104,360,0,"BE102	",Tutorial
3794,705,360,1,EC100,Tutorial
3795,577,378,1,04ME6502,Tutorial
3796,1104,378,1,"04ME6504	",Tutorial
3797,1161,378,1,04ME6506,Tutorial
3798,330,378,1,04ME6512,Tutorial
3799,1162,378,1,04ME6524,Tutorial
3800,762,372,0,04EC6302,Tutorial
3801,763,372,0,04EC6304,Tutorial
3802,764,372,0,04EC6306,Tutorial
3803,765,372,0,"04EC6308(EL1)	",Tutorial
3804,766,372,0,04EC6324-El2,Tutorial
3805,783,370,0,CS6102,Tutorial
3806,784,370,0,CS6104,Tutorial
3807,785,370,0,CS6106,Tutorial
3808,786,370,0,CS6114,Tutorial
3809,787,370,0,CS6122,Tutorial
3810,1164,367,1,"04CE6102	",Tutorial
3811,577,367,1,"04CE6104	",Tutorial
3812,1165,367,1,"04CE6106	",Tutorial
3813,1166,367,1,04CE6116,Tutorial
3814,1167,367,1,04CE6118,Tutorial
3815,1168,368,1,04CE6404,Tutorial
3816,577,368,1,04CE6404,Tutorial
3817,1165,368,1,04CE6406,Tutorial
3818,1169,368,1,04CE6416,Tutorial
3819,1170,368,1,04CE6424,Tutorial
3820,874,364,1,04CH6102,Tutorial
3821,1171,364,0,04CH6104,Tutorial
3822,1172,364,0,04CH6106,Tutorial
3823,1173,364,0,04CH6118,Tutorial
3824,1174,364,0,04CH6112,Tutorial
3825,1175,374,1,04EE6302,Tutorial
3826,1176,374,1,04EE6418,Tutorial
3827,1177,374,1,04EE6432,Tutorial
3828,1178,374,0,04EE6308,Tutorial
3829,1179,376,1,04EE6502,Tutorial
3830,1180,376,0,04EE6304,Tutorial
3831,1181,376,1,"04EE6504	",Tutorial
3832,1182,376,1,04EE6508,Tutorial
3833,1183,376,1,04EE6444,Tutorial
3834,60,340,1,ENG,Theory
3835,1085,340,1,EEW,Lab
3836,221,340,1,PROJ,Lab
3837,206,314,1,,Other
3838,21,314,1,,Other
3839,112,327,1,BE110,Theory
3840,301,327,1,"BE110	",Tutorial
3841,60,327,1,English,Theory
3842,21,327,1,other,Other
3843,409,353,1,EE110,Lab
3844,409,352,1,EE110,Lab
3845,247,353,1,PH110,Lab
3846,301,326,1,Tutorial,Tutorial
3847,1043,326,1,BE102,Theory
3848,1104,326,0,,Tutorial
3849,60,326,1,English,Theory
3850,21,326,1,other,Other
3851,60,330,1,English,Theory
3852,1184,318,1,ME100,Theory
3853,304,313,1,CY100,Tutorial
3854,220,313,1,ME100,Theory
3855,315,313,1,ME100,Tutorial
3856,60,313,1,ENG,Theory
3857,213,313,1,,Other
3858,206,313,1,,Other
3859,112,313,1,BE110,Theory
3860,301,313,1,BE110,Tutorial
3861,224,313,1,ME110,Lab
3862,21,313,1,,Other
3863,393,342,0,mp,Lab
3864,642,321,1,CE202,Tutorial
3865,1185,318,1,ME100,Tutorial
3866,1085,318,1,EE110,Lab
3867,224,318,1,ME110,Lab
3868,1184,319,1,ME100,Theory
3869,1185,319,1,ME100,Tutorial
3870,1085,319,1,EE110,Lab
3871,224,319,1,ME110,Lab
3872,60,319,1,ENG,Theory
3873,60,318,1,ENG,Theory
3874,221,318,1,MP,Lab
3875,221,319,1,mp,Lab
3876,60,370,1,,Theory
3877,853,374,1,04EE6602,Theory
3878,112,326,1,BE110,Theory
3879,1186,320,1,,Other
3880,1186,321,1,,Other
3881,60,322,1,,Theory
3882,60,323,1,,Theory
3883,11,380,1,DMCA601,Theory
3884,605,380,1,DMCA601,Tutorial
3885,1027,380,1,DMCA602,Theory
3886,1187,380,0,DMCA602,Tutorial
3887,1028,380,1,DMCA603,Theory
3888,1134,380,1,DMCA603,Tutorial
3889,57,380,1,DMCA604,Other
3890,1029,380,1,DMCA605,Lab
3891,205,380,1,SoftSkill,Other
3892,199,380,1,Placement,Other
3893,30,321,1,CE234,Lab
3894,206,341,1,,Other
3895,206,342,1,,Other
3896,393,372,1,04EC6392,Lab
3897,879,372,1,,Other
3898,205,372,1,,Other
3899,199,306,1,placement,Other
3900,199,304,1,placement,Other
3901,199,304,1,placement,Other
3902,405,360,1,CE100,Theory
3903,1043,309,1,BE102,Theory
3904,60,309,1,,Theory
3905,530,311,1,AU010604,Theory
3906,914,355,1,HS200,Theory
3907,206,355,1,Aptitude,Other
3908,1104,309,0,,Tutorial
3909,1104,318,0,,Tutorial
3910,1104,319,0,,Tutorial
3911,1104,326,0,,Tutorial
3912,1104,327,0,,Tutorial
3913,1104,339,0,,Tutorial
3914,1104,340,0,,Tutorial
3915,60,331,1,English,Theory
3916,21,336,1,,Other
3917,60,336,1,English,Theory
3918,514,322,1,,Lab
3919,60,311,1,,Theory
3920,116,361,1,MT202,Theory
3921,663,361,1,MT202,Tutorial
3922,470,361,1,MT234,Lab
3923,1191,361,1,MT232,Lab
3924,876,364,1,04CH6194,Lab
3925,206,346,1,,Other
3926,206,345,1,,Other
3927,463,362,1,MT010607,Lab
3928,60,362,1,,Theory
3929,206,362,1,,Other
3930,21,328,1,other,Other
3931,21,329,1,other,Other
3932,409,340,1,EE110,Lab
3933,21,341,1,other,Other
3934,21,342,1,other,Other
3935,206,343,1,Aptitude,Other
3936,206,344,1,Aptitude,Other
3937,769,360,1,CE100,Tutorial
3938,60,343,1,English,Theory
3939,21,343,1,,Other
3940,60,344,1,,Theory
3941,21,344,1,,Other
3942,315,318,1,ME100,Tutorial
3943,60,315,1,English,Theory
3944,21,315,1,other,Other
3945,199,316,0,Placement&Training,Other
3946,21,316,1,Other,Other
3947,206,316,1,Aptitude,Other
3948,315,319,1,BME,Tutorial
3949,950,318,1,EE100,Tutorial
3950,409,339,1,EE110,Lab
3951,60,334,1,English,Theory
3952,60,339,1,English,Theory
3953,876,295,1,04CH6194,Lab
3954,205,374,1,English,Theory
3955,205,364,1,English,Theory
3956,206,315,1,Aptitude,Other
3957,60,351,1,English,Theory
3958,58,381,1,Project,Lab
3959,60,360,1,English,Theory
3960,221,360,1,MicroProject,Lab
3961,58,373,1,P-II,Lab
3962,1127,371,1,04CS7194,Lab
3963,21,356,1,OAT,Other
3964,21,357,1,OAT,Other
3965,21,332,1,OTHER,Other
3966,21,333,1,OTHER,Other
3967,60,348,1,English,Theory
3968,21,306,1,OTHER,Other
3969,1196,343,1,EC010606L05,Elective
3970,1196,344,1,EC010606L05,Elective
3971,21,330,1,other,Other
3972,21,331,1,other,Other
3973,21,350,1,OAT,Other
3974,21,301,1,Other,Other
3975,1052,383,1,MATHS,Theory
3976,1088,383,1,CH208,Theory
3977,914,383,1,HS200,Theory
3978,1086,383,1,CH202,Theory
3979,1193,383,1,CH204,Tutorial
3980,1087,383,1,CH206,Theory
3981,440,383,1,CH232,Lab
3982,1089,383,1,CH234,Lab
3983,413,382,1,MA102,Theory
3984,210,382,1,CY100,Theory
3985,218,382,1,BE100,Theory
3986,1043,382,1,BE102,Theory
3987,938,382,1,EE100,Theory
3988,1044,382,1,EC100,Theory
3989,229,382,1,CY110,Lab
3990,1085,382,1,EE110,Lab
3991,296,382,1,EC110,Lab
3992,-1,312,0,94102,select
3993,-1,311,0,94102,select
3994,-1,-1,0,94102,select
3995,1201,384,1,MCA401,Theory
3996,559,384,1,MCA402,Theory
3997,1202,384,1,MCA403,Theory
3998,11,384,1,MCA404,Theory
3999,880,384,1,MCA405,Theory
4000,13,384,1,MCA406,Lab
4001,14,384,1,MCA407,Lab
4002,199,384,1,Placement,Other
4003,21,384,1,OTHER,Other
4004,228,384,1,Library,Other
4005,1201,385,1,DMCA501,Theory
4006,956,385,1,DMCA502,Theory
4007,1202,385,1,DMCA503,Theory
4008,559,385,1,DMCA504,Theory
4009,245,385,1,DMCA505,Theory
4010,957,385,1,DMCA506,Lab
4011,958,385,1,DMCA507,Lab
4012,199,385,1,,Other
4013,209,390,0,MA101,Theory
4014,215,390,0,BE100-01,Theory
4015,183,390,0,BE103,Theory
4016,217,390,0,PH100,Theory
4017,296,390,0,EC110,Lab
4018,215,392,0,BE100-01,Theory
4019,1030,392,0,CE110,Lab
4020,931,395,1,CE201,Theory
4021,71,395,1,CE203,Theory
4022,74,395,1,CE205,Theory
4023,73,395,1,CE207,Theory
4024,76,395,1,CE233,Lab
4025,931,396,1,CE201,Theory
4026,71,396,1,CE203,Theory
4027,74,396,1,CE205,Theory
4028,73,396,1,CE207,Theory
4029,76,396,1,CE233,Lab
4030,64,426,1,ME010701,Theory
4031,120,426,1,ME010702,Theory
4032,121,426,1,ME010703,Theory
4033,67,426,1,ME010704,Theory
4034,68,426,1,ME010705,Theory
4035,128,426,1,ME010706L04,Theory
4036,1203,426,1,ME010707,Lab
4037,135,426,1,ME010708,Lab
4038,64,427,1,ME010701,Theory
4039,120,427,1,ME010702,Theory
4040,121,427,1,ME010703,Theory
4041,67,427,1,ME010704,Theory
4042,68,427,1,ME010705,Theory
4043,128,427,1,ME010706L04,Theory
4044,78,393,1,CE301,Theory
4045,509,393,1,CE303,Theory
4046,1203,427,1,ME010707,Lab
4047,508,393,1,CE305,Theory
4048,1204,393,1,CE307,Theory
4049,511,393,1,CE309,Theory
4050,135,427,1,ME010708,Lab
4051,292,393,1,CE361,Theory
4052,1205,393,1,CE341,Theory
4053,514,393,1,CE331,Lab
4054,83,393,1,CE333,Lab
4055,78,394,1,CE301,Theory
4056,509,394,1,CE303,Theory
4057,508,394,1,CE305,Theory
4058,1204,394,1,CE307,Theory
4059,511,394,1,CE309,Theory
4060,292,394,1,CE361,Theory
4061,1205,394,1,CE341,Lab
4062,514,394,1,CE331,Lab
4063,1206,428,1,ME301,Theory
4064,83,394,1,CE333,Lab
4065,1207,428,1,ME303,Theory
4066,43,428,1,HS300,Theory
4067,1209,428,1,ME363,Elective
4068,1210,428,1,ME369,Elective
4069,209,397,1,MA101,Theory
4070,215,397,1,BE10101,Theory
4071,183,397,1,BE103,Theory
4072,217,397,1,PH100,Theory
4073,249,397,1,EC110,Lab
4074,215,398,1,BE10101,Theory
4075,1030,398,1,CE110,Lab
4076,84,390,1,CE010701,Theory
4077,85,390,1,CE010702,Theory
4078,78,390,1,CE010703,Theory
4079,87,390,1,CE010704,Theory
4080,88,390,1,CE010705,Theory
4081,89,390,1,CE010706L03,Theory
4082,90,392,0,CE010707,Lab
4083,1205,428,1,ME341,Lab
4084,91,390,1,CE010708,Lab
4085,256,390,1,CE010709,Lab
4086,922,390,1,CE010710,Lab
4087,1314,428,1,ME331,Lab
4088,1206,429,1,ME301,Theory
4089,1207,429,1,ME303,Theory
4090,43,429,1,HS300,Theory
4091,1209,429,1,ME363,Elective
4092,84,392,1,CE010701,Theory
4093,85,392,1,CE010702,Theory
4094,86,392,1,CE010703,Theory
4095,87,392,1,CE010704,Theory
4096,88,392,1,CE010705,Theory
4097,89,392,1,CE010706L03,Theory
4098,90,392,1,CE010707,Lab
4099,91,392,1,CE010708,Lab
4100,256,392,1,CE010709,Lab
4101,922,392,1,CE010710,Lab
4102,58,392,1,CE010710,Lab
4103,49,418,1,CS010701,Theory
4104,50,418,1,CS010702,Theory
4105,51,418,1,CS010703,Theory
4106,11,418,1,CS010704,Theory
4107,53,418,1,CS010705,Theory
4108,54,418,1,CS010706,Theory
4109,55,418,1,CS010707,Lab
4110,56,418,1,CS010708,Lab
4111,973,418,1,CS010709,Lab
4112,922,418,1,CS010710,Lab
4113,49,417,1,CS010701,Theory
4114,50,417,1,CS010702,Theory
4115,11,417,1,CS010704,Theory
4116,53,417,1,CS010705,Theory
4117,54,417,1,CS010706,Theory
4118,55,417,1,CS010707,Lab
4119,56,417,1,CS010708,Lab
4120,973,417,1,CS010709,Lab
4121,922,417,1,CS010710,Lab
4122,418,419,1,CS301,Theory
4123,244,419,1,CS303,Theory
4124,1211,419,1,CS305,Theory
4125,12,419,1,CS361,Theory
4126,1205,419,1,CS341,Lab
4127,1212,419,1,CS331,Lab
4128,1213,419,1,CS333,Lab
4129,418,420,1,CS301,Theory
4130,244,420,1,CS303,Theory
4131,1211,420,1,CS305,Theory
4132,96,420,1,CS307,Theory
4133,12,420,1,CS361,Theory
4134,1214,420,1,CS309,Theory
4135,1205,420,1,CS341,Lab
4136,1213,420,1,CS333,Lab
4137,1005,421,1,CS201,Theory
4138,912,421,1,CS205,Theory
4139,915,421,1,CS231,Lab
4140,1005,422,1,CS201,Theory
4141,912,422,1,CS205,Theory
4142,915,422,1,CS231,Lab
4143,230,399,1,CS110,Lab
4144,922,399,1,Project,Lab
4145,206,399,1,Aptitude,Other
4146,218,399,1,BE100,Theory
4147,216,399,1,BE10105,Theory
4148,218,400,1,BE100,Theory
4149,216,400,1,BE10105,Theory
4150,230,400,1,CS110,Lab
4151,922,400,1,Project,Lab
4152,206,400,1,Aptitude,Other
4153,222,401,1,BE10103,Theory
4154,183,401,1,BE103,Theory
4155,220,401,1,ME100,Theory
4156,409,401,1,EE110,Lab
4157,918,425,1,EE201,Theory
4158,919,425,1,EE203,Theory
4159,542,425,1,EE205,Theory
4160,920,425,1,EE231,Lab
4161,1215,424,1,EE301,Theory
4162,1216,424,1,EE303,Theory
4163,147,424,1,EE305,Theory
4164,146,424,1,EE307,Theory
4165,3,424,1,EE309,Theory
4166,1217,424,1,EE367,Theory
4167,1205,424,1,EE341,Lab
4168,1218,424,1,EE331,Lab
4169,561,424,1,EE333,Lab
4170,152,423,1,EE010701,Theory
4171,153,423,1,EE010702,Theory
4172,154,423,1,EE010703,Theory
4173,155,423,1,EE010704,Theory
4174,157,423,1,EE010706L03,Elective
4175,921,423,1,EE010707,Lab
4176,159,423,1,EE010708,Lab
4177,160,423,1,EE010709,Lab
4178,922,423,1,EE010710,Lab
4179,162,412,1,EC201,Theory
4180,163,412,1,EC203,Theory
4181,142,412,1,EC205,Theory
4182,923,412,1,EC207,Theory
4183,914,412,1,HS200,Theory
4184,1219,412,1,EC233,Lab
4185,206,412,1,Aptitude,Other
4186,162,413,1,EC201,Theory
4187,163,413,1,EC203,Theory
4188,142,413,1,EC205,Theory
4189,923,413,1,EC207,Theory
4190,914,413,1,HS200,Theory
4191,924,413,1,EC231,Lab
4192,1219,413,1,EC233,Lab
4193,21,412,1,OTHER,Other
4194,206,413,1,Aptitude,Other
4195,21,413,1,OTHER,Other
4196,45,410,1,EC301,Theory
4197,169,410,1,EC303,Theory
4198,1211,410,1,EC305,Theory
4199,1220,410,1,EC307,Theory
4200,167,410,1,EC361,Elective
4201,1221,410,1,EC365,Elective
4202,1205,410,1,EC341,Lab
4203,1222,410,1,EC333,Lab
4204,206,410,1,Aptitude,Other
4205,1223,410,1,EC335,Lab
4206,45,411,1,EC301,Theory
4207,169,411,1,EC303,Theory
4208,1211,411,1,EC305,Theory
4209,1220,411,1,EC307,Theory
4210,167,411,1,EC361,Elective
4211,1221,411,1,EC365,Elective
4212,1205,411,1,EC341,Lab
4213,1222,411,1,EC333,Lab
4214,1223,411,1,EC335,Lab
4215,206,411,1,Aptitude,Other
4216,21,411,1,other,Other
4217,173,407,1,EC010701,Theory
4218,174,407,1,EC010702,Theory
4219,175,407,1,EC010703,Theory
4220,176,407,1,EC010704,Theory
4221,177,407,1,EC010705,Theory
4222,928,407,1,EC010706Lxx,Elective
4223,180,407,1,EC010707,Lab
4224,181,407,1,EC010708,Lab
4225,57,407,1,EC010709,Lab
4226,58,407,1,EC010710,Lab
4227,206,407,1,Aptitude,Other
4228,173,409,1,EC010701,Theory
4229,174,409,1,EC010702,Theory
4230,175,409,1,EC010703,Theory
4231,176,409,1,EC010704,Theory
4232,177,409,1,EC010705,Theory
4233,928,409,1,EC010706Lxx,Elective
4234,180,409,1,EC010707,Lab
4235,181,409,1,EC010708,Lab
4236,57,409,1,EC010709,Lab
4237,58,409,1,EC010710,Lab
4238,206,409,0,Aptitude,Other
4239,905,426,1,ME010709,Lab
4240,905,427,1,ME010709,Lab
4241,1224,428,1,EE311,Theory
4242,210,391,1,CY100,Theory
4243,1044,397,1,EC100,Theory
4244,217,398,1,PH100,Theory
4245,1044,398,1,EC100,Theory
4246,209,402,1,MA101,Theory
4247,219,402,1,BE10104,Theory
4248,183,402,1,BE103,Theory
4249,249,402,1,EC110,Lab
4250,219,403,1,BE10104,Theory
4251,183,403,1,BE103,Theory
4252,249,403,1,EC110,Lab
4253,209,404,1,MA101,Theory
4254,217,404,1,PH100,Theory
4255,216,404,1,BE10105,Theory
4256,183,404,1,BE103,Theory
4257,230,404,1,CS110,Lab
4258,112,405,1,BE110,Theory
4259,211,405,1,BE10102,Theory
4260,113,405,1,BE103,Theory
4261,112,406,1,BE110,Theory
4262,211,406,1,BE10102,Theory
4263,113,406,1,BE103,Theory
4264,217,406,1,PH100,Theory
4265,247,406,0,PH110,Lab
4266,211,408,1,BE10102,Theory
4267,183,408,1,BE103,Theory
4268,548,421,1,CS233,Lab
4269,53,443,1,INMCA201,Theory
4270,1225,443,1,INMCA205,Theory
4271,1226,443,1,INMCA209,Theory
4272,1227,443,1,INMCA231,Lab
4273,1228,443,1,INMCA233,Lab
4274,199,443,1,Placement,Other
4275,21,443,1,other,Other
4276,214,405,1,EC100,Theory
4277,214,406,1,EC100,Theory
4278,296,406,1,EC110,Lab
4279,217,389,1,PH100,Theory
4280,112,389,1,BE110,Theory
4281,211,389,1,BE10102,Theory
4282,183,389,1,BE103,Theory
4283,212,389,1,EE100,Theory
4284,60,389,1,ENG,Theory
4285,224,389,1,ME110,Lab
4286,409,389,1,EE110,Lab
4287,406,389,1,PH110,Lab
4288,217,405,1,PH100,Theory
4289,60,405,1,,Lab
4290,224,405,1,ME110,Lab
4291,247,405,1,PH110,Lab
4292,60,406,1,,Lab
4293,224,406,1,ME110,Lab
4294,406,406,1,PH110,Lab
4295,112,397,1,BE110,Theory
4296,60,397,1,ENG,Theory
4297,1030,397,1,CE110,Lab
4298,247,397,1,PH110,Lab
4299,209,398,0,MA101,Theory
4300,112,398,1,BE110,Theory
4301,183,398,1,BE103,Theory
4302,60,398,1,ENG,Theory
4303,406,398,1,PH110,Lab
4304,212,404,1,EE100,Theory
4305,60,404,1,ENG,Theory
4306,409,404,1,EE110,Lab
4307,406,404,1,PH110,Lab
4308,112,408,0,,Theory
4309,60,408,1,ENG,Theory
4310,224,408,1,ME110,Lab
4311,210,402,1,CY100,Theory
4312,218,402,1,BE100,Theory
4313,220,402,1,ME100,Theory
4314,60,402,1,ENG,Theory
4315,224,402,1,ME110,Lab
4316,408,402,1,CY110,Lab
4317,210,403,1,CY100,Theory
4318,220,403,1,ME100,Theory
4319,60,403,1,,Theory
4320,224,403,1,ME110,Lab
4321,408,403,1,CY110,Lab
4322,210,401,1,CY100,Theory
4323,209,401,1,MA101,Theory
4324,60,401,1,ENG,Theory
4325,224,401,1,ME110,Lab
4326,408,401,1,CY110,Lab
4327,209,391,1,MA101,Theory
4328,218,391,1,BE100,Theory
4329,182,391,0,BE101-06,Theory
4330,212,391,1,EE100,Theory
4331,184,391,1,CH110,Lab
4332,409,391,1,EE110,Lab
4333,408,391,1,CY110,Lab
4334,210,399,1,CY100,Theory
4335,212,399,1,EE100,Theory
4336,60,399,1,ENGLISH,Theory
4337,409,399,1,EE110,Lab
4338,408,399,1,CY110,Lab
4339,210,400,1,CY100,Theory
4340,212,400,1,EE100,Theory
4341,60,400,1,,Theory
4342,409,400,1,EE110,Lab
4343,408,400,1,CY110,Lab
4344,1229,427,1,MH,Other
4345,21,417,1,Other,Other
4346,21,418,1,Other,Other
4347,21,419,1,Other,Other
4348,21,420,1,Other,Other
4349,21,421,1,Other,Other
4350,21,422,1,Other,Other
4351,21,399,1,Other,Other
4352,21,400,1,Other,Other
4353,885,388,1,MA201,Theory
4354,25,388,1,ME200,Theory
4355,33,388,1,AU203,Theory
4356,887,388,1,AU201,Theory
4357,30,388,1,ME230,Lab
4358,75,388,1,CE230,Lab
4359,75,389,0,CE230,Lab
4360,482,387,1,ME311,Theory
4361,1231,387,1,ME307,Theory
4362,26,387,1,ME309,Theory
4363,1224,387,1,EE311,Theory
4364,1205,387,1,AU341,Lab
4365,1232,387,1,AU307,Theory
4366,1233,387,1,AU365,Theory
4367,532,387,1,ME333,Lab
4368,1234,387,1,ME335,Lab
4369,65,386,1,AU010702,Theory
4370,67,386,1,AU010704,Theory
4371,1235,386,1,AU010703,Theory
4372,68,386,1,AU010705,Theory
4373,1232,386,1,AU010706L01,Elective
4374,69,386,1,AU010707,Lab
4375,1236,386,1,AU010706L02,Elective
4376,70,386,1,AU010708,Lab
4377,160,386,1,AU010709,Theory
4378,922,386,1,AU010710,Theory
4379,283,445,1,04CS6103,Theory
4380,284,445,1,04CS6105,Theory
4381,285,445,1,04CS6107,Theory
4382,286,445,1,04CS6111,Elective
4383,255,445,1,04GN6001,Theory
4384,160,445,1,04CS6191,Lab
4385,287,445,1,04CS6193,Lab
4386,1238,446,1,04CS7101,Elective
4387,160,446,1,04CS7191,Lab
4388,985,446,1,04CS7193,Lab
4389,971,447,1,04CE7407,Elective
4390,972,447,1,04CE7413,Elective
4391,256,447,1,04CE7491,Lab
4392,922,447,1,04CE7493,Lab
4393,971,450,1,04CE7107,Elective
4394,972,450,1,04CE7113,Elective
4395,1239,451,1,DMCA703,Theory
4396,49,451,1,DMCA704,Theory
4397,57,450,1,04CE7191,Lab
4398,1240,451,1,DMCA705,Theory
4399,58,450,1,04CE7193,Lab
4400,1241,451,1,DMCA706,Lab
4401,1242,451,1,DMCA707,Lab
4402,1028,444,1,RLMCA303,Theory
4403,1243,444,1,RLMCA301,Theory
4404,823,444,1,RLMCA305,Tutorial
4405,1240,444,1,RLMCA369,Theory
4406,975,444,1,RLMCA381,Theory
4407,256,444,1,RLMCA341,Lab
4408,64,386,1,AU010701,Theory
4409,182,391,1,BE10106,Theory
4410,183,391,1,BE103,Theory
4411,885,439,1,MA201,Theory
4412,907,439,1,CH201,Theory
4413,909,439,1,CH203,Theory
4414,187,439,1,CH205,Theory
4415,910,439,1,CH207,Theory
4416,911,439,1,CH231,Lab
4417,913,439,1,CH233,Lab
4418,189,438,1,CH305,Theory
4419,443,438,1,CH301,Theory
4420,192,438,1,CH303,Theory
4421,1244,438,1,CH307,Theory
4422,1245,438,1,CH363,Elective
4423,1246,438,1,CH367,Elective
4424,1247,438,1,CH333,Lab
4425,450,438,1,CH331,Lab
4426,1205,438,1,CH341,Lab
4427,232,440,1,INMCA103,Theory
4428,959,440,1,INMCA107,Theory
4429,1248,440,1,INMCA105,Theory
4430,961,440,1,INMCA131,Lab
4431,239,440,1,INMCA133,Lab
4432,199,440,1,Placement,Other
4433,77,425,1,EE207,Theory
4434,41,425,1,EE233,Lab
4435,52,435,1,IT010702,Theory
4436,102,435,1,IT010703,Theory
4437,103,435,1,IT010704,Theory
4438,104,435,1,IT010705,Theory
4439,1239,435,1,IT010706L06,Elective
4440,107,435,1,IT010707,Lab
4441,108,435,1,IT010708,Lab
4442,256,435,1,IT010709,Lab
4443,58,435,1,IT010710,Lab
4444,418,436,1,IT303,Theory
4445,1249,436,1,IT301,Theory
4446,95,436,1,CS305,Theory
4447,4,436,1,IT305,Theory
4448,9,436,1,IT307,Theory
4449,422,436,1,IT363,Elective
4450,1205,436,1,IT341,Lab
4451,47,436,1,IT333,Lab
4452,1250,436,1,IT331,Lab
4453,1251,437,1,,Theory
4454,1252,437,1,,Theory
4455,885,437,1,MA201,Theory
4456,908,437,1,CS201,Theory
4457,167,437,1,IT201,Theory
4458,912,437,1,CS205,Theory
4459,96,437,1,IT203,Theory
4460,914,437,1,HS200,Theory
4461,915,437,1,CS231,Lab
4462,916,437,1,IT231,Lab
4463,1208,428,1,ME305,Theory
4464,63,428,1,EE335,Lab
4465,1208,429,1,ME305,Theory
4466,1224,429,1,EE311,Theory
4467,1205,429,1,ME341,Lab
4468,63,429,1,EE335,Lab
4469,1050,429,1,ME331,Lab
4470,885,430,1,MA201,Theory
4471,931,430,1,ME201,Theory
4472,932,430,1,ME203,Theory
4473,61,430,1,ME205,Theory
4474,26,430,1,ME210,Theory
4475,906,430,1,HS210,Theory
4476,934,430,1,ME231,Lab
4477,885,431,1,MA201,Theory
4478,931,431,1,ME201,Theory
4479,932,431,1,ME203,Theory
4480,61,431,1,ME205,Theory
4481,26,431,1,ME210,Theory
4482,906,431,1,HS210,Theory
4483,934,431,1,ME231,Lab
4484,934,429,1,ME231,Lab
4485,130,432,1,MT010701,Theory
4486,672,432,1,MT010701,Tutorial
4487,922,441,1,,Theory
4488,1253,432,1,MT010702,Theory
4489,1254,432,1,MT010702,Tutorial
4490,1255,432,1,MT010703,Theory
4491,1256,432,1,MT010703,Tutorial
4492,133,432,1,MT010704,Theory
4493,675,432,1,MT010704,Tutorial
4494,134,432,1,MT010705,Theory
4495,676,432,1,MT010705,Tutorial
4496,137,432,1,MT010707,Lab
4497,138,432,1,MT010708,Lab
4498,256,432,1,,Lab
4499,122,433,1,MT301,Theory
4500,123,433,1,MT303,Theory
4501,461,433,1,MT305,Elective
4502,459,433,1,MT307,Theory
4503,1205,433,1,MT341,Lab
4504,127,433,1,MT331,Lab
4505,464,433,1,MT333,Lab
4506,205,433,1,ENG,Theory
4507,885,434,1,MA201,Theory
4508,931,434,1,ME201,Theory
4509,892,434,1,MT201,Theory
4510,893,434,1,MT203,Theory
4511,895,434,1,MT231,Lab
4512,37,453,1,RLMCA101,Theory
4513,964,453,1,RLMCA103,Theory
4514,965,453,1,RLMCA105,Theory
4515,962,453,1,RLMCA109,Theory
4516,41,453,1,RLMCA131,Lab
4517,963,453,1,RLMCA133,Lab
4518,199,453,1,,Lab
4519,1257,452,1,04EE7503,Elective
4520,1258,452,1,04EE7421,Elective
4521,973,452,1,04EE7491,Lab
4522,9,454,1,RLMCA201,Theory
4523,985,452,1,04EE7493,Lab
4524,245,454,1,RLMCA203,Theory
4525,44,454,1,RLMCA205,Theory
4526,420,454,1,RLMCA207,Theory
4527,967,454,1,RLMCA209,Theory
4528,47,454,1,RLMCA231,Lab
4529,968,454,1,RLMCA233,Lab
4530,199,454,1,,Lab
4531,1259,455,1,04EE7505,Elective
4532,1259,376,1,04EE7421,Elective
4533,973,455,1,04EE7591,Seminar
4534,985,455,1,04EE7593,Lab
4535,906,434,1,HS210,Theory
4536,906,388,1,HS210,Theory
4537,906,395,1,HS210,Theory
4538,975,456,1,04EC7301,Theory
4539,976,456,1,04EC7311,Theory
4540,256,456,1,04EC7391,Lab
4541,985,456,1,04EC7393,Lab
4542,947,389,1,PH100,Tutorial
4543,301,389,1,BE110,Tutorial
4544,306,389,0,BE103,Tutorial
4545,950,389,1,EE100,Tutorial
4546,935,388,1,MA201,Tutorial
4547,613,388,1,ME200,Tutorial
4548,617,388,1,AU203,Tutorial
4549,1002,388,1,AU201,Tutorial
4550,821,387,1,ME311,Tutorial
4551,1311,387,1,ME307,Tutorial
4552,334,387,1,ME309,Tutorial
4553,1260,387,1,EE311,Tutorial
4554,1261,387,1,AU307,Tutorial
4555,1262,387,1,AU365,Tutorial
4556,633,386,1,AU010702,Tutorial
4557,322,386,1,AU010704,Tutorial
4558,323,386,1,AU010705,Tutorial
4559,1263,386,0,AU010703,Tutorial
4560,1261,386,0,AU010706L01,Tutorial
4561,1264,386,0,AU010706L02,Tutorial
4562,897,414,1,CH010701,Theory
4563,898,414,1,CH010702,Theory
4564,468,414,1,CH010703,Theory
4565,899,414,1,CH010704,Theory
4566,900,414,1,CH010705,Theory
4567,901,414,1,CH010706L04,Elective
4568,902,414,1,CH010706L05,Elective
4569,903,414,1,CH010707,Lab
4570,904,414,1,CH010708,Lab
4571,57,414,1,CH010709,Lab
4572,58,414,1,CH010710,Lab
4573,1115,414,1,CH010701,Tutorial
4574,1265,414,1,CH010702,Tutorial
4575,812,414,1,CH010703,Tutorial
4576,1266,414,1,CH010704,Tutorial
4577,1267,414,1,CH010705,Tutorial
4578,1268,414,1,CH010706L04,Tutorial
4579,1269,414,1,CH010706L05,Tutorial
4580,697,438,1,CH305,Tutorial
4581,644,438,1,CH301,Tutorial
4582,700,438,1,CH303,Tutorial
4583,1270,438,1,CH307,Tutorial
4584,1271,438,1,CH363,Tutorial
4585,1272,438,1,CH367,Tutorial
4586,136,432,1,MT010706,Elective
4587,677,432,1,MT010706,Tutorial
4588,666,433,1,MT301,Tutorial
4589,667,433,0,MT303,Tutorial
4590,807,433,1,MT305,Tutorial
4591,805,433,1,MT307,Tutorial
4592,467,433,1,MT365,Elective
4593,811,433,1,MT365,Tutorial
4594,935,434,1,MA201,Tutorial
4595,337,434,1,ME201,Tutorial
4596,1273,434,1,MT201,Tutorial
4597,1274,434,1,MT203,Tutorial
4598,305,408,1,BE10102,Tutorial
4599,306,408,1,BE103,Tutorial
4600,935,439,1,MA201,Tutorial
4601,944,439,1,CH203,Tutorial
4602,696,439,1,CH205,Tutorial
4603,301,408,0,,Tutorial
4604,945,439,0,CH207,Tutorial
4605,304,391,1,CY100,Tutorial
4606,946,391,1,MA101,Tutorial
4607,620,453,1,RLMCA101,Tutorial
4608,948,391,1,BE100,Tutorial
4609,998,453,1,RLMCA103,Tutorial
4610,950,391,1,EE100,Tutorial
4611,299,391,1,BE101-06,Tutorial
4612,183,391,0,BE103,Theory
4613,997,453,1,RLMCA105,Tutorial
4614,996,453,1,RLMCA109,Tutorial
4615,626,417,1,CS010701,Tutorial
4616,627,417,1,CS010702,Tutorial
4617,605,417,1,CS010704,Tutorial
4618,629,417,1,CS010705,Tutorial
4619,627,417,1,CS010702,Tutorial
4620,626,418,1,CS010701,Tutorial
4621,628,418,1,CS010703,Tutorial
4622,9,457,1,RLMCA201,Theory
4623,603,457,1,RLMCA201,Tutorial
4624,245,457,1,RLMCA203,Theory
4625,720,457,1,RLMCA203,Tutorial
4626,44,457,1,RLMCA205,Theory
4627,624,457,1,RLMCA205,Tutorial
4628,420,457,1,RLMCA207,Theory
4629,778,457,1,RLMCA207,Tutorial
4630,967,457,1,RLMCA209,Theory
4631,993,457,1,RLMCA209,Tutorial
4632,627,418,1,CS010702,Tutorial
4633,47,457,1,RLMCA231,Lab
4634,605,418,1,CS010704,Tutorial
4635,629,418,1,CS010705,Tutorial
4636,968,457,1,RLMCA233,Lab
4637,370,418,1,CS010706,Tutorial
4638,776,419,1,CS301,Tutorial
4639,719,419,1,CS303,Tutorial
4640,650,419,1,CS305,Tutorial
4641,199,457,1,OTHER,Other
4642,606,419,0,CS361,Tutorial
4643,602,384,0,MCA401,Tutorial
4644,603,384,1,MCA402,Tutorial
4645,776,420,1,CS301,Tutorial
4646,604,384,1,MCA403,Tutorial
4647,605,384,1,MCA404,Tutorial
4648,1275,384,1,MCA405,Tutorial
4649,603,454,1,RLMCA201,Tutorial
4650,720,454,1,RLMCA203,Tutorial
4651,624,454,1,RLMCA205,Tutorial
4652,778,454,1,RLMCA207,Tutorial
4653,993,454,1,RLMCA209,Tutorial
4654,1188,444,1,RLMCA303,Tutorial
4655,1276,444,1,RLMCA301,Tutorial
4656,823,444,1,RLMCA305,Tutorial
4657,1277,444,1,RLMCA369,Tutorial
4658,1278,444,1,RLMCA381,Tutorial
4659,199,444,1,,Other
4660,999,440,1,INMCA107,Tutorial
4661,711,440,1,INMCA103,Tutorial
4662,333,395,1,CE203,Tutorial
4663,333,396,1,CE203,Tutorial
4664,629,443,1,INMCA201,Tutorial
4665,1280,443,1,INMCA205,Tutorial
4666,1281,443,1,INMCA209,Tutorial
4667,602,385,1,DMCA501,Tutorial
4668,1282,385,1,DMCA502,Tutorial
4669,604,385,1,DMCA503,Tutorial
4670,603,385,1,DMCA504,Tutorial
4671,720,385,1,DMCA505,Tutorial
4672,1283,451,1,DMCA703,Tutorial
4673,626,451,1,DMCA704,Tutorial
4674,1277,451,1,DMCA705,Tutorial
4675,319,426,1,ME010701,Tutorial
4676,665,426,1,ME010702,Tutorial
4677,321,426,1,ME010703,Tutorial
4678,322,426,1,ME010704,Tutorial
4679,323,426,1,ME010705,Tutorial
4680,671,426,1,ME010706L04,Tutorial
4681,319,427,1,ME010701,Tutorial
4682,665,427,1,ME010702,Tutorial
4683,321,427,1,ME010703,Tutorial
4684,322,427,1,ME010704,Tutorial
4685,323,427,1,ME010705,Tutorial
4686,671,427,1,ME010706L04,Tutorial
4687,1284,428,1,ME301,Tutorial
4688,1285,428,1,ME303,Tutorial
4689,592,428,1,HS300,Tutorial
4690,1286,428,0,ME363,Tutorial
4691,1287,428,1,ME369,Tutorial
4692,1260,428,0,EE311,Tutorial
4693,1288,428,1,ME305,Tutorial
4694,1229,389,1,,Other
4695,503,395,0,CE231,Lab
4696,1296,396,1,CE231,Lab
4697,75,430,1,CE230,Lab
4698,337,396,1,CE201,Tutorial
4699,1229,396,1,OTHER,Other
4700,885,395,1,MA201,Theory
4701,514,393,0,CE331,Lab
4702,1,443,1,INMCA203,Theory
4703,400,443,1,INMCA207,Theory
4704,597,443,1,INMCA203,Tutorial
4705,767,443,1,INMCA207,Tutorial
4706,639,394,1,CE301,Tutorial
4707,1229,394,1,other,Other
4708,293,390,1,CE010707,Lab
4709,347,390,1,CE010701,Tutorial
4710,644,390,1,CE010702,Tutorial
4711,343,390,1,CE010703,Tutorial
4712,645,390,1,CE010704,Tutorial
4713,349,390,1,CE010705,Tutorial
4714,647,390,1,CE010706L03,Tutorial
4715,337,395,1,CE201,Tutorial
4716,637,395,0,CE205,Tutorial
4717,885,396,1,MA201,Theory
4718,209,398,1,MA101,Theory
4719,1289,451,1,DMCA701,Theory
4720,1290,451,1,DMCA702,Theory
4721,199,451,1,,Other
4722,228,451,1,,Other
4723,112,404,1,BE110,Theory
4724,943,439,1,CH201,Tutorial
4725,1291,439,1,CH203,Tutorial
4726,1292,439,1,CH207,Tutorial
4727,960,440,1,INMCA109,Theory
4728,60,440,1,INMCA101,Theory
4729,1293,458,1,04CH7101,Theory
4730,984,458,1,04CH7111,Theory
4731,57,458,1,04CH7191,Lab
4732,985,458,1,04CH7193,Lab
4733,206,458,1,,Other
4734,209,389,1,MA101,Theory
4735,931,388,1,ME201,Theory
4736,57,386,1,AU010709,Theory
4737,58,386,1,AU010710,Theory
4738,282,445,1,04CS6101,Theory
4739,209,406,1,MA101,Theory
4740,206,406,1,,Other
4741,209,405,1,MA101,Theory
4742,249,405,1,EC110,Lab
4743,75,431,1,CE230,Lab
4744,906,396,1,HS210,Theory
4745,1030,397,1,CE110,Lab
4746,249,398,1,EC110,Lab
4747,21,423,1,,Other
4748,21,388,1,OTHER,Other
4749,205,424,1,ENG,Theory
4750,754,394,1,CE361,Tutorial
4751,205,419,1,ENG,Theory
4752,205,420,1,ENG,Theory
4753,914,425,1,HS200,Theory
4754,43,410,1,HS300,Theory
4755,43,411,1,HS300,Theory
4756,43,438,1,HS300,Theory
4757,43,433,1,HS300,Theory
4758,206,414,1,Aptitude,Other
4759,1229,414,1,Mentoring,Other
4760,21,414,1,other,Other
4761,1294,428,0,ME363,Elective
4762,205,428,1,English,Theory
4763,1229,428,1,mentoring,Other
4764,1212,420,1,CS331,Lab
4765,393,444,1,RLMCA351,Lab
4766,885,413,1,MA201,Theory
4767,885,425,1,MA201,Theory
4768,209,399,1,MA101,Theory
4769,1229,430,1,Mentoring,Other
4770,21,430,1,Other,Other
4771,1229,431,1,,Other
4772,209,408,1,MA101,Theory
4773,218,408,1,BE100,Theory
4774,210,408,1,CY100,Theory
4775,212,408,1,EE100,Theory
4776,409,408,1,EE110,Lab
4777,408,408,1,CY110,Lab
4778,894,434,1,MT205,Theory
4779,896,434,1,MT233,Lab
4780,206,434,1,,Other
4781,58,432,1,MT010710,Lab
4782,1229,408,1,,Other
4783,1229,434,1,,Other
4784,1229,433,1,,Other
4785,1229,432,1,,Other
4786,503,395,1,CE231,Theory
4787,1296,395,1,CE231,Lab
4788,503,396,0,CE231,Theory
4789,1229,395,1,,Other
4790,21,395,1,,Other
4791,885,412,1,MA201,Theory
4792,924,412,1,EC231,Lab
4793,371,412,1,EC201,Tutorial
4794,358,412,1,EC203,Tutorial
4795,681,412,1,EC205,Tutorial
4796,1297,412,1,EC207,Tutorial
4797,1107,412,0,,Tutorial
4798,1229,412,1,,Other
4799,21,426,1,,Other
4800,330,431,1,ME231,Lab
4801,228,445,1,,Other
4802,21,445,1,,Other
4803,218,401,1,BE100,Theory
4804,1229,401,1,Mentoring,Other
4805,709,401,1,BE101-03,Tutorial
4806,315,402,1,ME100,Tutorial
4807,206,404,1,Aptitude,Other
4808,1229,404,1,Mentoring,Other
4809,221,404,1,MicroProject,Lab
4810,221,401,1,,Lab
4811,906,439,1,HS210,Theory
4812,21,439,1,,Other
4813,1229,386,1,,Other
4814,935,430,1,MA201,Tutorial
4815,337,430,1,ME201,Tutorial
4816,936,430,1,ME203,Tutorial
4817,632,430,1,ME205,Tutorial
4818,935,431,1,"MA201	",Tutorial
4819,337,431,1,ME201,Tutorial
4820,936,431,1,ME203,Tutorial
4821,632,431,1,ME205,Tutorial
4822,379,410,1,EC301,Tutorial
4823,363,410,1,EC303,Tutorial
4824,1298,410,1,EC305,Tutorial
4825,1223,410,1,EC307,Lab
4826,361,410,1,EC361,Tutorial
4827,1300,410,1,EC365,Tutorial
4828,205,410,1,ENG,Theory
4829,300,402,1,BE10105,Tutorial
4830,1229,402,1,Mentoring,Other
4831,221,402,1,MicroProject,Lab
4832,379,411,1,EC301,Tutorial
4833,363,411,1,EC303,Tutorial
4834,209,403,1,MA101,Theory
4835,650,411,1,EC305,Tutorial
4836,218,403,1,BE100,Theory
4837,1299,411,1,EC307,Tutorial
4838,300,403,1,BE101-05,Tutorial
4839,221,403,1,MICROPROJECT,Lab
4840,1229,403,1,Mentoring,Other
4841,361,411,1,EC361,Tutorial
4842,1300,411,1,EC365,Tutorial
4843,1223,411,1,EC335,Lab
4844,21,407,1,other,Other
4845,21,409,1,other,Other
4846,221,397,1,,Lab
4847,1229,397,1,,Other
4848,221,398,1,,Lab
4849,1229,398,1,,Other
4850,639,393,1,CE301,Tutorial
4851,647,392,1,CE010706L03,Tutorial
4852,643,392,1,CE010701,Tutorial
4853,645,392,1,CE010704,Tutorial
4854,1229,393,1,,Other
4855,21,393,1,other,Other
4856,21,394,1,other,Other
4857,156,423,1,EE010705,Theory
4858,205,411,1,ENG,Theory
4859,96,419,1,CS307,Theory
4860,1214,419,1,CS309,Theory
4861,914,421,1,HS200,Theory
4862,914,422,1,HS200,Theory
4863,206,436,1,,Other
4864,1302,436,1,,Lab
4865,1303,436,1,IT301,Tutorial
4866,650,436,1,CS305,Tutorial
4867,1304,436,1,,Lab
4868,311,397,1,MA101,Tutorial
4869,1229,425,1,,Other
4870,21,425,1,,Other
4871,276,459,1,04ME6501,Theory
4872,277,459,1,04ME6503,Theory
4873,278,459,1,04ME6505,Theory
4874,279,459,1,04ME6507,Theory
4875,1305,459,1,04ME6511,Elective
4876,255,459,1,04GN6001,Elective
4877,57,459,1,04ME6591,Lab
4878,281,459,1,04ME6593,Lab
4879,988,460,1,04ME7503,Elective
4880,989,460,1,04ME7511,Elective
4881,57,460,1,04ME7591,Lab
4882,985,460,1,04ME7593,Lab
4883,935,437,1,MA201,Tutorial
4884,1006,437,1,CS201,Tutorial
4885,361,437,1,IT201,Tutorial
4886,1306,437,1,CS205,Tutorial
4887,1229,437,1,,Other
4888,199,435,1,,Other
4889,1307,435,1,,Other
4890,60,391,1,ENG,Theory
4891,1229,391,1,,Other
4892,184,391,0,CH110,Lab
4893,1229,439,1,,Other
4894,206,438,1,,Other
4895,1210,429,1,ME369,Elective
4896,205,429,1,,Theory
4897,1229,429,1,,Other
4898,311,397,1,MA101,Tutorial
4899,706,397,1,BE100-01,Tutorial
4900,706,398,1,BE100-01,Tutorial
4901,935,395,1,MA102,Tutorial
4902,935,396,1,MA201,Tutorial
4903,1304,393,1,CE341,Tutorial
4904,1304,394,1,CE341,Tutorial
4905,639,390,1,CE010703,Tutorial
4906,644,392,1,"CE010702	",Tutorial
4907,352,392,1,CE010703,Tutorial
4908,349,392,1,CE010705,Tutorial
4909,646,392,1,CE010705,Tutorial
4910,311,402,1,MA101,Tutorial
4911,298,402,1,BE100,Tutorial
4912,311,403,1,MA101,Tutorial
4913,206,389,1,Aptitude,Other
4914,946,389,1,MA101,Tutorial
4915,773,443,1,INMCA205,Tutorial
4916,885,421,1,MA201,Theory
4917,40,421,1,CS207,Theory
4918,206,421,1,,Other
4919,39,421,1,CS203,Theory
4920,622,421,1,CS203,Tutorial
4921,935,421,1,MA201,Tutorial
4922,1006,421,1,CS201,Tutorial
4923,1306,421,1,CS205,Tutorial
4924,374,421,1,CS207,Tutorial
4925,885,422,1,MA201,Theory
4926,935,422,1,MA201,Tutorial
4927,1006,422,1,CS201,Tutorial
4928,39,422,1,CS203,Theory
4929,622,422,1,CS203,Tutorial
4930,1306,422,1,CS205,Tutorial
4931,40,422,1,CS207,Theory
4932,374,422,1,CS207,Tutorial
4933,548,422,1,CS233,Lab
4934,206,422,1,,Other
4935,303,399,1,MA101,Tutorial
4936,298,399,1,BE100,Tutorial
4937,707,399,1,BE101-05,Tutorial
4938,183,399,1,BE103,Theory
4939,1003,399,1,EE100,Tutorial
4940,1229,399,1,,Other
4941,209,400,1,MA101,Theory
4942,311,400,1,MA101,Tutorial
4943,298,400,1,BE100,Tutorial
4944,707,400,1,BE10105,Tutorial
4945,183,400,1,BE103,Theory
4946,58,400,1,Project,Lab
4947,1229,400,1,Activity,Other
4948,946,398,1,MA101,Tutorial
4949,374,421,1,CS207,Tutorial
4950,374,422,1,CS207,Tutorial
4951,638,425,1,EE207,Tutorial
4952,1298,419,1,CS305,Tutorial
4953,57,445,1,04CS6191,Lab
4954,719,420,1,CS303,Tutorial
4955,1298,420,1,CS305,Tutorial
4956,385,417,1,CS010704,Tutorial
4957,51,418,0,CG,Theory
4958,51,417,1,CG,Theory
4959,370,417,1,CS010706,Tutorial
4960,1308,419,0,CS309,Tutorial
4961,628,417,1,CG,Tutorial
4962,37,462,1,RLMCA101,Theory
4963,620,462,0,RLMCA101,Tutorial
4964,964,462,1,RLMCA103,Theory
4965,998,462,0,RLMCA103,Tutorial
4966,965,462,1,RLMCA105,Theory
4967,43,462,1,RLMCA107,Theory
4968,962,462,1,RLMCA109,Theory
4969,41,462,1,RLMCA131,Lab
4970,963,462,1,RLMCA133,Lab
4971,966,462,1,,Lab
4972,199,462,1,,Other
4973,267,463,1,04EE6200,Elective
4974,258,463,1,04EE6001,Theory
4975,264,463,1,04EE6301,Theory
4976,265,463,1,04EE6403,Theory
4977,1309,463,1,04EE6405,Theory
4978,255,463,1,04GN6001,Theory
4979,268,463,1,04EE6493,Lab
4980,160,463,1,04EE6491,Lab
4981,1258,455,1,04EE7421,Elective
4982,258,464,1,04EE6001,Theory
4983,259,464,1,04EE6501,Theory
4984,260,464,1,04EE6503,Theory
4985,261,464,1,04EE6303,Theory
4986,255,464,1,04GN6001,Theory
4987,160,464,1,04EE6591,Lab
4988,263,464,1,04EE6593,Lab
4989,262,464,1,04EE6505,Elective
4990,101,435,1,IT010701,Theory
4991,970,446,1,04CS7109,Elective
4992,221,408,1,MP,Lab
4993,250,465,1,04EC6301,Theory
4994,251,465,1,04EC6303,Theory
4995,977,465,1,04EC6305,Theory
4996,253,465,1,04EC6307,Theory
4997,978,465,1,04EC6309,Elective
4998,255,465,1,04GN6001,Theory
4999,160,465,1,04EC6391,Lab
5000,257,465,1,04EC6393,Lab
5001,497,444,1,RLMCA305,Theory
5002,21,446,1,,Other
5003,288,466,1,04CE6401,Theory
5004,289,466,1,04CE6403,Theory
5005,294,466,1,04CE6405,Theory
5006,291,466,1,04CE6407,Theory
5007,290,466,1,04CE6411,Elective
5008,255,466,1,04GN6001,Theory
5009,160,466,1,04CE6491,Lab
5010,1310,466,1,04CE6493,Lab
5011,288,467,1,04CE6101,Theory
5012,289,467,1,04CE6103,Theory
5013,290,467,1,04CE6105,Theory
5014,291,467,1,04CE6107,Theory
5015,292,467,1,04CE6113,Elective
5016,255,467,1,04GN6001,Theory
5017,160,467,1,04CE6191,Lab
5018,1310,467,1,04CE6193,Lab
5019,58,442,1,,Theory
5020,357,440,1,ENG,Tutorial
5021,1000,440,1,INMCA109,Tutorial
5022,1279,440,1,INMCA105,Tutorial
5023,1312,408,1,ENG,Lab
5024,298,408,1,BE100,Tutorial
5025,303,408,1,MA101,Tutorial
5026,966,454,1,English,Theory
5027,643,390,1,CE010701,Tutorial
5028,646,390,1,CE010705,Tutorial
5029,297,397,1,BE100-01,Tutorial
5030,1229,388,1,,Other
5031,1229,406,1,,Other
5032,1185,401,1,ME100,Tutorial
5033,205,387,1,ENG,Theory
5034,205,436,1,ENG,Theory
5035,205,438,1,ENG,Theory
5036,301,406,1,BE110,Tutorial
5037,303,406,1,MA101,Tutorial
5038,305,406,1,BE-101-02,Tutorial
5039,708,406,1,PH100,Tutorial
5040,705,406,1,EC100,Tutorial
5041,301,405,1,BE110,Tutorial
5042,946,405,1,MA101,Tutorial
5043,305,405,1,BE-101-02,Tutorial
5044,705,405,1,EC100,Tutorial
5045,947,405,1,PH100,Tutorial
5046,206,405,1,Aptitude,Other
5047,986,395,0,CE205,Lab
5048,986,396,1,CE205,Other
5049,21,462,1,,Other
5050,21,457,1,,Other
5051,21,454,1,,Other
5052,21,444,1,,Other
5053,21,440,1,,Other
5054,21,385,1,,Other
5055,206,409,1,,Other
5056,365,409,1,"EC010701	",Tutorial
5057,366,409,1,EC010702,Tutorial
5058,221,391,1,Project,Lab
5059,950,400,1,EE100,Tutorial
5060,302,400,1,CY100,Tutorial
5061,302,401,1,CY100,Tutorial
5062,681,413,1,EC205,Tutorial
5063,302,399,1,CY100,Tutorial
5064,305,389,1,BE101-02,Tutorial
5065,948,402,1,BE100,Tutorial
5066,705,397,1,EC100,Tutorial
5067,705,398,1,EC100,Tutorial
5068,948,401,1,BE110,Tutorial
5069,947,397,1,PH100,Tutorial
5070,998,462,1,RLMCA103,Tutorial
5071,620,462,1,RLMCA101,Tutorial
5072,997,462,1,RLMCA105,Tutorial
5073,377,462,1,RLMCA107,Tutorial
5074,996,462,1,RLMCA109,Tutorial
5075,298,403,1,BE100,Tutorial
5076,303,401,1,MA101,Tutorial
5077,935,412,1,MA201,Tutorial
5078,586,411,1,EC301,Tutorial
5079,1298,411,1,EC305,Tutorial
5080,986,395,1,CE205,Other
5081,935,425,1,MA201,Tutorial
5082,935,413,1,MA201,Tutorial
5083,311,399,1,MA101,Tutorial
5084,533,428,0,MTLAB,Lab
5085,377,433,1,HS300,Tutorial
5086,1304,429,1,ME341,Tutorial
5087,1299,410,1,EC307,Tutorial
5088,650,410,1,EC305,Tutorial
5089,1269,410,1,EC365,Tutorial
5090,708,398,1,PH100,Tutorial
5091,301,398,1,"BE110	",Tutorial
5092,1007,425,1,EE201,Tutorial
5093,1008,425,1,EE203,Tutorial
5094,831,425,1,EE205,Tutorial
5095,1315,424,1,EE301,Tutorial
5096,599,424,1,EE309,Tutorial
5097,1316,424,1,EE303,Tutorial
5098,358,413,1,EC203,Tutorial
5099,757,402,1,CY100,Tutorial
5100,160,407,1,EC010709,Lab
5101,160,409,1,EC010709,Lab
5102,21,402,1,other,Other
5103,21,403,1,other,Other
5104,757,401,1,CY100,Tutorial
5105,408,401,1,CY110,Lab
5106,388,469,1,MCA501,Theory
5107,389,469,1,MCA502,Theory
5108,51,469,1,MCA503,Theory
5109,106,469,1,MCA504,Theory
5110,391,469,1,MCA506,Lab
5111,160,469,1,MCA507,Seminar
5112,393,469,1,MCA508,Lab
5113,392,469,1,MCA505,Elective
5114,199,469,1,,Other
5115,21,469,1,,Other
5116,21,466,1,OTHER,Other
5117,415,529,1,RLMCA102,Theory
5118,912,529,1,RLMCA104,Theory
5119,4,529,1,RLMCA106,Theory
5120,8,529,1,RLMCA108,Theory
5121,240,529,1,RLMCA112,Theory
5122,1009,529,1,RLMCA132,Lab
5123,915,529,1,RLMCA134,Lab
5124,1010,522,1,RLMCA202,Theory
5125,1011,522,1,RLMCA204,Theory
5126,1012,522,1,RLMCA206,Theory
5127,1013,522,1,RLMCA208,Theory
5128,1793,522,1,RLMCA266,Elective
5129,1018,522,1,RLMCA232,Lab
5130,1019,522,1,RLMCA234,Lab
5131,1010,528,1,RLMCA202,Theory
5132,1338,527,1,RLMCA352,Final Project
5133,1011,528,1,RLMCA204,Theory
5134,1012,528,1,RLMCA206,Theory
5135,1013,528,1,RLMCA208,Theory
5136,1793,528,1,RLMCA266,Elective
5137,1018,528,1,RLMCA232,Lab
5138,1019,528,1,RLMCA234,Lab
5139,-1,528,0,,select
5140,1317,525,1,INMCA202,Theory
5141,1318,525,1,INMCA204,Theory
5142,1319,525,1,INMCA206,Theory
5143,1320,525,1,INMCA208,Theory
5144,1321,525,1,INMCA212,Theory
5145,1031,472,1,MA202,Theory
5146,1322,525,1,INMCA232,Lab
5147,1032,472,1,AU202,Theory
5148,1033,472,1,AU204,Theory
5149,476,472,1,AU206,Theory
5150,546,472,1,AU208,Theory
5151,1066,472,1,HS200,Theory
5152,547,472,1,AU232,Lab
5153,1034,472,1,AU234,Lab
5154,1031,484,1,MA202,Theory
5155,1192,484,1,CH204,Theory
5156,1087,484,1,CH206,Theory
5157,1088,484,1,CH208,Theory
5158,1066,484,1,HS200,Theory
5159,440,484,1,CH232,Lab
5160,15,526,1,INMCA102,Theory
5161,1089,484,1,CH234,Lab
5162,1194,526,1,INMCA104,Theory
5163,38,526,1,INMCA106,Theory
5164,1020,526,1,INMCA108,Theory
5165,1031,478,1,MA202,Theory
5166,1023,526,1,INMCA112,Theory
5167,81,478,1,CE202,Theory
5168,1021,526,1,INMCA132,Lab
5169,1083,478,1,CE204,Theory
5170,1084,478,1,CE206,Theory
5171,1025,526,1,INMCA134,Lab
5172,1323,525,1,INMCA234,Lab
5173,1066,478,1,HS200,Theory
5174,75,478,1,CE232,Lab
5175,30,478,1,CE234,Lab
5176,1031,479,1,MA202,Theory
5177,81,479,1,CE202,Theory
5178,1040,520,1,MA206,Theory
5179,1083,479,1,CE204,Theory
5180,116,520,1,MT202,Theory
5181,1084,479,1,CE206,Theory
5182,1041,520,1,MT204,Theory
5183,1042,520,1,MT206,Theory
5184,1066,479,1,HS200,Theory
5185,465,520,1,MT208,Theory
5186,75,479,1,CE232,Lab
5187,30,479,1,CE234,Lab
5188,1066,520,1,HS200,Theory
5189,1031,490,1,MA202,Theory
5190,240,490,1,CS202,Theory
5191,1191,520,1,MT232,Lab
5192,4,490,1,CS204,Theory
5193,1078,490,1,CS206,Theory
5194,470,520,1,MT234,Lab
5195,1059,490,1,CS208,Theory
5196,1066,490,1,HS210,Theory
5197,1079,490,1,CS232,Lab
5198,1031,514,1,MA202,Theory
5199,278,514,1,ME202,Theory
5200,1080,490,1,CS234,Lab
5201,1048,514,1,ME204,Theory
5202,1049,514,1,ME206,Theory
5203,1031,491,1,MA202,Theory
5204,1050,514,1,ME220,Theory
5205,240,491,1,CS202,Theory
5206,1066,514,1,HS200,Theory
5207,4,491,1,CS204,Theory
5208,1078,491,1,CS206,Theory
5209,1051,514,1,ME232,Lab
5210,1059,491,1,CS208,Theory
5211,889,514,1,ME230,Lab
5212,1066,491,1,HS210,Theory
5213,1079,491,1,CS232,Lab
5214,1031,515,1,MA202,Theory
5215,1080,491,1,CS234,Lab
5216,278,515,1,ME202,Theory
5217,1048,515,1,ME204,Theory
5218,1049,515,1,ME206,Theory
5219,1031,504,1,MA202,Theory
5220,1050,515,1,ME220,Theory
5221,1062,504,1,EE202,Theory
5222,1066,515,1,HS200,Theory
5223,1063,504,1,EE204,Theory
5224,1051,515,1,ME232,Lab
5225,1064,504,1,EE206,Theory
5226,1065,504,1,EE208,Theory
5227,889,515,1,ME230,Lab
5228,1066,504,1,HS210,Theory
5229,150,504,1,EE232,Lab
5230,1031,508,1,MA202,Theory
5231,240,508,1,CS202,Theory
5232,1067,504,1,EE234,Lab
5233,1059,508,1,CS208,Theory
5234,1057,508,1,IT202,Theory
5235,1058,508,1,IT204,Theory
5236,1066,508,1,HS210,Theory
5237,1009,508,1,IT232,Lab
5238,1073,498,1,MA204,Theory
5239,1060,508,1,IT234,Lab
5240,146,498,1,EC202,Theory
5241,1074,498,1,EC204,Theory
5242,38,498,1,EC206,Theory
5243,1075,498,1,EC208,Theory
5244,1073,499,1,MA204,Theory
5245,146,499,1,EC202,Theory
5246,1066,498,1,HS210,Theory
5247,1074,499,1,EC204,Theory
5248,1076,498,1,EC230,Lab
5249,38,499,1,EC206,Theory
5250,1077,498,1,EC232,Lab
5251,1075,499,1,EC208,Theory
5252,1066,499,1,HS210,Theory
5253,1076,499,1,EC230,Lab
5254,1077,499,1,EC232,Lab
5255,130,519,1,MT302,Theory
5256,475,471,1,ME302,Theory
5257,120,471,1,ME304,Theory
5258,1351,471,1,ME314,Theory
5259,458,519,1,MT304,Theory
5260,1235,471,1,AU302,Theory
5261,457,519,1,MT306,Theory
5262,125,519,1,MT308,Theory
5263,43,471,1,HS300,Theory
5264,1354,471,1,AU362,Elective
5265,1236,471,1,AU364,Elective
5266,462,519,1,MT362,Elective
5267,1349,471,1,ME332,Lab
5268,1430,519,1,MT332,Lab
5269,1350,471,1,AU332,Lab
5270,1352,471,1,AU352,Comprehensive Exam
5271,1431,519,1,MT334,Lab
5272,1366,483,1,CH304,Theory
5273,442,483,1,CH306,Theory
5274,1090,483,1,CH308,Theory
5275,1367,483,1,CH312,Theory
5276,1368,483,0,CH362,Elective
5277,1372,483,0,CH372,Elective
5278,475,512,1,ME302,Theory
5279,904,483,1,CH332,Lab
5280,120,512,1,ME304,Theory
5281,1428,512,1,ME306,Theory
5282,1374,483,1,CH334,Lab
5283,1421,512,1,ME308,Theory
5284,1364,483,1,CH352,Comprehensive Exam
5285,1429,512,1,ME312,Theory
5286,1353,512,1,ME368,Elective
5287,1349,512,1,ME332,Lab
5288,84,476,1,CE302,Theory
5289,86,476,1,CE304,Theory
5290,1419,512,1,ME334,Lab
5291,1357,476,1,CE306,Theory
5292,475,513,1,ME302,Theory
5293,510,476,1,CE308,Theory
5294,120,513,1,ME304,Theory
5295,43,476,1,HS300,Theory
5296,1428,513,1,ME306,Theory
5297,1360,476,1,CE366,Elective
5298,91,476,1,CE332,Lab
5299,1421,513,1,ME308,Theory
5300,1363,476,1,CE334,Lab
5301,1429,513,1,ME312,Theory
5302,1353,513,1,ME368,Elective
5303,84,477,1,CE302,Theory
5304,1349,513,1,ME332,Lab
5305,86,477,1,CE304,Theory
5306,1357,477,1,CE306,Theory
5307,1419,513,1,ME334,Lab
5308,510,477,1,CE308,Theory
5309,43,477,1,HS300,Theory
5310,1360,477,1,CE366,Elective
5311,91,477,1,CE332,Lab
5312,1376,507,1,CS304,Theory
5313,1409,507,1,IT302,Theory
5314,1363,477,1,CE334,Lab
5315,1411,507,1,IT304,Theory
5316,1412,507,1,IT306,Theory
5317,43,507,1,HS300,Theory
5318,1416,507,1,IT368,Elective
5319,1408,507,1,IT332,Lab
5320,1377,488,1,CS302,Theory
5321,1407,507,1,IT334,Lab
5322,1376,488,1,CS304,Theory
5323,9,488,1,CS306,Theory
5324,1396,503,1,EE302,Theory
5325,1397,503,1,EE304,Theory
5326,43,488,1,HS300,Theory
5327,555,503,1,EE306,Theory
5328,1379,488,1,CS362,Elective
5329,1398,503,1,EE308,Theory
5330,1380,488,1,CS364,Elective
5331,1381,488,1,CS366,Elective
5332,43,503,1,HS300,Theory
5333,1382,488,1,CS368,Elective
5334,917,488,1,CS332,Lab
5335,1400,503,1,EE364,Elective
5336,1403,503,1,EE372,Elective
5337,1056,488,1,CS334,Lab
5338,1404,503,1,EE332,Lab
5339,1405,503,1,EE334,Lab
5340,1385,496,1,EC302,Theory
5341,173,496,1,EC304,Theory
5342,1386,496,1,EC306,Theory
5343,1378,488,1,CS308,Theory
5344,1387,496,1,EC308,Theory
5345,1377,489,1,CS302,Theory
5346,1388,496,1,EC312,Theory
5347,1376,489,1,CS304,Theory
5348,9,489,1,CS306,Theory
5349,1392,496,1,EC368,Elective
5350,1378,489,1,CS308,Theory
5351,1393,496,1,EC370,Elective
5352,43,489,1,HS300,Theory
5353,1394,496,1,EC332,Lab
5354,1379,489,1,CS362,Elective
5355,1250,496,1,EC334,Lab
5356,1380,489,1,CS364,Elective
5357,1385,497,1,EC302,Theory
5358,1381,489,1,CS366,Elective
5359,173,497,1,EC304,Theory
5360,1382,489,1,CS368,Elective
5361,917,489,1,CS332,Lab
5362,1386,497,1,EC306,Theory
5363,1387,497,1,EC308,Theory
5364,1388,497,1,EC312,Theory
5365,1056,489,1,CS334,Lab
5366,1392,497,1,EC368,Elective
5367,1393,497,1,EC370,Elective
5368,1394,497,1,EC332,Lab
5369,1250,497,1,EC334,Lab
5370,1384,497,0,EC352,Theory
5371,1440,523,1,DMCA801,Theory
5372,424,523,1,DMCA802,Theory
5373,1441,523,1,DMCA803,Theory
5374,1442,523,1,DMCA804,Elective
5375,1443,523,1,DMCA805,Theory
5376,1444,523,1,DMCA806,Seminar
5377,1437,524,1,DMCA601,Theory
5378,1445,523,1,DMCA807,Lab
5379,1027,524,1,DMCA602,Theory
5380,1438,524,1,DMCA603,Elective
5381,1439,524,1,DMCA604,Seminar
5382,1029,524,1,DMCA605,Mini Project
5383,413,473,1,MA102,Theory
5384,1445,521,0,DMCA807,Lab
5385,210,473,1,CY100,Theory
5386,217,521,1,PH100,Theory
5387,218,473,1,BE100,Theory
5388,1043,521,1,BE102,Theory
5389,1043,473,1,BE102,Theory
5390,405,473,1,CE100,Theory
5391,1044,473,1,EC100,Theory
5392,405,521,1,CE100,Theory
5393,1044,521,1,EC100,Theory
5394,296,473,1,EC110,Lab
5395,112,521,1,BE110,Theory
5396,247,521,1,PH110,Lab
5397,296,521,1,EC110,Lab
5398,225,473,1,CE110,Lab
5399,225,521,1,CE110,Lab
5400,413,516,1,MA102,Theory
5401,210,516,1,CY100,Theory
5402,218,516,1,BE100,Theory
5403,405,516,1,CE100,Theory
5404,225,516,1,CE110,Lab
5405,229,473,1,CY110,Lab
5406,229,516,1,CY110,Lab
5407,938,516,1,EE100,Theory
5408,119,516,1,EE110,Lab
5409,1043,516,1,BE102,Theory
5410,217,485,1,PH100,Theory
5411,247,485,1,PH110,Lab
5412,413,485,1,MA102,Theory
5413,220,485,1,ME100,Theory
5414,112,485,1,BE110,Theory
5415,1522,485,1,ME110,Lab
5416,938,517,1,EE100,Theory
5417,1031,485,0,MA202,Theory
5418,413,517,1,MA102,Theory
5419,1066,485,0,HS200,Theory
5420,218,517,1,BE100,Theory
5421,210,517,1,CY100,Theory
5422,413,480,1,MA102,Theory
5423,1043,517,1,BE102,Theory
5424,210,480,1,CY100,Theory
5425,218,480,1,BE100,Theory
5426,1043,480,1,BE102,Theory
5427,220,480,1,ME100,Theory
5428,405,517,1,CE100,Theory
5429,938,480,1,EE100,Theory
5430,225,517,1,CE110,Lab
5431,229,480,1,CY110,Lab
5432,229,517,1,CY110,Lab
5433,1522,480,1,ME110,Lab
5434,119,517,1,EE110,Lab
5435,119,480,1,EE110,Lab
5436,413,509,1,MA102,Theory
5437,413,481,1,MA102,Theory
5438,210,509,1,CY100,Theory
5439,1043,509,1,BE102,Theory
5440,210,481,1,CY100,Theory
5441,546,509,1,CS100,Theory
5442,218,481,1,BE100,Theory
5443,1043,481,1,BE102,Theory
5444,1044,509,1,EC100,Theory
5445,220,481,1,ME100,Theory
5446,218,509,1,BE100,Theory
5447,229,509,1,CY110,Lab
5448,938,481,1,EE100,Theory
5449,118,509,1,CS120,Lab
5450,229,481,1,CY110,Lab
5451,1522,481,1,ME110,Lab
5452,296,509,1,EC110,Lab
5453,119,481,1,EE110,Lab
5454,413,492,1,MA102,Theory
5455,217,492,1,PH100,Theory
5456,413,505,1,MA102,Theory
5457,112,492,1,BE110,Theory
5458,217,505,1,PH100,Theory
5459,1043,492,1,BE102,Theory
5460,247,505,1,PH110,Lab
5461,1044,492,1,EC100,Theory
5462,112,505,1,BE110,Theory
5463,546,492,1,CS100,Theory
5464,247,492,1,PH110,Lab
5465,405,505,1,CE100,Theory
5466,296,492,1,EC110,Lab
5467,225,505,1,CE110,Lab
5468,1043,505,1,BE102,Theory
5469,118,492,1,CS120,Lab
5470,1044,505,1,EC100,Theory
5471,296,505,1,EC110,Lab
5472,413,500,1,MA102,Theory
5473,413,493,1,MA102,Theory
5474,217,500,1,PH100,Theory
5475,217,493,1,PH100,Theory
5476,1043,500,1,BE102,Theory
5477,112,493,1,BE110,Theory
5478,1043,493,1,BE102,Theory
5479,1044,493,1,EC100,Theory
5480,546,493,1,CS100,Theory
5481,405,500,1,CE100,Theory
5482,938,500,1,EE100,Theory
5483,247,493,1,PH110,Lab
5484,112,500,1,BE110,Theory
5485,296,493,1,EC110,Lab
5486,118,493,1,CS120,Lab
5487,119,500,1,EE110,Lab
5488,413,501,1,MA102,Theory
5489,217,501,1,PH100,Theory
5490,1043,501,1,BE102,Theory
5491,405,501,1,CE100,Theory
5492,938,501,1,EE100,Theory
5493,112,501,1,BE110,Theory
5494,119,501,1,EE110,Lab
5495,413,521,1,MA102,Theory
5496,772,473,1,MA102,Tutorial
5497,210,473,1,CY100,Tutorial
5498,413,521,1,MA102,Tutorial
5499,217,521,1,PH100,Tutorial
5500,415,529,1,RLMCA102,Tutorial
5501,405,521,1,CE100,Tutorial
5502,112,521,1,BE110,Tutorial
5503,120,471,1,ME304,Tutorial
5504,1031,472,1,MA202,Tutorial
5505,1040,520,1,MA206,Tutorial
5506,116,520,1,MT202,Tutorial
5507,1041,520,1,MT204,Tutorial
5508,1042,520,1,MT206,Tutorial
5509,465,520,1,MT208,Tutorial
5510,130,519,1,MT302,Tutorial
5511,458,519,1,MT304,Tutorial
5512,457,519,1,MT306,Tutorial
5513,125,519,1,MT308,Tutorial
5514,462,519,1,MT362,Tutorial
5515,413,473,1,MA102,Tutorial
5516,218,473,1,BE100,Tutorial
5517,405,473,1,CE100,Tutorial
5518,912,529,1,RLMCA104,Tutorial
5519,4,529,1,RLMCA106,Tutorial
5520,8,529,1,RLMCA108,Tutorial
5521,240,529,1,RLMCA112,Tutorial
5522,217,485,1,PH100,Tutorial
5523,1010,522,1,RLMCA202,Tutorial
5524,1011,522,1,RLMCA204,Tutorial
5525,413,485,1,MA102,Tutorial
5526,1012,522,1,RLMCA206,Tutorial
5527,220,485,1,ME100,Tutorial
5528,112,485,1,BE110,Tutorial
5529,1013,522,1,RLMCA208,Tutorial
5530,1793,522,1,RLMCA266,Tutorial
5531,1031,485,0,MA202,Tutorial
5532,1011,528,1,RLMCA204,Tutorial
5533,15,526,1,INMCA102,Tutorial
5534,1194,526,1,INMCA104,Tutorial
5535,38,526,1,INMCA106,Tutorial
5536,1020,526,1,INMCA108,Tutorial
5537,1023,526,1,INMCA112,Tutorial
5538,1317,525,1,INMCA202,Tutorial
5539,1318,525,1,INMCA204,Tutorial
5540,1319,525,1,INMCA206,Tutorial
5541,1320,525,1,INMCA208,Tutorial
5542,1321,525,1,INMCA212,Tutorial
5543,413,516,1,MA102,Tutorial
5544,1031,484,1,MA202,Tutorial
5545,218,516,1,BE100,Tutorial
5546,1086,484,1,CH202,Tutorial
5547,1192,484,1,CH204,Tutorial
5548,405,516,1,CE100,Tutorial
5549,1088,484,1,CH208,Tutorial
5550,1229,484,1,Other,Other
5551,938,516,1,EE100,Tutorial
5552,445,483,1,CH302,Tutorial
5553,1043,516,1,BE102,Tutorial
5554,413,517,1,MA102,Tutorial
5555,218,517,1,BE100,Tutorial
5556,210,517,1,CY100,Tutorial
5557,471,470,1,AU010801,Theory
5558,454,470,1,AU010802,Theory
5559,938,517,1,EE100,Tutorial
5560,1446,470,1,AU010803,Theory
5561,1447,470,1,AU010804L01,Theory
5562,405,517,1,CE100,Tutorial
5563,1448,470,1,AU010805G03,Elective
5564,1449,470,0,AU010805G05,Elective
5565,1450,470,1,AU010806,Lab
5566,58,470,1,AU010807,Final Project
5567,21,517,1,Other,Other
5568,1094,482,1,CH010801,Theory
5569,1095,482,1,CH010802,Theory
5570,1096,482,1,CH010803,Theory
5571,1452,482,1,CH010804L02,Elective
5572,1099,482,1,CH010805G04,Elective
5573,1453,482,1,CH010806,Lab
5574,1031,514,1,MA202,Tutorial
5575,58,482,1,CH010807,Final Project
5576,278,514,1,ME202,Tutorial
5577,1048,514,1,ME204,Tutorial
5578,1049,514,1,ME206,Tutorial
5579,206,482,1,Other,Other
5580,1031,515,1,MA202,Tutorial
5581,278,515,1,ME202,Tutorial
5582,1048,515,1,ME204,Tutorial
5583,1049,515,1,ME206,Tutorial
5584,1066,515,0,HS200,Tutorial
5585,515,474,1,CE010801,Theory
5586,516,474,1,CE010802,Theory
5587,517,474,1,CE010803,Theory
5588,518,474,1,CE010804L05,Theory
5589,519,474,1,CE010805G01,Elective
5590,520,474,1,CE010805G02,Elective
5591,521,474,1,CE010806,Lab
5592,1451,474,1,CE010807,Final Project
5593,515,474,1,CE010801,Tutorial
5594,516,474,1,CE010802,Tutorial
5595,517,474,1,CE010803,Tutorial
5596,518,474,1,CE010804L05,Tutorial
5597,519,474,1,CE010805G01,Tutorial
5598,520,474,1,CE010805G02,Tutorial
5599,475,512,1,ME302,Tutorial
5600,120,512,1,ME304,Tutorial
5601,515,475,1,CE010801,Theory
5602,516,475,1,CE010802,Theory
5603,517,475,1,CE010803,Theory
5604,518,475,1,CE010804L05,Theory
5605,519,475,1,CE010805G01,Elective
5606,520,475,1,CE010805G02,Elective
5607,521,475,1,CE010806,Lab
5608,475,513,1,ME302,Tutorial
5609,1451,475,1,CE010807,Final Project
5610,120,513,1,ME304,Tutorial
5611,515,475,1,CE010801,Tutorial
5612,516,475,1,CE010802,Tutorial
5613,517,475,1,CE010803,Tutorial
5614,413,509,1,MA102,Tutorial
5615,518,475,1,CE010804L05,Tutorial
5616,519,475,1,CE010805G01,Tutorial
5617,210,509,1,CY100,Tutorial
5618,520,475,1,CE010805G02,Tutorial
5619,1043,509,1,BE102,Tutorial
5620,546,509,1,CS100,Tutorial
5621,1044,509,1,EC100,Tutorial
5622,218,509,1,BE100,Tutorial
5623,21,509,1,Other,Other
5624,1031,508,1,MA202,Tutorial
5625,240,508,1,CS202,Tutorial
5626,1059,508,1,CS208,Tutorial
5627,1376,507,1,CS304,Tutorial
5628,22,486,1,CS010801,Theory
5629,424,486,1,CS010802,Theory
5630,43,507,1,HS300,Tutorial
5631,425,486,1,CS010803,Theory
5632,1028,486,1,CS010804L01,Elective
5633,1454,486,1,CS010804L03,Elective
5634,1455,486,1,CS010804L06,Elective
5635,1456,486,1,CS010805G02,Elective
5636,413,505,1,MA102,Tutorial
5637,1457,486,1,CS010805G04,Elective
5638,428,486,1,CS010806,Lab
5639,217,505,1,PH100,Tutorial
5640,112,505,1,BE110,Tutorial
5641,1451,486,1,CS010807,Final Project
5642,405,505,1,CE100,Tutorial
5643,22,486,1,CS010801,Tutorial
5644,424,486,1,CS010802,Tutorial
5645,425,486,1,CS010803,Tutorial
5646,1028,486,1,CS010804L01,Tutorial
5647,1031,504,1,MA202,Tutorial
5648,1454,486,1,CS010804L03,Tutorial
5649,1062,504,1,EE202,Tutorial
5650,1455,486,1,CS010804L06,Tutorial
5651,1063,504,1,EE204,Tutorial
5652,1456,486,1,CS010805G02,Tutorial
5653,1457,486,1,CS010805G04,Tutorial
5654,1065,504,1,EE208,Tutorial
5655,1396,503,1,EE302,Tutorial
5656,22,487,1,CS010801,Theory
5657,424,487,1,CS010802,Theory
5658,1397,503,1,EE304,Tutorial
5659,425,487,1,CS010803,Theory
5660,1028,487,1,CS010804L01,Elective
5661,1455,487,1,CS010804L06,Elective
5662,1456,487,1,CS010805G02,Elective
5663,43,503,0,HS300,Tutorial
5664,1457,487,1,CS010805G04,Elective
5665,428,487,1,CS010806,Lab
5666,1451,487,1,CS010807,Final Project
5667,413,492,1,MA102,Tutorial
5668,22,487,1,CS010801,Tutorial
5669,217,492,1,PH100,Tutorial
5670,424,487,1,CS010802,Tutorial
5671,425,487,1,CS010803,Tutorial
5672,112,492,1,BE110,Tutorial
5673,1028,487,1,CS010804L01,Tutorial
5674,1455,487,1,CS010804L06,Tutorial
5675,1456,487,1,CS010805G02,Tutorial
5676,546,492,1,CS100,Tutorial
5677,1457,487,1,CS010805G04,Tutorial
5678,413,493,1,MA102,Tutorial
5679,217,493,1,PH100,Tutorial
5680,112,493,1,BE110,Tutorial
5681,546,493,1,CS100,Tutorial
5682,1031,490,1,MA202,Tutorial
5683,240,490,1,CS202,Tutorial
5684,4,490,1,CS204,Tutorial
5685,1078,490,1,CS206,Tutorial
5686,1059,490,1,CS208,Tutorial
5687,1031,491,1,MA202,Tutorial
5688,240,491,1,CS202,Tutorial
5689,4,491,1,CS204,Tutorial
5690,1078,491,1,CS206,Tutorial
5691,1059,491,1,CS208,Tutorial
5692,1377,488,1,CS302,Tutorial
5693,555,502,1,EE010801,Theory
5694,556,502,1,EE010802,Theory
5695,557,502,1,EE010803,Theory
5696,1458,502,1,EE010804L01,Elective
5697,9,502,1,EE010804L02,Elective
5698,560,502,1,EE010805G06,Theory
5699,561,502,1,EE010806,Lab
5700,1377,489,1,CS302,Tutorial
5701,1451,502,1,EE010807,Final Project
5702,555,502,1,EE010801,Tutorial
5703,556,502,1,EE010802,Tutorial
5704,557,502,1,EE010803,Tutorial
5705,1458,502,1,EE010804L01,Tutorial
5706,9,502,1,EE010804L02,Tutorial
5707,560,502,1,EE010805G06,Tutorial
5708,486,494,1,EC010801,Theory
5709,487,494,1,EC010802,Theory
5710,488,494,1,EC010803,Theory
5711,1070,494,1,EC010804LL03,Elective
5712,1072,494,1,EC010805G06,Elective
5713,489,494,1,EC010806,Lab
5714,58,494,1,EC010807,Final Project
5715,486,494,1,EC010801,Tutorial
5716,487,494,1,EC010802,Tutorial
5717,488,494,1,EC010803,Tutorial
5718,1070,494,1,EC010804LL03,Tutorial
5719,1072,494,1,EC010805G06,Tutorial
5720,486,495,1,EC010801,Theory
5721,486,495,1,EC010801,Tutorial
5722,487,495,1,EC010802,Theory
5723,487,495,1,EC010802,Tutorial
5724,488,495,1,EC010803,Theory
5725,488,495,1,EC010803,Tutorial
5726,1070,495,1,EC010804LL03,Elective
5727,1070,495,1,EC010804LL03,Tutorial
5728,1072,495,1,EC010805G06,Elective
5729,1072,495,1,EC010805G06,Tutorial
5730,489,495,1,EC010806,Lab
5731,58,495,1,EC010807,Final Project
5732,486,506,1,IT010801,Theory
5733,1440,506,1,IT010802,Theory
5734,1440,506,1,IT010802,Tutorial
5735,424,506,1,IT010803,Theory
5736,940,506,1,IT010806,Lab
5737,1451,506,1,IT010807,Final Project
5738,1459,506,1,IT010804L03,Elective
5739,1460,506,1,IT010805G04,Elective
5740,471,510,1,ME010801,Theory
5741,471,510,1,ME010801,Tutorial
5742,454,510,1,ME010802,Theory
5743,454,510,1,ME010802,Tutorial
5744,537,510,1,ME010803,Theory
5745,537,510,1,ME010803,Tutorial
5746,538,510,1,ME010804L05,Elective
5747,538,510,1,ME010804L05,Tutorial
5748,455,510,1,ME010805G01,Elective
5749,455,510,1,ME010805G01,Tutorial
5750,1045,510,1,ME010806,Lab
5751,58,510,1,ME010807,Final Project
5752,471,511,1,ME010801,Theory
5753,471,511,1,ME010801,Tutorial
5754,454,511,1,ME010802,Theory
5755,454,511,1,ME010802,Tutorial
5756,537,511,1,ME010803,Theory
5757,537,511,1,ME010803,Tutorial
5758,538,511,1,ME010804L05,Elective
5759,538,511,1,ME010804L05,Tutorial
5760,455,511,1,ME010805G01,Elective
5761,455,511,1,ME010805G01,Tutorial
5762,1045,511,1,ME010806,Lab
5763,58,511,1,ME010807,Final Project
5764,1461,518,1,MT010801,Theory
5765,1461,518,1,MT010801,Tutorial
5766,452,518,1,MT010802,Theory
5767,452,518,1,MT010802,Tutorial
5768,1462,518,1,MT010804,Theory
5769,1462,518,1,MT010804,Tutorial
5770,1463,518,1,MT010,Theory
5771,1463,518,1,MT010,Tutorial
5772,456,518,1,MT010806,Lab
5773,58,518,1,MT010807,Final Project
5774,413,500,1,MA102,Tutorial
5775,217,500,1,PH100,Tutorial
5776,1043,500,0,BE102,Tutorial
5777,405,500,1,CE100,Tutorial
5778,938,500,1,EE100,Tutorial
5779,112,500,0,BE110,Theory
5780,413,501,1,MA102,Tutorial
5781,217,501,1,PH100,Tutorial
5782,1043,501,0,BE102,Tutorial
5783,405,501,1,CE100,Tutorial
5784,938,501,1,EE100,Tutorial
5785,112,501,1,BE110,Tutorial
5786,1073,498,1,MA204,Tutorial
5787,146,498,1,EC202,Tutorial
5788,1074,498,1,EC204,Tutorial
5789,38,498,1,EC206,Tutorial
5790,1075,498,1,EC208,Tutorial
5791,1066,498,1,HS210,Tutorial
5792,1073,499,1,MA204,Tutorial
5793,146,499,1,EC202,Tutorial
5794,1074,499,1,EC204,Tutorial
5795,38,499,1,EC206,Tutorial
5796,1075,499,1,EC208,Tutorial
5797,1066,499,1,HS210,Tutorial
5798,1385,496,1,EC302,Tutorial
5799,1031,478,1,MA202,Tutorial
5800,81,478,1,CE202,Tutorial
5801,1031,479,1,MA202,Tutorial
5802,81,479,1,CE202,Tutorial
5803,413,480,1,MA102,Tutorial
5804,210,480,1,CY100,Tutorial
5805,218,480,1,BE100,Tutorial
5806,220,480,1,ME100,Tutorial
5807,938,480,1,EE100,Tutorial
5808,413,481,1,MA102,Tutorial
5809,210,481,1,CY100,Tutorial
5810,218,481,1,BE100,Tutorial
5811,220,481,1,ME100,Tutorial
5812,938,481,1,EE100,Tutorial
5813,843,545,1,04CE6402,Theory
5814,519,545,1,04CE6404,Theory
5815,844,545,1,04CE6406,Theory
5816,845,545,1,04CE6416,Elective
5817,292,545,1,04CE6418,Elective
5818,393,545,1,04CE6492,Mini Project
5819,847,545,1,04CE6494,Lab
5820,848,531,1,04CE6102,Theory
5821,519,531,1,04CE6104,Theory
5822,844,531,1,04CE6106,Theory
5823,849,531,1,04CE6116,Elective
5824,850,531,1,04CE6118,Elective
5825,393,531,1,04CE6192,Mini Project
5826,847,531,1,04CE6194,Lab
5827,1127,530,1,04CE7194,Final Project
5828,1127,544,1,04CE7494,Final Project
5829,394,533,1,04EC6302,Theory
5830,394,533,1,04EC6302,Tutorial
5831,395,533,1,04EC6304,Theory
5832,395,533,1,04EC6304,Tutorial
5833,396,533,1,04EC6306,Theory
5834,396,533,1,04EC6306,Tutorial
5835,397,533,1,04EC6308,Elective
5836,397,533,1,04EC6308,Tutorial
5837,1475,533,1,04EC6324,Elective
5838,1475,533,1,04EC6324,Tutorial
5839,393,533,1,04EC6392,Mini Project
5840,399,533,1,04EC6394,Lab
5841,393,533,1,04EC6392,Tutorial
5842,429,535,1,04CS6102,Theory
5843,429,535,0,04CS6102,Tutorial
5844,430,535,1,04CS6104,Theory
5845,430,535,0,04CS6104,Tutorial
5846,431,535,1,04CS6106,Theory
5847,431,535,0,04CS6106,Tutorial
5848,432,535,1,04CS6114,Elective
5849,432,535,0,04CS6114,Tutorial
5850,433,535,1,04CS6122,Elective
5851,433,535,0,04CS6122,Tutorial
5852,393,535,1,04CS6192,Mini Project
5853,393,535,0,04CS6192,Tutorial
5854,434,535,1,04CS6194,Lab
5855,1127,534,1,04CS7194,Final Project
5856,1127,534,0,04CS7194,Tutorial
5857,434,535,0,04CS6194,Tutorial
5858,852,543,1,04EE6302,Theory
5859,852,543,1,04EE6302,Tutorial
5860,853,543,1,04EE6602,Theory
5861,854,543,1,04EE6418,Theory
5862,1498,543,1,04EE6506,Elective
5863,1133,543,1,04EE6308,Elective
5864,393,543,1,04EE6492,Mini Project
5865,553,543,1,04EE6390,Lab
5866,862,537,1,04EE6502,Theory
5867,857,537,1,04EE6304,Theory
5868,858,537,1,04EE6504,Theory
5869,862,537,1,04EE6502,Tutorial
5870,859,537,1,04EE6508,Elective
5871,1483,537,1,04EE6604,Elective
5872,393,537,1,04EE6592,Mini Project
5873,860,537,1,04EE6594,Lab
5874,1127,536,1,04EE7594,Final Project
5875,1127,542,1,04EE7594,Final Project
5876,519,539,1,04ME6502,Theory
5877,519,539,1,04ME6502,Tutorial
5878,404,539,1,04ME6504,Theory
5879,404,539,1,04ME6504,Tutorial
5880,1136,539,1,04ME6506,Theory
5881,1136,539,1,04ME6506,Tutorial
5882,1504,539,0,04ME6524,Elective
5883,32,539,1,04ME6512,Elective
5884,393,539,1,04ME6592,Mini Project
5885,851,539,1,04ME6594,Lab
5886,1127,538,1,04ME7594,Final Project
5887,471,470,1,AU010801,Tutorial
5888,1352,476,1,CE352,Comprehensive Exam
5889,1352,477,1,CE352,Comprehensive Exam
5890,1395,503,1,EE352,Comprehensive Exam
5891,1384,496,1,EC352,Comprehensive Exam
5892,1384,497,1,EC352,Comprehensive Exam
5893,1406,507,1,IT352,Comprehensive Exam
5894,1420,512,1,ME352,Comprehensive Exam
5895,1420,513,1,ME352,Comprehensive Exam
5896,1352,519,1,MT352,Comprehensive Exam
5897,1375,488,1,CS352,Comprehensive Exam
5898,1375,489,1,CS352,Comprehensive Exam
5899,199,522,1,Other,Other
5900,199,525,1,Other,Other
5901,392,469,0,MCA505,Elective
5902,1368,483,0,CH362,Elective
5903,1372,483,0,CH372,Elective
5904,1372,483,1,CH372,Elective
5905,1368,483,0,CH362,Elective
5906,1368,483,1,CH362,Elective
5907,199,529,1,Other,Other
5908,228,529,1,Other,Other
5909,79,478,1,CE208,Theory
5910,79,479,1,CE208,Theory
5911,1010,528,1,RLMCA202,Tutorial
5912,1012,528,1,RLMCA206,Tutorial
5913,1013,528,1,RLMCA208,Tutorial
5914,1793,528,1,RLMCA266,Tutorial
5915,247,500,1,PH110,Lab
5916,225,500,1,CE110,Lab
5917,247,501,1,Ph110,Lab
5918,225,501,1,CE110,Lab
5919,199,507,1,Other,Other
5920,1229,507,1,Other,Other
5921,1229,509,1,Other,Other
5922,296,485,1,EC110,Lab
5923,1229,479,1,Other,Other
5924,445,483,1,CH302,Theory
5925,1229,500,1,Other,Other
5926,1229,501,1,Other,Other
5927,21,500,1,Other,Other
5928,60,500,1,English-S2,Theory
5929,60,501,1,English-S2,Theory
5930,1044,485,1,EC100,Theory
5931,1044,485,1,EC100,Tutorial
5932,1044,505,1,EC100,Tutorial
5933,1044,521,1,EC100,Tutorial
5934,1229,498,1,Other,Other
5935,21,498,1,Other,Other
5936,1043,485,1,BE102,Theory
5937,60,485,1,English-S2,Theory
5938,1229,485,1,Other,Other
5939,199,528,1,Other,Other
5940,228,528,1,Other,Other
5941,966,528,1,Other,Other
5942,112,500,1,BE110,Tutorial
5943,1229,499,1,Other,Other
5944,453,518,1,MT010803,Theory
5945,451,519,1,MT312,Theory
5946,206,494,1,Other,Other
5947,1229,492,1,Other,Other
5948,1229,493,1,Other,Other
5949,1229,490,1,Other,Other
5950,1229,491,1,Other,Other
5951,1229,488,1,Other,Other
5952,1229,489,1,Other,Other
5953,21,486,1,Other,Other
5954,21,487,1,Other,Other
5955,21,488,1,Other,Other
5956,21,489,1,Other,Other
5957,21,490,1,Other,Other
5958,21,491,1,Other,Other
5959,21,492,1,Other,Other
5960,21,493,1,Other,Other
5961,60,492,1,English-S2,Theory
5962,221,492,1,Other,Other
5963,60,493,1,English-S2,Theory
5964,221,493,1,Other,Other
5965,1044,473,1,EC100,Tutorial
5966,1229,517,1,Other,Other
5967,1229,483,1,Other,Other
5968,21,525,1,Other,Other
5969,966,483,1,C100,Other
5970,199,526,1,Other,Other
5971,21,526,1,Other,Other
5972,1229,505,1,Other,Other
5973,60,526,0,Other,Other
5974,221,505,1,Other,Other
5975,60,505,0,Other,Other
5976,60,521,1,Eng-S2,Theory
5977,1229,521,1,Other,Other
5978,221,521,1,Other,Other
5979,1127,540,1,04CH7194,Final Project
5980,1229,512,1,Other,Other
5981,205,512,1,Other,Other
5982,205,498,1,Other,Other
5983,205,499,1,Other,Other
5984,206,496,1,Other,Other
5985,21,496,1,Other,Other
5986,206,497,1,Other,Other
5987,21,497,1,Other,Other
5988,221,473,1,Other,Other
5989,206,473,1,Other,Other
5990,1229,473,1,Other,Other
5991,60,473,1,Other,Other
5992,1229,472,1,Other,Other
5993,21,472,1,Other,Other
5994,221,501,1,Other,Other
5995,879,535,1,Other,Other
5996,21,535,1,Other,Other
5997,1229,520,1,Other,Other
5998,1229,513,1,Other,Other
5999,205,513,1,Other,Other
6000,221,500,1,Other,Other
6001,60,508,0,Other,Theory
6002,60,508,0,English-S4,Theory
6003,60,509,1,Eng-S2,Theory
6004,221,509,1,Other,Other
6005,60,517,1,Eng-S2,Theory
6006,60,505,1,English-S2,Theory
6007,1490,539,1,04ME7501,Elective
6008,60,488,1,English-S6,Theory
6009,60,489,1,English-S6,Theory
6010,1086,484,1,CH202,Theory
6011,21,484,1,Other,Other
6012,1229,478,1,Other,Other
6013,199,524,1,Other,Other
6014,1229,504,1,Other,Other
6015,21,504,1,Other,Other
6016,1229,511,1,Other,Other
6017,21,511,1,Other,Other
6018,199,494,1,Other,Other
6019,199,495,1,Other,Other
6020,1127,532,1,04EC7394,Final Project
6021,1229,515,1,Other,Other
6022,21,510,1,Other,Other
6023,1229,510,1,Other,Other
6024,21,482,1,Other,Other
6025,1229,514,1,Other,Other
6026,1229,516,1,Other,Other
6027,60,516,1,Eng-S2,Theory
6028,1229,508,1,Other,Other
6029,1505,622,1,16PhDE017,Theory
6030,1506,622,1,04EE6506,Elective
6031,221,480,1,Other,Other
6032,60,480,1,Eng-S2,Theory
6033,1229,480,1,Other,Other
6034,221,481,1,Other,Other
6035,60,481,1,Eng-S2,Theory
6036,1229,481,1,Other,Other
6037,21,476,1,Other,Other
6038,21,477,1,Other,Other
6039,21,481,1,Other,Other
6040,966,524,1,C100,Other
6041,60,503,1,English-S6,Theory
6042,1044,492,1,EC100,Tutorial
6043,21,529,1,Other,Other
6044,21,524,1,Other,Other
6045,15,527,0,INMCA102,Theory
6046,1194,527,0,INMCA104,Theory
6047,15,527,0,INMCA102,Theory
6048,21,527,0,O100,Other
6049,21,527,0,O100,Other
6050,21,626,0,O100,Other
6060,15,631,0,INMCA102,Theory
6061,1023,626,0,INMCA112,Theory
6062,959,626,0,INMCA107,Theory
6063,1327,631,0,INMCA307,Theory
6064,1329,631,0,INMCA331,Lab
6065,1329,631,0,INMCA331,Lab
6066,1566,655,1,EE401,Theory
6067,1567,655,1,EE403,Theory
6068,557,655,1,EE405,Theory
6069,45,655,1,EE407,Theory
6070,203,655,0,EE465,Elective
6071,1568,655,1,EE409,Theory
6072,1569,655,0,ee451,Seminar
6073,1569,655,0,EE451,Seminar
6074,1570,655,1,EE431,Lab
6075,1527,654,1,EE301,Theory
6076,1528,654,1,EE303,Theory
6077,147,654,1,EE305,Theory
6078,1529,654,1,EE307,Theory
6079,1530,654,1,EE309,Theory
6080,1205,654,0,EE341,Mini Project
6081,1531,654,1,EE331,Lab
6082,1525,653,1,EE201,Theory
6083,919,653,1,EE203,Theory
6084,542,653,1,EE205,Theory
6085,546,653,1,EE207,Theory
6086,1066,653,1,HS200,Theory
6087,920,653,1,EE231,Lab
6088,1205,654,1,EE341,Mini Project
6089,1569,655,1,EE451,Seminar
6090,203,655,1,EE465,Elective
6091,167,654,1,EE365,Elective
6092,885,653,1,MA201,Theory
6093,1229,653,1,M100,Other
6094,21,653,1,O100,Other
6095,21,655,1,O100,Other
6096,21,679,0,O100,Other
6097,21,679,1,O100,Other
6098,209,653,0,MA101,Theory
6099,21,654,1,O100,Other
6100,177,664,1,IT401,Theory
6101,1593,664,1,IT405,Theory
6102,1594,664,1,IT407,Theory
6103,1595,664,1,IT409,Theory
6104,907,638,1,CH201,Theory
6105,909,638,1,CH203,Theory
6106,187,638,1,CH205,Theory
6107,913,638,1,CH233,Lab
6108,443,639,1,CH301,Theory
6109,192,639,1,CH303,Theory
6110,189,639,1,CH305,Theory
6111,1205,639,0,CH341,Lab
6112,450,639,1,CH331,Lab
6113,1247,639,1,CH333,Lab
6114,1583,640,1,CH401,Theory
6115,898,640,1,CH403,Theory
6116,1584,640,1,CH405,Theory
6117,902,640,0,CH407,Theory
6118,1585,640,1,CH409,Theory
6119,1619,640,0,Ch461,Elective
6120,1619,640,1,CH461,Elective
6121,1623,640,1,CH471,Elective
6122,1569,640,0,CH451,Lab
6123,1586,640,1,CH431,Lab
6124,1091,639,1,CH361,Elective
6125,1557,639,1,CH367,Elective
6126,183,674,1,BE103,Theory
6127,1724,674,1,CH110,Lab
6128,1416,660,1,EC401,Theory
6129,1576,660,1,EC403,Theory
6130,1577,660,1,EC405,Theory
6131,1578,660,1,EC407,Theory
6132,166,660,1,EC409,Theory
6133,1610,660,0,EC461,Elective
6134,1612,660,0,EC465,Elective
6135,1579,660,1,EC431,Lab
6136,1416,661,1,EC401,Theory
6137,1576,661,1,EC403,Theory
6138,1578,661,1,EC407,Theory
6139,166,661,1,EC409,Theory
6140,1577,661,1,EC405,Theory
6141,1610,661,0,EC461,Elective
6142,1612,661,0,EC465,Elective
6143,1579,661,1,EC431,Lab
6144,1610,661,1,EC461,Elective
6145,1612,661,1,EC465,Elective
6146,1612,660,1,EC465,Elective
6147,1610,660,1,EC461,Elective
6148,45,658,1,EC301,Theory
6149,169,658,1,EC303,Theory
6150,1537,658,1,EC305,Theory
6151,1220,658,1,EC307,Theory
6152,167,658,1,EC361,Elective
6153,1221,658,1,EC365,Elective
6154,1222,658,1,EC333,Lab
6155,1223,658,1,EC335,Lab
6156,45,659,1,EC301,Theory
6157,169,659,1,EC303,Theory
6158,1537,659,1,EC305,Theory
6159,1220,659,1,EC307,Theory
6160,167,659,1,EC361,Elective
6161,1221,659,1,EC365,Elective
6162,1222,659,1,EC333,Lab
6163,1223,659,1,EC335,Lab
6164,162,656,1,EC201,Theory
6165,163,656,1,EC203,Theory
6166,1526,656,1,EC205,Theory
6167,923,656,1,EC207,Theory
6168,924,656,1,EC231,Lab
6169,1219,656,1,EC233,Lab
6170,162,657,1,EC201,Theory
6171,163,657,1,EC203,Theory
6172,1526,657,1,EC205,Theory
6173,923,657,1,EC207,Theory
6174,924,657,1,EC231,Lab
6175,1219,657,1,EC233,Lab
6176,1066,656,1,HS200,Theory
6177,1718,659,1,P100,Other
6178,908,682,0,IT_CS201,Theory
6179,167,682,0,IT201,Theory
6180,912,682,0,IT_CS205,Theory
6181,915,682,0,IT_CS231,Lab
6182,1539,663,1,IT301,Theory
6183,418,663,1,IT303,Theory
6184,4,663,1,IT305,Theory
6185,9,663,1,IT307,Theory
6186,422,663,1,ITCS_363,Elective
6187,1205,663,1,IT341,Lab
6188,47,663,1,IT333,Lab
6189,1238,664,1,IT465,Elective
6190,1569,664,0,IT451,Lab
6191,940,664,1,IT431,Lab
6192,908,662,1,IT_CS201,Theory
6193,167,662,1,IT201,Theory
6194,912,662,1,IT_CS205,Theory
6195,915,662,1,IT_CS231,Lab
6196,916,662,1,IT231,Lab
6197,96,662,1,IT203,Theory
6198,1211,663,1,CS305,Theory
6199,1066,663,0,HS200,Theory
6200,209,682,1,MA101,Theory
6201,217,682,1,PH100,Theory
6202,1723,682,1,IT-CS110,Lab
6203,1229,654,1,M100,Other
6204,561,654,1,EE333,Lab
6205,1718,655,1,P100,Other
6206,37,637,1,RLMCA101,Theory
6207,37,637,1,RLMCA101,Tutorial
6208,962,637,1,RLMCA109,Theory
6209,962,637,1,RLMCA109,Tutorial
6210,41,637,1,RLMCA131,Lab
6211,963,637,1,RLMCA133,Lab
6212,1329,631,0,INMCA331,Lab
6213,1718,637,1,P100,Other
6214,21,637,1,O100,Other
6215,9,630,1,RLMCA201,Theory
6216,9,630,1,RLMCA201,Tutorial
6217,245,630,1,RLMCA203,Theory
6218,245,630,1,RLMCA203,Tutorial
6219,44,630,1,RLMCA205,Theory
6220,44,630,1,RLMCA205,Tutorial
6221,420,630,1,RLMCA207,Theory
6222,420,630,1,RLMCA207,Tutorial
6223,967,630,1,RLMCA209,Theory
6224,967,630,1,RLMCA209,Tutorial
6225,47,630,1,RLMCA231,Lab
6226,968,630,1,RLMCA233,Lab
6227,21,630,1,O100,Other
6228,1718,630,1,P100,Other
6229,1243,627,1,RLMCA301,Theory
6230,1243,627,1,RLMCA301,Tutorial
6231,497,627,1,RLMCA305,Theory
6232,497,627,1,RLMCA305,Tutorial
6233,1240,627,1,RLMCA369,Elective
6234,1240,627,1,RLMCA369,Tutorial
6235,975,627,1,RLMCA381,Elective
6236,975,627,1,RLMCA381,Tutorial
6237,256,627,1,RLMCA341,Seminar
6238,393,627,1,RLMCA351,Mini Project
6239,21,627,1,O100,Other
6240,1718,627,1,P100,Other
6241,9,636,1,RLMCA201,Theory
6242,9,636,1,RLMCA201,Tutorial
6243,245,636,1,RLMCA203,Theory
6244,245,636,1,RLMCA203,Tutorial
6245,44,636,1,RLMCA205,Theory
6246,44,636,1,RLMCA205,Tutorial
6247,420,636,1,RLMCA207,Theory
6248,420,636,1,RLMCA207,Tutorial
6249,967,636,1,RLMCA209,Theory
6250,967,636,1,RLMCA209,Tutorial
6251,47,636,1,RLMCA231,Lab
6252,968,636,1,RLMCA233,Lab
6253,21,636,1,O100,Other
6254,1718,636,1,P100,Other
6255,1243,629,1,RLMCA301,Theory
6256,1243,629,1,RLMCA301,Tutorial
6257,497,629,1,RLMCA305,Theory
6258,497,629,1,RLMCA305,Tutorial
6259,975,629,1,RLMCA381,Elective
6260,975,629,1,RLMCA381,Tutorial
6261,256,629,1,RLMCA341,Seminar
6262,393,629,1,RLMCA351,Mini Project
6263,21,629,1,O100,Other
6264,1718,629,1,P100,Other
6265,1248,635,1,INMCA105,Theory
6266,1248,635,1,INMCA105,Tutorial
6267,959,635,1,INMCA107,Theory
6268,959,635,1,INMCA107,Tutorial
6269,961,635,1,INMCA131,Lab
6270,239,635,1,INMCA133,Lab
6271,21,635,1,O100,Other
6272,1718,635,1,P100,Other
6273,53,628,1,INMCA201,Theory
6274,53,628,1,INMCA201,Tutorial
6275,1225,628,1,INMCA205,Theory
6276,1225,628,1,INMCA205,Tutorial
6277,1226,628,1,INMCA209,Theory
6278,1226,628,1,INMCA209,Tutorial
6279,1227,628,1,INMCA231,Lab
6280,1228,628,1,INMCA233,Lab
6281,21,628,1,O100,Other
6282,1718,628,1,P100,Other
6283,1325,631,1,INMCA303,Theory
6284,1325,631,1,INMCA303,Tutorial
6285,1326,631,1,INMCA305,Theory
6286,1326,631,1,INMCA305,Tutorial
6287,1329,631,1,INMCA331,Lab
6288,1330,631,1,INMCA333,Lab
6289,21,631,1,O100,Other
6290,1718,631,1,P100,Other
6291,1239,688,1,DMCA703,Theory
6292,1242,688,1,DMCA704,Theory
6293,1240,688,1,DMCA705,Theory
6294,1513,688,1,DMCA706,Lab
6295,1514,688,1,DMCA707,Lab
6296,21,688,1,O100,Other
6297,1718,688,1,P100,Other
6298,255,687,1,DMCA901,Theory
6299,1376,687,1,DMCA902,Theory
6300,1515,687,1,DMCA903,Theory
6301,1376,687,1,DMCA902,Tutorial
6302,1515,687,1,DMCA903,Tutorial
6303,1520,687,1,DMCA906,Lab
6304,1519,687,1,DMCA905(C),Elective
6305,1521,687,1,DMCA907,Lab
6306,884,626,1,MCA601,Final Project
6307,1290,688,1,DMCA702,Theory
6308,400,628,1,INMCA207,Theory
6309,400,628,1,INMCA207,Tutorial
6310,60,635,1,INMCA101,Theory
6311,60,635,1,INMCA101,Tutorial
6312,960,635,1,INMCA109,Theory
6313,960,635,1,INMCA109,Tutorial
6314,43,637,1,RLMCA107,Theory
6315,43,637,1,RLMCA107,Tutorial
6316,966,636,1,C100,Other
6317,507,645,1,CE401,Theory
6318,417,645,1,CE403,Theory
6319,85,645,1,CE405,Theory
6320,1575,645,1,CE407,Theory
6321,80,645,1,CE409,Theory
6322,1598,645,1,CE467,Elective
6323,1599,645,1,CE469,Elective
6324,1569,645,0,CE451,Seminar
6325,1569,645,1,CE451,Seminar
6326,521,645,1,CE431,Lab
6327,507,646,1,CE401,Theory
6328,417,646,1,CE403,Theory
6329,85,646,1,CE405,Theory
6330,1575,646,1,CE407,Theory
6331,80,646,1,CE409,Theory
6332,1598,646,0,CE467,Elective
6333,1599,646,0,CE469,Elective
6334,1569,646,1,CE451,Seminar
6335,521,646,1,CE431,Lab
6336,78,643,1,CE301,Theory
6337,1534,643,1,CE303,Theory
6338,1535,643,1,CE305,Theory
6339,1204,643,1,CE307,Theory
6340,511,643,1,CE309,Theory
6341,292,643,1,CE361,Theory
6342,1536,643,1,CE331,Lab
6343,83,643,1,CE333,Lab
6344,78,644,1,CE301,Theory
6345,1534,644,1,CE303,Theory
6346,1535,644,1,CE305,Theory
6347,1204,644,1,CE307,Theory
6348,511,644,1,CE309,Theory
6349,292,644,1,CE361,Theory
6350,1536,644,1,CE331,Lab
6351,83,644,1,CE333,Lab
6352,931,641,1,CE201,Theory
6353,71,641,1,CE203,Theory
6354,986,641,1,CE205,Theory
6355,73,641,1,CE207,Theory
6356,76,641,1,CE233,Lab
6357,931,642,1,CE201,Theory
6358,71,642,1,CE203,Theory
6359,986,642,1,CE205,Theory
6360,73,642,1,CE207,Theory
6361,76,642,1,CE233,Lab
6362,503,642,1,CE231,Lab
6363,503,641,1,CE231,Lab
6364,1205,644,1,CE341,Mini Project
6365,1205,643,1,CE341,Mini Project
6366,1516,687,1,DMCA904,Theory
6367,1512,688,1,DMCA701,Theory
6368,1324,631,1,INMCA301,Theory
6369,1324,631,1,INMCA301,Tutorial
6370,1328,631,1,INMCA309,Theory
6371,1,628,1,INMCA203,Theory
6372,1,628,1,INMCA203,Tutorial
6373,232,635,1,INMCA103,Theory
6374,232,635,1,INMCA103,Tutorial
6375,964,637,1,RLMCA103,Theory
6376,964,637,1,RLMCA103,Tutorial
6377,965,637,0,RLMCA105,Theory
6378,965,637,1,RLMCA105,Tutorial
6379,1569,645,0,CE451,Tutorial
6380,1569,646,0,CE451,Tutorial
6381,78,643,1,CE301,Tutorial
6382,1205,643,0,CE341,Tutorial
6383,78,644,1,CE301,Tutorial
6384,1205,644,0,CE341,Tutorial
6385,931,641,1,CE201,Tutorial
6386,71,641,1,CE203,Tutorial
6387,931,642,1,CE201,Tutorial
6388,71,642,1,CE203,Tutorial
6389,885,656,1,MA201,Theory
6390,1066,657,1,HS200,Theory
6391,210,680,1,CY100,Theory
6392,229,680,1,CY110,Lab
6393,210,692,1,CY100,Theory
6394,229,692,1,CY110,Lab
6395,183,692,1,BE103,Theory
6396,183,680,1,BE103,Theory
6397,296,680,1,EC110,Lab
6398,966,637,1,C100,Other
6399,21,687,1,O100,Other
6400,1718,687,1,P100,Other
6401,1028,627,0,RLMCA303,Tutorial
6402,1239,688,1,DMCA703,Tutorial
6403,1242,688,1,DMCA704,Tutorial
6404,965,637,1,RLMCA105,Theory
6405,21,689,1,O100,Other
6406,21,691,1,O100,Other
6407,980,691,1,04EE7303,Elective
6408,1706,691,1,04EE7591,Seminar
6409,1699,691,1,04EE7593,Final Project
6410,867,689,1,04EE7505,Elective
6411,1712,689,1,04EE7491,Lab
6412,1699,689,1,04EE7493,Final Project
6413,1649,703,0,04EE6501,Theory
6414,1650,703,1,04EE6503,Theory
6415,261,703,1,04EE6303,Theory
6416,1654,703,0,04EE6591,Lab
6417,1655,703,1,04EE6593,Lab
6418,258,703,1,04EE6001,Theory
6419,258,707,1,04EE6001,Theory
6420,264,707,1,04EE6301,Theory
6421,1656,707,1,04EE6403,Theory
6422,1309,707,1,04EE6405,Theory
6423,1481,707,0,04EE6200,Elective
6424,1660,707,1,04EE6491,Lab
6425,1661,707,1,04EE6493,Lab
6426,938,682,1,EE100,Theory
6427,119,682,1,EE110,Lab
6428,1028,627,1,RLMCA303,Theory
6429,1028,629,1,RLMCA303,Theory
6430,1028,629,0,RLMCA303,Tutorial
6431,1327,631,1,INMCA307,Theory
6432,1327,631,1,INMCA307,Tutorial
6433,1240,629,1,RLMCA369,Elective
6434,1240,629,1,RLMCA369,Tutorial
6435,1598,646,1,CE467,Elective
6436,1599,646,1,CE469,Elective
6437,1066,641,1,HS210,Theory
6438,1066,642,1,HS210,Theory
6439,885,642,1,MA201,Theory
6440,885,641,0,MA201,Theory
6441,209,675,1,MA101,Theory
6442,217,675,1,PH100,Theory
6443,247,675,1,PH110,Lab
6444,183,675,1,BE103,Theory
6445,1044,675,1,EC100,Theory
6446,296,675,1,EC110,Lab
6447,225,675,1,CE110,Lab
6448,209,676,1,MA101,Theory
6449,217,676,1,PH100,Theory
6450,209,676,1,MA101,Tutorial
6451,247,676,1,PH110,Lab
6452,183,676,1,BE103,Theory
6453,217,676,1,PH100,Tutorial
6454,1044,676,1,EC100,Theory
6455,215,676,1,BE10101,Theory
6456,215,676,1,BE10101,Tutorial
6457,225,676,1,CE110,Lab
6458,296,676,1,EC110,Lab
6459,215,641,0,BE101-01,Theory
6460,215,641,0,BE101-01,Tutorial
6461,215,675,1,BE10101,Theory
6462,215,675,1,BE10101,Tutorial
6463,1044,676,1,EC100,Tutorial
6464,1044,675,1,EC100,Tutorial
6465,1523,675,1,U100,Lab
6466,1523,676,1,U100,Theory
6467,538,673,0,MT401,Elective
6468,1733,673,0,MT403,Elective
6469,1734,673,0,MT405,Elective
6470,134,673,0,MT407,Elective
6471,1735,673,0,MT409,Elective
6472,136,673,1,MT461,Elective
6473,1741,673,0,MT451,Final Project
6474,1741,673,0,MT451,Final Project
6475,1740,673,0,MT431,Elective
6476,1229,673,1,M100,Other
6477,1718,673,1,P100,Other
6478,122,672,1,MT301,Theory
6479,122,672,0,MT301,Tutorial
6480,1726,672,0,MT303,Elective
6481,1727,672,0,MT305,Elective
6482,459,672,0,MT307,Elective
6483,467,672,1,MT365,Elective
6484,1731,672,1,MT331,Lab
6485,1732,672,1,MT333,Lab
6486,1205,672,1,MT341,Mini Project
6487,1205,672,1,MT341,Tutorial
6488,43,672,1,HS300,Theory
6489,892,671,1,MT201,Theory
6490,892,671,0,MT201,Tutorial
6491,72,671,1,ME201,Theory
6492,72,671,0,ME201,Tutorial
6493,893,671,1,MT203,Theory
6494,893,671,1,MT203,Tutorial
6495,895,671,1,MT231,Lab
6496,1066,671,1,HS210,Theory
6497,1229,671,1,M100,Other
6498,1229,672,1,M100,Other
6499,218,685,1,BE100,Theory
6500,218,685,1,BE100,Tutorial
6501,1791,685,1,BE10102,Theory
6502,1791,685,1,BE10102,Tutorial
6503,183,685,1,BE103,Theory
6504,1229,685,1,M100,Other
6505,21,685,1,O100,Other
6506,1741,673,1,MT451,Final Project
6507,885,657,0,MA201,Theory
6508,250,702,1,04EC6301,Theory
6509,251,702,1,04EC6303,Theory
6510,252,702,1,04EC6305,Theory
6511,253,702,1,04EC6307,Elective
6512,1642,702,1,04EC6309,Elective
6513,225,702,0,04GN6001,Tutorial
6514,885,671,1,MA201,Theory
6515,139,669,1,ME401,Theory
6516,1571,669,1,ME403,Theory
6517,67,669,1,ME405,Theory
6518,1572,669,1,ME407,Theory
6519,1573,669,0,ME409,Theory
6520,1574,669,1,ME431,Lab
6521,139,670,1,ME401,Theory
6522,1571,670,1,ME403,Theory
6523,67,670,1,ME405,Theory
6524,1572,670,1,ME407,Theory
6525,1573,670,0,ME409,Theory
6526,1569,670,1,ME451,Seminar
6527,1574,670,1,ME431,Lab
6528,1569,669,1,ME451,Seminar
6529,1206,668,1,ME301,Theory
6530,1532,668,1,ME303,Theory
6531,43,668,1,HS300,Theory
6532,1205,668,1,ME341,Lab
6533,1314,668,1,ME331,Lab
6534,1206,667,1,ME301,Theory
6535,1532,667,1,ME303,Theory
6536,43,667,0,HS300,Theory
6537,1205,667,1,ME341,Lab
6538,1314,667,1,ME331,Lab
6539,72,666,1,ME201,Theory
6540,932,666,1,ME203,Theory
6541,61,666,1,ME205,Theory
6542,26,666,1,ME210,Theory
6543,934,666,1,ME231,Lab
6544,1205,659,1,EC341,Lab
6545,43,659,1,HS300,Theory
6546,43,658,1,HS300,Theory
6547,1205,658,1,EC341,Lab
6548,255,702,1,04GN6001,Theory
6549,160,702,1,04EC6391,Lab
6550,257,702,0,04EC6393,Lab
6551,975,701,1,04EC7305,Elective
6552,976,701,1,04EC7311,Elective
6553,57,701,1,04EC7391,Lab
6554,1693,701,1,04EC7393,Lab
6555,218,680,1,BE100,Theory
6556,219,680,1,BE10104,Theory
6557,220,680,1,ME100,Theory
6558,209,680,1,MA101,Theory
6559,1522,680,1,ME110,Lab
6560,1719,680,1,EA100,Other
6561,209,692,1,MA101,Theory
6562,219,692,1,BE10104,Theory
6563,220,692,1,ME100,Theory
6564,218,692,1,BE100,Theory
6565,1719,692,1,EA100,Other
6566,1522,692,1,ME110,Lab
6567,296,692,1,EC110,Lab
6568,885,666,1,MA201,Theory
6569,885,665,1,MA201,Theory
6570,75,665,1,CE230,Lab
6571,75,666,1,CE230,Lab
6572,72,665,1,ME201,Theory
6573,932,665,1,ME203,Theory
6574,61,665,1,ME205,Theory
6575,26,665,1,ME210,Theory
6576,934,665,1,ME231,Lab
6577,413,683,0,MA102,Theory
6578,217,683,1,PH100,Theory
6579,218,683,1,BE100,Theory
6580,1791,683,1,BE10102,Theory
6581,183,683,1,BE103,Theory
6582,1044,683,1,EC100,Theory
6583,1522,683,1,ME110,Lab
6584,296,683,1,EC110,Lab
6585,247,683,0,PH110,Lab
6586,1573,669,1,ME409,Theory
6587,1573,670,1,ME409,Theory
6588,413,684,0,MA102,Theory
6589,217,684,1,PH100,Theory
6590,218,684,1,BE100,Theory
6591,1791,684,1,BE10102,Theory
6592,183,684,1,BE103,Theory
6593,1044,684,1,EC100,Theory
6594,1522,684,1,ME110,Lab
6595,247,684,1,PH110,Lab
6596,296,684,1,EC110,Lab
6597,209,684,1,MA101,Theory
6598,209,683,1,MA101,Theory
6599,209,675,1,MA101,Tutorial
6600,217,675,1,PH100,Tutorial
6601,112,675,1,BE110,Theory
6602,112,675,1,BE110,Tutorial
6603,112,676,1,BE110,Theory
6604,112,676,1,BE110,Tutorial
6605,1719,676,1,EA100,Other
6606,1719,675,1,EA100,Other
6607,112,682,1,BE110,Theory
6608,183,682,1,BE103,Theory
6609,257,702,1,04EC6393,Lab
6610,247,682,1,PH110,Lab
6611,1719,682,0,EA100,Other
6612,1066,642,0,HS210,Theory
6613,1066,641,0,HS210,Lab
6614,885,642,1,MA201,Tutorial
6615,216,682,1,IT_BE101-05,Theory
6616,21,682,1,O100,Other
6617,1250,663,1,IT331,Lab
6618,885,641,1,MA201,Theory
6619,885,641,1,MA201,Tutorial
6620,1604,669,1,IE306,Elective
6621,1602,669,1,ME463,Elective
6622,1605,669,1,ME467,Elective
6623,1604,670,1,IE306,Elective
6624,1602,670,1,ME463,Elective
6625,1605,670,1,ME467,Elective
6626,1548,668,1,ME367,Elective
6627,1209,668,1,ME363,Elective
6628,1550,668,1,ME373,Elective
6629,1209,667,1,ME363,Elective
6630,1548,667,1,ME367,Elective
6631,1550,667,1,ME373,Elective
6632,1066,666,1,HS210,Theory
6633,1066,683,1,HS200,Theory
6634,988,693,1,04ME7503,Elective
6635,989,693,1,04ME7511,Elective
6636,57,693,1,04ME7591,Lab
6637,1680,693,1,04ME7593,Lab
6638,276,694,1,04ME6501,Theory
6639,277,694,1,04ME6503,Theory
6640,278,694,1,04ME6505,Theory
6641,279,694,1,04ME6507,Theory
6642,280,694,1,04ME6511,Elective
6643,255,694,1,04GN6001,Theory
6644,57,694,1,04ME6591,Lab
6645,281,694,1,04ME6593,Lab
6646,217,685,1,PH100,Theory
6647,894,671,1,MT205,Theory
6648,1573,669,1,ME409,Tutorial
6649,1573,670,1,ME409,Tutorial
6650,885,657,0,MA201,Theory
6651,209,677,1,MA101,Theory
6652,210,677,1,CY100,Theory
6653,112,677,1,BE110,Theory
6654,216,677,1,BE10105,Theory
6655,183,677,1,BE103,Theory
6656,229,677,1,CY110,Lab
6657,1523,677,1,U100,Lab
6658,209,678,1,MA101,Theory
6659,210,678,1,CY100,Theory
6660,112,678,1,BE110,Theory
6661,216,678,1,BE10105,Theory
6662,183,678,1,BE103,Theory
6663,229,678,1,CY110,Lab
6664,1723,678,1,CS110,Lab
6665,1523,678,1,U100,Lab
6666,1723,677,1,CS110,Lab
6667,885,647,1,MA201,Theory
6668,1005,647,1,CS201,Theory
6669,39,647,1,CS203,Theory
6670,912,647,1,CS205,Theory
6671,40,647,1,CS207,Theory
6672,1066,647,1,HS200,Theory
6673,915,647,1,CS231,Lab
6674,548,647,1,CS233,Lab
6675,1005,648,1,CS201,Theory
6676,39,648,1,CS203,Theory
6677,912,648,1,CS205,Theory
6678,40,648,1,CS207,Theory
6679,915,648,1,CS231,Lab
6680,548,648,1,CS233,Lab
6681,134,673,0,MT407,Elective
6682,418,649,1,CS301,Theory
6683,244,649,1,CS303,Theory
6684,1211,649,1,CS305,Theory
6685,96,649,1,CS307,Theory
6686,1214,649,1,CS309,Theory
6687,12,649,1,CS361,Elective
6688,1205,649,1,CS341,Lab
6689,885,671,1,MA201,Tutorial
6690,1725,671,1,MT233,Lab
6691,1212,649,1,CS331,Lab
6692,1213,649,1,CS333,Lab
6693,418,650,1,CS301,Theory
6694,244,650,1,CS303,Theory
6695,1211,650,1,CS305,Theory
6696,96,650,1,CS307,Theory
6697,1214,650,1,CS309,Theory
6698,12,650,1,CS361,Elective
6699,1205,650,1,CS341,Lab
6700,1212,650,1,CS331,Lab
6701,1213,650,1,CS333,Lab
6702,51,651,1,CS401,Theory
6703,1580,651,1,CS403,Theory
6704,1581,651,1,CS405,Theory
6705,1515,651,1,CS407,Theory
6706,1440,651,1,CS409,Theory
6707,1617,651,1,CS467,Elective
6708,1569,651,0,CS451,Lab
6709,1582,651,1,CS431,Lab
6710,51,652,1,CS401,Theory
6711,1580,652,1,CS403,Theory
6712,1581,652,1,CS405,Theory
6713,1515,652,1,CS407,Theory
6714,1440,652,1,CS409,Theory
6715,1617,652,1,CS467,Elective
6716,1569,652,0,CS451,Lab
6717,1582,652,1,CS431,Lab
6718,282,700,1,04CS6101,Theory
6719,283,700,1,04CS6103,Theory
6720,284,700,1,04CS6105,Theory
6721,285,700,1,04CS6107,Theory
6722,286,700,1,04CS6111,Elective
6723,255,700,0,04GN6001,Tutorial
6724,1648,700,1,04CS6191,Seminar
6725,287,700,1,04CS6193,Lab
6726,1238,699,1,04CS7101,Elective
6727,1698,699,0,04CS7191,Lab
6728,1699,699,0,04CS7193,Lab
6729,1533,668,1,EE311,Theory
6730,63,668,1,EE335,Lab
6731,63,667,0,EE335,Lab
6732,1208,668,1,ME305,Theory
6733,1208,667,1,ME305,Theory
6734,1718,658,1,P100,Other
6735,255,700,1,04GN6001,Theory
6736,966,649,1,C100,Other
6737,966,650,1,C100,Other
6738,209,674,1,MA101,Theory
6739,1718,650,1,P100,Other
6740,210,674,1,CY100,Theory
6741,1718,649,1,P100,Other
6742,1792,674,1,BE10106,Theory
6743,218,674,1,BE100,Theory
6744,1229,649,1,M100,Other
6745,938,674,0,EE100,Theory
6746,229,674,1,CY110,Lab
6747,1229,650,1,M100,Other
6748,1229,677,1,M100,Other
6749,1719,674,1,EA100,Other
6750,1718,677,1,P100,Other
6751,1229,678,1,M100,Other
6752,1718,678,1,P100,Other
6753,1718,647,1,P100,Other
6754,1229,647,1,M100,Other
6755,1718,648,1,P100,Other
6756,1229,648,1,M100,Other
6757,1718,651,1,P100,Other
6758,1718,652,1,P100,Other
6759,1587,634,1,AU401,Theory
6760,1588,634,1,AU403,Theory
6761,1589,634,1,AU405,Theory
6762,1590,634,1,AU407,Theory
6763,1591,634,1,AU409,Theory
6764,1569,634,1,AU451,Lab
6765,1592,634,1,AU431,Lab
6766,1625,634,1,AU463,Elective
6767,1627,634,1,AU410,Elective
6768,1231,633,1,ME307,Theory
6769,1538,633,1,ME309,Theory
6770,482,633,1,ME311,Theory
6771,1533,633,1,EE311,Theory
6772,1232,633,1,AU307,Theory
6773,1561,633,1,AU365,Elective
6774,1559,633,1,AU361,Elective
6775,1205,633,1,AU341,Lab
6776,532,633,1,ME333,Lab
6777,72,632,1,ME201,Theory
6778,886,632,1,ME200,Theory
6779,887,632,1,AU201,Theory
6780,33,632,1,AU203,Theory
6781,1066,632,1,HS210,Theory
6782,889,632,1,ME230,Lab
6783,75,632,1,CE230,Lab
6784,885,632,1,MA201,Theory
6785,1718,633,1,P100,Other
6786,21,634,1,O100,Other
6787,1718,634,1,P100,Other
6788,1234,633,1,ME335,Lab
6789,209,686,1,MA101,Theory
6790,112,686,1,BE110,Theory
6791,1791,686,1,BE10102,Theory
6792,183,686,1,BE103,Theory
6793,938,686,0,EE100,Theory
6794,217,686,1,PH100,Theory
6795,247,686,1,PH110,Lab
6796,1522,686,1,ME110,Lab
6797,21,686,1,O100,Other
6798,1719,686,1,EA100,Other
6799,41,653,1,EE233,Lab
6800,1719,654,1,EA100,Other
6801,974,691,1,04EE7421,Elective
6802,974,689,1,04EE7421,Elective
6803,413,679,0,MA102,Theory
6804,218,679,1,BE100,Theory
6805,222,679,1,BE10103,Theory
6806,220,679,1,ME100,Theory
6807,1719,679,1,EA100,Other
6808,885,662,1,MA201,Theory
6809,1012,664,1,IT403,Theory
6810,1525,653,1,EE201,Tutorial
6811,919,653,1,EE203,Tutorial
6812,542,653,1,EE205,Tutorial
6813,546,653,1,EE207,Tutorial
6814,1527,654,1,EE301,Tutorial
6815,1528,654,1,EE303,Tutorial
6816,1530,654,1,EE309,Tutorial
6817,1566,655,0,EE401,Tutorial
6818,557,655,1,EE405,Tutorial
6819,262,703,1,04EE6505,Elective
6820,209,685,1,MA101,Theory
6821,209,685,1,MA101,Tutorial
6822,119,685,1,EE110,Lab
6823,21,633,1,O100,Other
6824,21,632,1,O100,Other
6825,1229,634,1,M100,Other
6826,1066,665,1,HS210,Theory
6827,1718,672,1,P100,Other
6828,970,699,1,04CS7109,Elective
6829,282,700,1,04CS6101,Tutorial
6830,283,700,1,04CS6103,Tutorial
6831,209,677,1,MA101,Tutorial
6832,210,677,1,CY100,Tutorial
6833,112,677,1,BE110,Tutorial
6834,216,677,1,BE10105,Tutorial
6835,209,678,1,MA101,Tutorial
6836,216,678,1,BE10105,Tutorial
6837,885,647,1,MA201,Tutorial
6838,1005,647,1,CS201,Tutorial
6839,912,647,1,CS205,Tutorial
6840,39,647,1,CS203,Tutorial
6841,885,648,1,MA201,Tutorial
6842,1005,648,1,CS201,Tutorial
6843,39,648,1,CS203,Tutorial
6844,912,648,1,CS205,Tutorial
6845,418,649,1,CS301,Tutorial
6846,244,649,1,CS303,Tutorial
6847,1211,649,1,CS305,Tutorial
6848,418,650,1,CS301,Tutorial
6849,244,650,1,CS303,Tutorial
6850,1211,650,1,CS305,Tutorial
6851,1719,677,1,EA100,Other
6852,1719,678,1,EA100,Other
6853,21,651,1,O100,Other
6854,21,652,1,O100,Other
6855,21,649,1,O100,Other
6856,21,650,1,O100,Other
6857,21,647,1,O100,Other
6858,21,648,1,O100,Other
6859,21,677,1,O100,Other
6860,21,678,1,O100,Other
6861,21,699,1,O100,Other
6862,21,700,1,O100,Other
6863,538,673,1,MT401,Theory
6864,1733,673,1,MT403,Elective
6865,1734,673,1,MT405,Elective
6866,134,673,1,MT407,Theory
6867,1735,673,1,MT409,Theory
6868,1740,673,1,MT431,Lab
6869,1726,672,1,MT303,Elective
6870,1727,672,0,MT305,Elective
6871,459,672,1,MT307,Elective
6872,1727,672,1,MT305,Elective
6873,119,674,0,EE110,Lab
6874,1066,638,1,HS210,Theory
6875,218,674,1,BE100,Tutorial
6876,1792,674,1,BE10106,Tutorial
6877,210,674,1,CY100,Tutorial
6878,938,674,0,EE100,Tutorial
6879,209,674,1,MA101,Tutorial
6880,885,638,1,MA201,Theory
6881,119,674,1,EE110,Lab
6882,911,638,1,CH231,Lab
6883,907,638,1,CH201,Tutorial
6884,909,638,1,CH203,Tutorial
6885,187,638,1,CH205,Tutorial
6886,885,638,1,MA201,Tutorial
6887,43,639,1,HS300,Theory
6888,443,639,1,CH301,Tutorial
6889,1718,664,1,P100,Other
6890,21,662,1,O100,Other
6891,1583,640,1,CH401,Tutorial
6892,1569,640,1,CH451,Final Project
6893,1569,660,1,EC451,Lab
6894,1569,661,1,EC451,Mini Project
6895,1718,660,1,P100,Other
6896,1718,661,1,P100,Other
6897,1719,685,1,EA100,Other
6898,1229,680,1,M100,Other
6899,1229,692,1,M100,Other
6900,885,657,1,MA201,Theory
6901,1229,656,1,M100,Other
6902,1229,657,1,M100,Other
6903,209,679,1,MA101,Theory
6904,885,648,1,MA201,Theory
6905,288,696,1,04CE6401,Theory
6906,289,696,1,04CE6403,Theory
6907,294,696,1,04CE6405,Theory
6908,291,696,1,04CE6407,Theory
6909,290,696,1,04CE6411,Elective
6910,255,696,0,04GN6001,Theory
6911,160,696,1,04CE6491,Seminar
6912,1641,696,1,04CE6493,Lab
6913,90,696,0,04CE6193,Lab
6914,288,698,1,04CE6101,Theory
6915,289,698,1,04CE6103,Theory
6916,290,698,1,04CE6105,Theory
6917,291,698,1,04CE6107,Theory
6918,292,698,1,04CE6113,Elective
6919,255,698,1,04GN6001,Theory
6920,160,698,1,04CE6191,Seminar
6921,90,698,1,04CE6193,Lab
6922,255,696,0,04GN6001,Tutorial
6923,971,695,1,04CE7407,Elective
6924,1677,695,1,04CE7413,Elective
6925,1686,695,1,04CE7491,Seminar
6926,1687,695,1,04CE7493,Final Project
6927,971,697,1,04CE7107,Elective
6928,1677,697,1,04CE7113,Elective
6929,1679,697,1,04CE7191,Seminar
6930,1680,697,1,04CE7193,Final Project
6931,1630,705,0,04CH6101,Theory
6932,270,705,0,04CH6103,Theory
6933,1631,705,0,04CH6105,Theory
6934,272,705,0,04CH6107,Theory
6935,1634,705,0,04CH6111,Elective
6936,57,705,0,04CH6191,Seminar
6937,1632,705,0,04CH6193,Lab
6938,255,705,0,04GN6001,Theory
6939,122,672,1,MT301,Tutorial
6940,892,671,1,MT201,Tutorial
6941,72,671,1,ME201,Tutorial
6942,1741,673,1,MT451,Tutorial
6943,183,685,0,BE103,Lab
6944,1522,685,1,ME110,Lab
6945,217,685,1,PH100,Tutorial
6946,1630,706,1,04CH6101,Theory
6947,270,706,1,04CH6103,Theory
6948,1631,706,1,04CH6105,Theory
6949,272,706,1,04CH6107,Theory
6950,1634,706,1,04CH6111,Elective
6951,57,706,1,04CH6191,Seminar
6952,1632,706,1,04CH6193,Lab
6953,255,706,1,04GN6001,Theory
6954,1229,633,1,M100,Other
6955,1231,633,0,ME307,Tutorial
6956,209,679,1,MA101,Tutorial
6957,247,685,1,PH110,Lab
6958,21,626,0,O100,Other
6959,21,626,1,O100,Other
6960,247,683,1,PH110,Lab
6961,183,679,1,BE103,Theory
6962,119,679,1,EE110,Lab
6963,229,679,1,CY110,Lab
6964,1229,679,1,M100,Other
6965,1522,679,1,ME110,Lab
6966,885,653,1,MA201,Tutorial
6967,1533,667,1,EE311,Theory
6968,63,667,1,EE335,Lab
6969,43,667,1,HS300,Theory
6970,1719,684,1,EA100,Other
6971,1719,682,1,EA100,Other
6972,209,686,1,MA101,Tutorial
6973,938,686,1,EE100,Theory
6974,1231,633,1,ME307,Tutorial
6975,886,632,1,ME200,Tutorial
6976,72,632,1,ME201,Tutorial
6977,255,696,1,04GN6001,Theory
6978,112,678,1,BE110,Tutorial
6979,218,684,1,BE100,Tutorial
6980,887,632,1,AU201,Tutorial
6981,218,683,1,BE100,Tutorial
6982,210,679,1,CY100,Theory
6983,209,683,1,MA101,Tutorial
6984,209,684,1,MA101,Tutorial
6985,885,666,1,MA201,Tutorial
6986,885,665,1,MA201,Tutorial
6987,966,668,1,C100,Other
6988,966,667,1,C100,Other
6989,1719,683,1,EA100,Other
6990,247,675,1,PH110,Tutorial
6991,119,677,1,EE110,Lab
6992,119,678,1,EE110,Lab
6993,210,678,1,CY100,Tutorial
6994,229,678,0,CY110,Tutorial
6995,217,684,1,PH100,Tutorial
6996,217,683,1,PH100,Tutorial
6997,1587,634,1,AU401,Tutorial
6998,910,638,1,CH207,Theory
6999,112,686,1,BE110,Tutorial
7000,217,686,1,PH100,Tutorial
7001,1569,651,1,CS451,Seminar
7002,1569,652,1,CS451,Seminar
7003,1698,699,1,04CS7191,Seminar
7004,1699,699,1,04CS7193,Final Project
7005,885,662,1,MA201,Tutorial
7006,209,682,1,MA101,Tutorial
7007,1569,664,1,IT451,Final Project
7008,1205,663,1,IT341,Tutorial
7009,21,683,1,O100,Other
7010,21,684,1,O100,Other
7011,119,686,1,EE110,Lab
7012,21,641,1,O100,Other
7013,21,642,1,O100,Other
7014,21,646,1,O100,Other
7015,21,645,1,O100,Other
7016,1205,639,1,CH341,Lab
7017,902,640,1,CH407,Theory
7018,1244,639,1,CH307,Theory
7019,1244,639,1,CH307,Tutorial
7020,966,639,1,C100,Other
7021,21,639,1,O100,Other
7022,255,703,1,04GN6001,Theory
7023,255,707,1,04GN6001,Theory
7024,910,638,1,CH207,Tutorial
7025,21,638,1,O100,Other
7026,21,674,1,O100,Other
7027,1092,640,1,CH467,Elective
7028,21,674,1,O100,Other
7029,21,660,1,O100,Other
7030,21,661,1,O100,Other
7031,21,658,1,O100,Other
7032,21,659,1,O100,Other
7033,21,656,1,O100,Other
7034,21,657,1,O100,Other
7035,21,680,1,O100,Other
7036,21,692,1,O100,Other
7037,21,701,1,O100,Other
7038,1522,680,0,ME110,Lab
7039,1066,662,0,HS200,Theory
7040,1066,662,0,HS200,Theory
7041,1066,662,0,HS200,Theory
7042,1066,662,0,HS200,Theory
7043,1066,662,0,HS200,Theory
7044,1066,662,0,HS200,Theory
7045,1066,662,0,HS200,Theory
7046,1066,662,1,HS200,Theory
7047,1066,648,1,HS200,Theory
7048,938,677,1,EE100,Theory
7049,938,678,1,EE100,Theory
7050,938,685,1,EE100,Theory
7051,21,675,1,O100,Other
7052,21,676,1,O100,Other
7053,902,640,0,CH407,Other
7054,938,674,1,EE100,Theory
7055,938,674,1,EE100,Tutorial
7056,1719,685,1,EA100,Other
7057,139,669,1,ME401,Tutorial
7058,67,669,1,ME405,Tutorial
7059,139,670,1,ME401,Tutorial
7060,67,670,1,ME405,Tutorial
7061,1573,670,1,ME409,Tutorial
7062,1206,668,1,ME301,Tutorial
7063,1206,667,1,ME301,Tutorial
7064,72,666,1,ME201,Tutorial
7065,932,666,1,ME203,Tutorial
7066,61,666,1,ME205,Tutorial
7067,72,665,1,ME201,Tutorial
7068,61,665,1,ME205,Tutorial
7069,932,665,1,ME203,Tutorial
7070,1791,683,1,BE10102,Tutorial
7071,1791,684,1,BE101-02,Other
7072,1791,684,1,BE10102,Tutorial
7073,938,677,1,EE100,Tutorial
7074,938,678,1,EE100,Tutorial
7075,1649,703,1,04EE6501,Theory
7076,1654,703,1,04EE6591,Seminar
7077,1481,707,1,04ee6200,Elective
7078,255,694,1,04GN6001,Theory
7079,255,694,0,04GN6001,Theory
7080,938,686,1,EE100,Lab
7081,938,686,1,EE100,Tutorial
7082,222,679,1,BE10103,Tutorial
7083,220,679,1,ME100,Tutorial
7084,218,679,1,BE100,Tutorial
7085,210,679,1,CY100,Tutorial
7086,21,669,1,O100,Other
7087,21,640,1,O100,Other
7096,1804,708,1,CE494 ,Elective
7097,1543,708,1,CE488,Elective
7102,1599,708,1,CE482,Elective
7103,60,717,1,INMCA101,Theory
7104,497,709,0,RLMCA305,Theory
7105,60,717,1,INMCA101,Theory
7106,60,709,0,INMCA101,Theory
7107,1317,713,0,INMCA202,Theory
7108,1221,708,1,EC482,Elective
7109,455,708,1,MT482,Elective
7110,415,712,1,RLMCA102,Theory
7111,415,712,1,RLMCA102,Tutorial
7112,912,712,1,RLMCA104,Theory
7113,912,712,1,RLMCA104,Tutorial
7114,4,712,1,RLMCA106,Theory
7115,4,712,1,RLMCA106,Tutorial
7116,240,712,1,RLMCA112,Theory
7117,240,712,1,RLMCA112,Tutorial
7118,1009,712,1,RLMCA132,Lab
7119,915,712,1,RLMCA134,Lab
7120,1010,710,1,RLMCA202,Theory
7121,1010,710,1,RLMCA202,Tutorial
7122,1011,710,1,RLMCA204,Theory
7123,1011,710,1,RLMCA204,Tutorial
7124,1012,710,1,RLMCA206,Theory
7125,1012,710,1,RLMCA206,Tutorial
7126,1013,710,1,RLMCA208,Theory
7127,1013,710,1,RLMCA208,Tutorial
7128,1793,710,1,RLMCA266,Elective
7129,1793,710,1,RLMCA266,Tutorial
7130,1018,710,1,RLMCA232,Lab
7131,1019,710,1,RLMCA234,Lab
7132,1338,709,1,RLMCA352,Final Project
7133,1338,717,1,RLMCA352,Final Project
7134,1010,718,1,RLMCA202,Theory
7135,1010,718,1,RLMCA202,Tutorial
7136,1011,718,1,RLMCA204,Theory
7137,1011,718,1,RLMCA204,Tutorial
7138,1012,718,1,RLMCA206,Theory
7139,1012,718,1,RLMCA206,Tutorial
7140,1013,718,1,RLMCA208,Theory
7141,1013,718,1,RLMCA208,Tutorial
7142,1793,718,1,RLMCA266,Elective
7143,1793,718,1,RLMCA266,Tutorial
7144,1018,718,1,RLMCA232,Lab
7145,1019,718,1,RLMCA234,Lab
7146,38,716,1,INMCA106,Theory
7147,38,716,1,INMCA106,Tutorial
7148,1020,716,1,INMCA108,Theory
7149,1020,716,1,INMCA108,Tutorial
7150,1021,716,1,INMCA132,Lab
7151,1025,716,1,INMCA134,Lab
7152,1317,713,1,INMCA202,Theory
7153,1317,713,1,INMCA202,Tutorial
7154,1319,713,1,INMCA206,Theory
7155,1319,713,1,INMCA206,Tutorial
7156,1321,713,1,INMCA212,Theory
7157,1321,713,1,INMCA212,Tutorial
7158,1322,713,1,INMCA232,Lab
7159,1323,713,1,INMCA234,Lab
7160,1331,715,1,INMCA302,Theory
7161,1331,715,1,INMCA302,Tutorial
7162,1333,715,1,INMCA306,Theory
7163,1333,715,1,INMCA306,Tutorial
7164,1334,715,1,INMCA308,Theory
7165,1334,715,1,INMCA308,Tutorial
7166,1335,715,1,INMCA312,Theory
7167,1335,715,1,INMCA312,Tutorial
7168,1336,715,1,INMCA332,Lab
7169,1337,715,1,INMCA334,Lab
7170,1440,724,1,DMCA801,Theory
7171,424,724,1,DMCA802,Theory
7172,1441,724,1,DMCA803,Theory
7173,1442,724,1,DMCA804,Elective
7174,1443,724,1,DMCA805,Theory
7175,1441,724,1,DMCA803,Tutorial
7176,1442,724,1,DMCA804,Tutorial
7177,1444,724,1,DMCA806,Seminar
7178,1445,724,1,DMCA807,Lab
7179,1758,725,1,CH468,Elective
7180,58,725,1,CH492,Final Project
7181,1757,725,1,CH466,Elective
7182,1805,725,1,CH482,Elective
7183,1755,725,1,CH404,Theory
7184,1754,725,1,CH402,Theory
7185,904,726,1,CH332,Lab
7186,442,726,1,CH306,Theory
7187,904,726,1,CH332,Lab
7188,1374,726,1,CH334,Lab
7189,1372,726,1,CH372,Elective
7190,445,726,1,CH302,Theory
7191,1364,726,1,CH352,Comprehensive Exam
7192,1373,726,1,CH374,Elective
7193,1367,726,1,CH312,Theory
7194,1090,726,1,CH308,Theory
7195,1366,726,1,CH304,Theory
7196,1086,727,1,CH202,Theory
7197,1192,727,1,CH204,Theory
7198,440,727,1,CH232,Lab
7199,1089,727,1,CH234,Lab
7200,1087,727,1,CH206,Theory
7201,1043,729,1,BE102,Theory
7202,1805,708,1,CH482,Elective
7203,1493,757,1,04CH6114,Elective
7204,393,757,1,04CH6192,Mini Project
7205,1495,757,1,04CH6124,Elective
7206,876,757,1,04CH6194,Lab
7207,870,757,1,04CH6102,Theory
7208,875,757,1,04CH6104,Theory
7209,871,757,1,04CH6106,Theory
7210,1775,756,1,IT402,Theory
7211,1776,756,1,IT404,Theory
7212,1508,756,1,IT462,Elective
7213,415,756,1,CS486,Elective
7214,58,756,1,IT492,Final Project
7215,415,708,1,CS486,Elective
7216,1376,755,1,CS304,Theory
7217,1376,755,1,IT_CS304,Theory
7218,1409,755,1,IT302,Theory
7219,1411,755,1,IT304,Theory
7220,1412,755,1,IT306,Theory
7221,1416,755,1,IT368,Elective
7222,1408,755,1,IT332,Lab
7223,1407,755,1,IT334,Lab
7224,1406,755,1,IT352,Comprehensive Exam
7225,240,753,1,CS202,Theory
7226,1059,753,1,CS208,Theory
7227,1057,753,1,IT202,Theory
7228,1058,753,1,IT204,Theory
7229,1009,753,1,IT232,Lab
7230,1060,753,1,IT234,Lab
7231,77,751,1,IT_CS100,Theory
7232,118,751,1,IT_CS120,Lab
7233,1498,708,1,ME482,Elective
7234,1817,708,1,IE488,Elective
7235,1808,708,1,EE494,Elective
7236,413,751,1,MA102,Theory
7237,413,751,1,MA102,Tutorial
7238,1031,753,1,MA202,Theory
7239,1774,758,1,EE402,Theory
7240,1773,758,1,EE404,Theory
7241,9,758,1,EE468 ,Elective
7242,58,758,1,EE492,Final Project
7243,1396,759,1,EE302,Theory
7244,1397,759,1,EE304,Theory
7245,555,759,1,EE306,Theory
7246,1398,759,1,EE308,Theory
7247,43,759,1,HS300,Theory
7248,1403,759,1,EE372,Elective
7249,1404,759,1,EE332,Lab
7250,1405,759,1,EE334,Lab
7251,1395,759,1,EE352,Comprehensive Exam
7252,1031,760,1,MA202,Theory
7253,1062,760,1,EE202,Theory
7254,1063,760,1,EE204,Theory
7255,1064,760,1,EE206,Theory
7256,1065,760,1,EE208,Theory
7257,1066,760,1,HS210,Theory
7258,150,760,1,EE232,Lab
7259,1067,760,1,EE234,Lab
7260,415,708,1,CS486,Elective
7261,413,764,1,MA102,Theory
7262,1044,764,1,EC100,Theory
7263,296,764,1,EC110,Lab
7264,1043,764,1,BE102,Theory
7265,1396,759,1,EE302,Tutorial
7266,1397,759,1,EE304,Tutorial
7267,1063,760,1,EE204,Tutorial
7268,1065,760,1,EE208,Tutorial
7269,1062,760,1,EE202,Tutorial
7270,912,708,1,CS482,Elective
7271,1086,727,1,CH202,Tutorial
7272,1498,708,1,ME482,Elective
7273,1817,708,1,IE488,Elective
7274,1192,727,1,CH204,Tutorial
7275,132,735,1,MT402,Theory
7276,1786,735,1,MT404,Theory
7277,445,726,1,CH302,Tutorial
7278,58,735,1,MT492,Final Project
7279,130,731,1,MT302,Theory
7280,458,731,1,MT304,Theory
7281,457,731,1,MT306,Theory
7282,125,731,1,MT308,Theory
7283,451,731,1,MT312,Theory
7284,1430,731,1,MT332,Lab
7285,870,757,1,04CH6102,Tutorial
7286,1431,731,1,MT334,Lab
7287,1352,731,1,MT352,Comprehensive Exam
7288,116,730,1,MT202,Theory
7289,1041,730,1,MT204,Theory
7290,1042,730,1,MT206,Theory
7291,465,730,1,MT208,Theory
7292,1191,730,1,MT232,Lab
7293,470,730,1,MT234,Lab
7294,1073,730,1,MA204,Theory
7295,413,728,1,MA102,Theory
7296,1043,728,1,BE102,Theory
7297,1433,731,1,MT366,Elective
7298,1789,735,1,MT468,Elective
7299,1040,730,1,MA206,Theory
7300,1764,773,1,EC402,Theory
7301,410,773,1,EC404,Theory
7302,1766,773,1,EC464,Elective
7303,1767,773,1,EC466,Elective
7304,58,773,1,EC492,Final Project
7305,1764,774,1,EC402,Theory
7306,410,774,1,EC404,Theory
7307,1766,774,1,EC464,Elective
7308,1768,774,1,EC468,Elective
7309,1767,774,1,EC466,Elective
7310,58,774,1,EC492,Final Project
7311,1768,773,1,EC468,Elective
7312,4,763,1,CS204,Theory
7313,1378,767,1,CS308,Theory
7314,1376,766,1,CS304,Theory
7315,1760,769,1,CS402,Theory
7316,51,708,1,CS484,Elective
7317,4,765,1,CS204,Theory
7318,1059,765,1,CS208,Theory
7319,1059,763,1,CS208,Theory
7320,1385,777,1,EC302,Theory
7321,173,777,1,EC304,Theory
7322,1386,777,1,EC306,Theory
7323,1387,777,1,EC308,Theory
7324,1388,777,1,EC312,Theory
7325,546,761,1,CS100,Theory
7326,546,762,1,CS100,Theory
7327,1392,777,1,EC368,Elective
7328,1393,777,1,EC370,Elective
7329,1394,777,1,EC332,Lab
7330,1250,777,1,EC334,Lab
7331,1376,767,1,CS304,Theory
7332,1384,777,1,EC352,Comprehensive Exam
7333,1378,766,1,CS308,Theory
7334,1385,778,1,EC302,Theory
7335,43,755,1,HS300,Theory
7336,173,778,1,EC304,Theory
7337,1386,778,1,EC306,Theory
7338,1387,778,1,EC308,Theory
7339,1388,778,1,EC312,Theory
7340,1392,778,1,EC368,Elective
7341,1393,778,1,EC370,Elective
7342,1394,778,1,EC332,Lab
7343,1077,775,1,EC232,Lab
7344,1250,778,1,EC334,Lab
7345,1384,778,1,EC352,Comprehensive Exam
7346,146,775,1,EC202,Theory
7347,43,766,1,HS300,Theory
7348,1031,775,1,MA202,Theory
7349,1074,775,1,EC204,Theory
7350,38,775,1,EC206,Theory
7351,1075,775,1,EC208,Theory
7352,1076,775,1,EC230,Lab
7353,1077,775,1,EC232,Lab
7354,1031,776,1,MA202,Theory
7355,146,776,1,EC202,Theory
7356,1074,776,1,EC204,Theory
7357,38,776,1,EC206,Theory
7358,1075,776,1,EC208,Theory
7359,1076,776,1,EC230,Lab
7360,1077,776,1,EC232,Lab
7361,1760,768,1,CS402,Theory
7362,177,768,1,CS404,Theory
7363,177,769,1,CS404,Theory
7364,118,761,1,CS120,Lab
7365,118,762,1,CS120,Lab
7366,413,761,1,MA102,Theory
7367,413,762,1,MA102,Theory
7368,1043,761,1,BE102,Theory
7369,1043,762,1,BE102,Theory
7370,1044,761,1,EC100,Theory
7371,296,761,1,EC110,Lab
7372,1044,762,1,EC100,Theory
7373,296,762,1,EC110,Lab
7374,1523,762,1,U100,Lab
7375,1523,762,1,U100,Lab
7376,1523,761,1,U100,Lab
7377,217,761,1,PH100,Theory
7378,247,761,1,PH110,Lab
7379,217,762,1,PH100,Theory
7380,247,762,1,PH110,Lab
7381,1031,765,1,MA202,Theory
7382,1080,763,1,CS234,Lab
7383,1080,765,1,CS234,Lab
7384,1043,771,1,BE102,Theory
7385,116,730,1,MT202,Tutorial
7386,1066,753,1,HS210,Theory
7387,1044,751,1,EC100,Theory
7388,296,751,1,EC110,Lab
7389,210,751,1,CY100,Theory
7390,229,751,1,CY110,Lab
7391,413,771,1,MA102,Theory
7392,938,771,1,EE100,Theory
7393,119,771,1,EE110,Lab
7394,413,772,1,MA102,Theory
7395,1043,772,1,BE102,Theory
7396,938,772,1,EE100,Theory
7397,119,772,1,EE110,Lab
7398,1742,732,1,AU402,Theory
7399,1746,732,1,AU404,Theory
7400,1817,732,1,IE488,Elective
7401,1498,732,1,ME482,Elective
7402,58,732,1,AU492,Final Project
7403,475,733,1,ME302,Theory
7404,120,733,1,ME304,Theory
7405,1351,733,1,ME314,Theory
7406,1235,733,1,AU302,Theory
7407,43,733,1,HS300,Theory
7408,1354,733,1,AU362,Elective
7409,1236,733,1,AU364,Elective
7410,1349,733,1,ME332,Lab
7411,1350,733,1,AU332,Lab
7412,1352,733,1,AU352,Comprehensive Exam
7413,1032,734,1,AU202,Theory
7414,1031,734,1,MA202,Theory
7415,1033,734,1,AU204,Theory
7416,476,734,1,AU206,Theory
7417,1034,734,1,AU234,Lab
7418,413,736,1,MA102,Theory
7419,1043,736,1,BE102,Theory
7420,1332,715,1,INMCA304,Theory
7421,1332,715,1,INMCA304,Tutorial
7422,1318,713,1,INMCA204,Theory
7423,1318,713,1,INMCA204,Tutorial
7424,1194,716,1,INMCA104,Theory
7425,1194,716,1,INMCA104,Tutorial
7426,8,712,1,RLMCA108,Theory
7427,8,712,1,RLMCA108,Tutorial
7428,1066,734,1,HS200,Theory
7429,1429,732,1,AU472,Elective
7430,472,732,1,AU464,Elective
7431,1066,730,1,HS200,Theory
7432,1794,779,1,DMCAX01,Final Project
7433,1543,708,1,CE488,Elective
7434,1543,708,1,CE488,Elective
7435,1543,708,1,CE488,Elective
7436,1543,708,1,CE488,Elective
7437,1543,708,1,CE488,Elective
7438,1543,708,1,CE488,Elective
7439,1543,708,1,CE488,Elective
7440,455,708,1,MT482,Elective
7441,455,708,1,MT482,Elective
7442,455,708,1,MT482,Elective
7443,455,708,1,MT482,Elective
7444,1755,725,1,CH404,Theory
7445,1127,780,1,04CE7494,Final Project
7446,58,742,1,CE492,Final Project
7447,1127,788,1,04EE7594,Final Project
7448,1127,791,1,04EE7594,Final Project
7449,852,789,1,04EE6302,Theory
7450,853,789,1,04EE6602,Theory
7451,854,789,1,04EE6418,Theory
7452,1498,789,1,04EE6506,Elective
7453,1133,789,1,04EE6308,Elective
7454,393,789,1,04EE6492,Mini Project
7455,553,789,1,04EE6390,Lab
7456,862,790,1,04EE6502,Theory
7457,857,790,1,04EE6304,Theory
7458,858,790,1,04EE6504,Theory
7459,859,790,1,04EE6508,Elective
7460,1483,790,1,04EE6604,Elective
7461,393,790,1,04EE6592,Mini Project
7462,860,790,1,04EE6594,Lab
7463,413,771,1,MA102,Theory
7464,1127,784,1,04EC7394,Final Project
7465,394,785,1,04EC6302,Theory
7466,395,785,1,04EC6304,Theory
7467,396,785,1,04EC6306,Theory
7468,397,785,1,04EC6308,Elective
7469,1475,785,1,04EC6324,Elective
7470,393,785,1,04EC6392,Mini Project
7471,399,785,1,04EC6394,Lab
7472,1044,728,1,EC100,Theory
7473,296,728,1,EC110,Lab
7474,1229,735,1,M100,Other
7475,1229,731,1,M100,Other
7476,1229,730,1,M100,Other
7477,218,751,1,BE100,Theory
7478,218,736,1,BE100,Theory
7479,405,736,1,CE100,Theory
7480,225,736,1,CE110,Lab
7481,1073,776,1,MA204,Theory
7482,1073,775,1,MA204,Theory
7483,173,777,1,EC304,Theory
7484,173,778,1,EC304,Theory
7485,517,742,1,CE402,Theory
7486,1752,742,1,CE474,Elective
7487,1599,742,1,CE482,Elective
7488,1543,742,1,CE488,Elective
7489,1753,742,1,CE404,Theory
7490,21,742,1,O100,Other
7491,517,744,1,CE402,Theory
7492,1753,744,1,CE404,Theory
7493,1752,744,1,CE474,Elective
7494,1599,744,1,CE482,Elective
7495,1543,744,1,CE488,Elective
7496,58,744,1,CE492,Final Project
7497,21,744,1,O100,Other
7498,84,746,1,CE302,Theory
7499,86,746,1,CE304,Theory
7500,1357,746,1,CE306,Theory
7501,510,746,1,CE308,Theory
7502,43,746,1,HS300,Theory
7503,1360,746,1,CE366,Elective
7504,89,746,1,CE368,Elective
7505,91,746,1,CE332,Lab
7506,1363,746,1,CE334,Lab
7507,1352,746,1,CE352,Comprehensive Exam
7508,84,748,1,CE302,Theory
7509,86,748,1,CE304,Theory
7510,1357,748,1,ce306,Theory
7511,1357,748,1,CE306,Theory
7512,510,748,1,CE308,Theory
7513,43,748,1,HS300,Theory
7514,1360,748,1,CE366,Elective
7515,89,748,1,CE368,Elective
7516,91,748,1,CE332,Lab
7517,1363,748,1,CE334,Lab
7518,1352,748,1,CE352,Comprehensive Exam
7519,81,749,1,CE202,Theory
7520,1031,749,1,MA202,Theory
7521,1083,749,1,CE204,Theory
7522,1084,749,1,CE206,Theory
7523,79,749,1,CE208,Theory
7524,1066,749,1,HS200,Theory
7525,75,749,1,CE232,Lab
7526,30,749,1,CE234,Lab
7527,1031,750,1,MA202,Theory
7528,81,750,1,CE202,Theory
7529,1083,750,1,CE204,Theory
7530,1084,750,1,CE206,Theory
7531,79,750,1,CE208,Theory
7532,1066,750,1,HS200,Theory
7533,75,750,1,CE232,Lab
7534,546,734,1,AU208,Theory
7535,547,734,1,AU232,Lab
7536,922,768,1,CS492,Final Project
7537,922,769,1,CS492,Final Project
7538,1718,777,1,P100,Other
7539,1718,778,1,P100,Other
7540,1229,775,1,M100,Other
7541,1229,776,1,M100,Other
7542,1221,773,1,EC482,Elective
7543,1221,774,1,EC482,Elective
7544,218,761,1,BE100,Theory
7545,218,762,1,BE100,Theory
7546,240,763,1,CS202,Theory
7547,1078,763,1,CS206,Theory
7548,1066,763,1,HS210,Theory
7549,240,765,1,CS202,Theory
7550,1078,765,1,CS206,Theory
7551,1377,766,1,CS302,Theory
7552,9,766,1,CS306,Theory
7553,917,766,1,CS332,Lab
7554,1375,766,1,CS352,Comprehensive Exam
7555,966,766,1,C100,Other
7556,1377,767,1,CS302,Theory
7557,43,767,1,HS300,Theory
7558,9,767,1,CS306,Theory
7559,917,767,1,CS332,Lab
7560,1375,767,1,CS352,Comprehensive Exam
7561,966,767,1,C100,Other
7562,1380,767,1,CS364,Elective
7563,1380,766,1,CS364,Elective
7564,1382,766,1,CS368,Elective
7565,1382,767,1,CS368,Elective
7566,424,768,1,CS464,Elective
7567,424,769,1,CS464,Elective
7568,975,769,1,CS468,Elective
7569,975,768,1,CS468,Elective
7570,1763,769,1,CS472,Elective
7571,1763,768,1,CS472,Elective
7572,430,787,1,04CS6104,Theory
7573,431,787,1,04CS6106,Theory
7574,432,787,1,04CS6114,Elective
7575,433,787,1,04CS6122,Elective
7576,393,787,1,04CS6192,Mini Project
7577,1127,787,1,04cs7194,Final Project
7578,1079,765,1,CS232,Lab
7579,1079,763,1,CS232,Lab
7580,1056,767,1,CS334,Lab
7581,1056,766,1,CS334,Lab
7582,21,776,1,O100,Other
7583,21,775,1,O100,Other
7584,21,773,1,O100,Other
7585,21,774,1,O100,Other
7586,21,777,1,O100,Other
7587,21,778,1,O100,Other
7588,21,771,1,O100,Other
7589,21,772,1,O100,Other
7590,21,784,1,O100,Other
7591,21,785,1,O100,Other
7592,217,771,1,PH100,Theory
7593,405,771,1,CE100,Theory
7594,112,771,1,BE110,Theory
7595,247,771,1,PH110,Lab
7596,225,771,1,CE110,Lab
7597,413,771,1,MA102,Theory
7598,1719,771,1,EA100,Other
7599,217,772,1,PH100,Theory
7600,247,772,1,PH110,Lab
7601,405,772,1,CE100,Theory
7602,225,772,1,CE110,Lab
7603,112,772,1,BE110,Theory
7604,1719,772,1,EA100,Other
7605,1718,772,1,P100,Other
7606,1718,771,1,P100,Other
7607,1066,750,1,HS200,Theory
7608,413,752,1,MA102,Theory
7609,210,752,1,CY100,Theory
7610,218,752,1,BE100,Theory
7611,938,752,1,EE100,Theory
7612,119,752,1,EE110,Lab
7613,229,752,1,CY110,Lab
7614,413,754,1,MA102,Theory
7615,210,754,1,CY100,Theory
7616,218,754,1,BE100,Theory
7617,938,754,1,EE100,Theory
7618,119,754,1,EE110,Lab
7619,229,754,1,CY110,Lab
7620,21,752,1,O100,Other
7621,1523,752,1,u100,Lab
7622,1523,752,1,U100,Lab
7623,21,754,1,O100,Other
7624,1523,754,1,U100,Lab
7625,21,746,1,O100,Other
7626,21,748,1,O100,Other
7627,21,749,1,O100,Other
7628,21,750,1,O100,Other
7629,429,787,1,04CS6102,Theory
7630,1127,786,1,04CS7194,Final Project
7631,220,752,1,ME100,Theory
7632,1522,752,1,ME110,Lab
7633,434,787,1,04CS6194,Lab
7634,220,754,1,ME100,Theory
7635,1522,754,1,ME110,Lab
7636,1477,787,1,04CS6108,Elective
7637,1780,745,1,ME402,Theory
7638,68,745,1,ME404,Theory
7639,1707,745,1,ME464,Elective
7640,1785,745,1,ME476,Elective
7641,58,745,1,ME492,Final Project
7642,1780,747,1,ME402,Theory
7643,68,747,1,ME404,Theory
7644,1707,747,1,ME464,Elective
7645,1785,747,1,ME476,Elective
7646,58,747,1,ME492,Final Project
7647,475,741,1,ME302,Theory
7648,120,741,1,ME304,Theory
7649,1428,741,1,ME306,Theory
7650,1421,741,1,ME308,Theory
7651,1429,741,1,ME312,Theory
7652,1425,741,1,ME366,Elective
7653,1353,741,1,ME368,Elective
7654,475,743,1,ME302,Theory
7655,475,743,1,ME302,Theory
7656,120,743,1,ME304,Theory
7657,1428,743,1,ME306,Theory
7658,1421,743,1,ME308,Theory
7659,1429,743,1,ME312,Theory
7660,1425,743,1,ME366,Elective
7661,1353,743,1,ME368,Elective
7662,1031,739,1,MA202,Theory
7663,278,739,1,ME202,Theory
7664,1048,739,1,ME204,Theory
7665,1049,739,1,ME206,Theory
7666,1050,739,1,ME220,Theory
7667,1066,739,1,HS200,Theory
7668,278,740,1,ME202,Theory
7669,1048,740,1,ME204,Theory
7670,1049,740,1,ME206,Theory
7671,1050,740,1,ME220,Theory
7672,1066,740,1,HS200,Theory
7673,413,737,1,MA102,Theory
7674,1043,737,1,BE102,Theory
7675,112,737,1,BE110,Theory
7676,225,737,1,CE110,Lab
7677,413,738,1,MA102,Theory
7678,210,738,1,CY100,Theory
7679,1043,738,1,BE102,Theory
7680,405,738,1,CE100,Theory
7681,112,738,1,BE110,Theory
7682,229,738,1,CY110,Lab
7683,225,738,1,CE110,Lab
7684,1031,763,1,MA202,Theory
7685,1719,761,1,EA100,Other
7686,1719,762,1,EA100,Other
7687,413,728,1,MA102,Theory
7688,843,781,1,04CE6402,Theory
7689,519,781,1,04CE6404,Theory
7690,844,781,1,04CE6406,Theory
7691,845,781,1,04CE6416,Elective
7692,1503,781,1,04CE6426,Elective
7693,393,781,1,04CE6492,Mini Project
7694,847,781,1,04CE6494,Lab
7695,848,783,1,04CE6102,Theory
7696,519,783,1,04ce6104,Theory
7697,844,783,1,04ce6106,Theory
7698,519,783,1,04CE6104,Theory
7699,844,783,1,04CE6106,Theory
7700,849,783,1,04CE6116,Elective
7701,1468,783,1,04CE6124,Elective
7702,393,783,1,04CE6192,Mini Project
7703,847,783,1,04CE6194,Lab
7704,1127,782,1,04CE7194,Final Project
7705,210,736,1,CY100,Theory
7706,1044,736,1,EC100,Theory
7707,296,736,1,ec110,Lab
7708,218,736,1,BE100,Theory
7709,21,732,1,O100,Other
7710,1229,732,1,M100,Other
7711,1229,733,1,M100,Other
7712,21,733,1,o100,Other
7713,1229,734,1,M100,Other
7714,21,734,1,O100,Other
7715,546,734,1,AU208,Theory
7716,1043,751,1,BE102,Theory
7717,21,751,1,O100,Other
7718,1066,739,1,HS200,Theory
7719,1419,741,1,ME334,Lab
7720,1349,741,1,ME332,Lab
7721,1420,741,1,ME352,Comprehensive Exam
7722,1419,743,1,ME334,Lab
7723,1419,743,1,ME334,Lab
7724,1349,743,1,ME332,Lab
7725,210,728,1,CY100,Theory
7726,405,728,1,CE100,Theory
7727,112,728,1,BE110,Theory
7728,225,728,1,CE110,Lab
7729,889,739,1,ME230,Lab
7730,1051,739,1,ME232,Lab
7731,889,740,1,me230,Lab
7732,1051,740,1,ME232,Lab
7733,210,737,1,CY100,Theory
7734,405,737,1,CE100,Theory
7735,938,737,1,EE100,Theory
7736,229,737,1,CY110,Lab
7737,119,737,1,EE110,Lab
7738,1523,737,1,u100,Lab
7739,938,738,1,EE100,Theory
7740,119,738,1,ee110,Lab
7741,1523,738,1,u100,Lab
7742,519,793,1,04ME6502,Theory
7743,404,793,1,04ME6504,Theory
7744,21,725,1,O100,Other
7745,1088,727,1,CH208,Theory
7746,1031,727,1,MA202,Theory
7747,413,729,1,MA102,Theory
7748,1066,727,1,HS200,Theory
7749,217,729,1,PH100,Theory
7750,546,761,1,CS100,Tutorial
7751,546,762,1,CS100,Tutorial
7752,240,763,1,CS202,Tutorial
7753,4,763,1,CS204,Tutorial
7754,240,765,1,CS202,Tutorial
7755,4,765,1,CS204,Tutorial
7756,1377,766,1,CS302,Tutorial
7757,1377,767,1,CS302,Tutorial
7758,119,752,1,EE110,Lab
7759,220,729,1,ME100,Theory
7760,112,729,1,BE110,Theory
7761,247,729,1,PH110,Lab
7762,1522,729,1,ME110,Lab
7763,1044,729,1,EC100,Theory
7764,296,729,1,EC110,Lab
7765,1719,729,1,EA100,Other
7766,21,729,1,O100,Other
7767,21,726,1,O100,Other
7768,21,727,1,O100,Other
7769,21,757,1,O100,Other
7770,21,753,1,O100,Other
7771,21,755,1,O100,Other
7772,1420,743,1,ME352,Comprehensive Exam
7773,1023,716,1,INMCA112,Theory
7774,15,716,0,INMCA102,Theory
7775,15,716,1,INMCA102,Tutorial
7776,1320,713,1,INMCA208,Theory
7777,1320,713,1,INMCA208,Tutorial
7778,1718,718,1,P100,Other
7779,21,718,1,O100,Other
7780,1718,710,1,P100,Other
7781,21,710,1,O100,Other
7782,1718,712,1,P100,Other
7783,21,712,1,O100,Other
7784,1718,716,1,P100,Other
7785,21,716,1,O100,Other
7786,1718,713,1,P100,Other
7787,21,713,1,O100,Other
7788,1718,715,1,P100,Other
7789,21,715,1,O100,Other
7790,1718,724,1,P100,Other
7791,21,724,1,O100,Other
7792,229,728,1,CY110,Lab
7793,21,728,1,O100,Other
7794,1229,728,1,M100,Other
7795,413,771,1,MA102,Theory
7796,966,731,1,C100,Other
7797,1719,728,1,EA100,Other
7798,1066,775,1,HS210,Theory
7799,1066,776,1,HS210,Theory
7800,966,733,1,C100,Other
7801,229,736,1,CY110,Lab
7802,1031,753,1,MA202,Tutorial
7803,1073,775,1,MA204,Tutorial
7804,1073,776,1,MA204,Tutorial
7805,413,771,1,MA102,Tutorial
7806,413,772,1,MA102,Tutorial
7807,938,771,1,EE100,Tutorial
7808,938,772,1,EE100,Tutorial
7809,1023,716,1,INMCA112,Tutorial
7810,1452,725,1,CH464,Elective
7811,1369,726,1,CH364,Elective
7812,966,726,1,C100,Other
7813,1229,725,1,M100,Other
7814,413,764,1,MA102,Tutorial
7815,217,764,1,PH100,Theory
7816,405,764,1,CE100,Theory
7817,112,764,1,BE110,Theory
7818,247,764,1,PH110,Lab
7819,225,764,1,CE110,Lab
7820,1719,764,1,EA100,Other
7821,1031,760,1,MA202,Tutorial
7822,413,728,1,MA102,Tutorial
7823,966,759,1,C100,Other
7824,1718,758,1,P100,Other
7825,1440,724,1,DMCA801,Tutorial
7826,424,724,1,DMCA802,Tutorial
7827,1443,724,1,DMCA805,Tutorial
7828,405,772,1,CE100,Theory
7829,240,753,1,IT_CS202,Theory
7830,1059,753,1,IT_CS208,Theory
7831,413,752,1,MA102,Tutorial
7832,1043,752,1,BE102,Theory
7833,1043,754,1,BE102,Theory
7834,413,754,1,MA102,Tutorial
7835,1031,749,1,MA202,Theory
7836,81,749,1,CE202,Tutorial
7837,119,754,1,EE110,Lab
7838,218,751,1,BE100,Tutorial
7839,1719,751,1,EA100,Other
7840,966,777,1,C100,Other
7841,966,778,1,C100,Other
7842,405,771,1,CE100,Tutorial
7843,405,772,1,CE100,Tutorial
7844,1719,736,1,EA100,Other
7845,30,749,1,CE234,Lab
7846,81,750,1,CE202,Tutorial
7847,30,750,1,CE234,Lab
7848,1031,750,1,MA202,Tutorial
7849,1031,749,1,MA202,Tutorial
7850,1388,777,1,EC312,Tutorial
7851,1388,778,1,EC312,Tutorial
7852,475,741,1,ME302,Tutorial
7853,120,741,1,ME304,Tutorial
7854,475,743,1,ME302,Tutorial
7855,120,743,1,ME304,Tutorial
7856,278,739,1,ME202,Tutorial
7857,1048,739,1,ME204,Tutorial
7858,1049,739,1,ME206,Tutorial
7859,1136,793,1,04ME6506,Theory
7860,32,793,1,04ME6512,Elective
7861,393,793,1,04ME6592,Mini Project
7862,851,793,1,04ME6594,Lab
7863,278,740,1,ME202,Tutorial
7864,1048,740,1,ME204,Tutorial
7865,1049,740,1,ME206,Tutorial
7866,112,737,1,BE110,Tutorial
7867,112,738,1,BE110,Tutorial
7868,119,754,1,EE110,Lab
7869,938,754,1,EE100,Tutorial
7870,938,752,1,EE100,Tutorial
7871,218,762,1,BE100,Theory
7872,413,762,1,MA102,Tutorial
7873,413,761,1,MA102,Tutorial
7874,1031,763,1,MA202,Tutorial
7875,1031,765,1,MA202,Tutorial
7876,1719,752,1,EA100,Other
7877,218,752,1,BE100,Tutorial
7878,210,752,1,CY100,Tutorial
7879,218,754,1,BE100,Tutorial
7880,210,754,1,CY100,Theory
7881,210,754,1,CY100,Tutorial
7882,413,754,1,MA102,Tutorial
7883,1719,754,1,EA100,Other
7884,1031,734,1,MA202,Tutorial
7885,413,736,1,MA102,Tutorial
7886,1522,754,1,ME110,Lab
7887,229,754,1,CY110,Lab
7888,1031,740,1,MA202,Theory
7889,21,756,1,O100,Other
7890,1718,755,1,P100,Other
7891,1487,793,1,04ME6508,Elective
7892,1504,793,1,04me6524,Elective
7893,405,764,1,CE100,Tutorial
7894,1044,764,1,EC100,Tutorial
7895,217,764,1,PH100,Tutorial
7896,112,764,1,BE110,Tutorial
7897,228,789,1,L100,Other
7898,228,790,1,L100,Other
7899,21,788,1,O100,Other
7900,228,788,1,L100,Other
7901,21,791,1,O100,Other
7902,228,791,1,L100,Other
7903,1066,765,1,HS210,Theory
7904,220,752,1,ME100,Tutorial
7905,220,754,1,ME100,Tutorial
7906,112,771,1,BE110,Tutorial
7907,112,771,1,BE110,Tutorial
7908,1043,764,1,BE102,Tutorial
7909,1719,737,1,EA100,Other
7910,1719,738,1,EA100,Other
7911,112,772,1,BE110,Tutorial
7912,15,716,1,INMCA102,Theory
7913,112,729,1,BE110,Tutorial
7914,220,729,1,ME100,Tutorial
7915,217,729,1,PH100,Tutorial
7916,1044,729,1,EC100,Tutorial
7917,413,729,1,MA102,Tutorial
7918,217,761,1,PH100,Tutorial
7919,218,761,1,BE100,Tutorial
7920,1127,792,1,04ME7594,Final Project
7921,146,775,1,EC202,Tutorial
7922,146,776,1,EC202,Tutorial
7923,1719,761,1,EA100,Other
7924,21,768,1,O100,Other
7925,21,769,1,O100,Other
7926,21,766,1,O100,Other
7927,21,767,1,O100,Other
7928,21,763,1,O100,Other
7929,21,765,1,O100,Other
7930,21,761,1,O100,Other
7931,21,762,1,O100,Other
7932,21,787,1,O100,Other
7933,21,786,1,O100,Other
7934,217,762,1,PH100,Tutorial
7935,218,762,1,BE100,Tutorial
7936,413,737,1,MA102,Tutorial
7937,413,738,1,MA102,Tutorial
7938,1031,739,1,MA202,Tutorial
7939,852,789,1,04EE6302,Tutorial
7940,1031,740,1,MA202,Tutorial
7941,938,737,1,EE100,Tutorial
7942,938,738,1,EE100,Tutorial
7943,405,738,1,CE100,Tutorial
7944,405,737,1,CE100,Tutorial
7945,240,753,1,IT_CS202,Tutorial
7946,1059,753,1,IT_CS208,Tutorial
7947,77,751,1,IT_CS100,Tutorial
7948,1044,751,1,EC100,Tutorial
7949,1718,756,1,P100,Other
7950,1031,727,1,MA202,Tutorial
7951,1040,730,1,MA206,Tutorial
7952,1508,758,1,EE472,Elective
7953,1498,759,1,04EE6506,Elective
7954,21,764,1,O100,Other
7955,21,760,1,O100,Other
7956,21,759,1,O100,Other
7957,21,758,1,O100,Other
7958,21,737,1,O100,Other
7959,255,795,1,DMCA901,Theory
7960,1376,795,1,DMCA902,Theory
7961,1515,795,1,DMCA903,Theory
7962,1516,795,1,DMCA904,Theory
7963,1519,795,1,DMCA905(C),Elective
7964,1520,795,1,DMCA906,Lab
7965,1521,795,1,DMCA907,Lab
7966,9,798,1,RLMCA201,Theory
7967,245,798,1,RLMCA203,Theory
7968,44,798,1,RLMCA205,Theory
7969,1377,798,1,RLMCA207,Theory
7970,967,798,1,RLMCA209,Theory
7971,47,798,1,RLMCA231,Lab
7972,968,798,1,RLMCA233,Lab
7973,1325,801,1,INMCA303 ,Theory
7974,1326,801,1,INMCA305,Theory
7975,1327,801,1,INMCA307,Theory
7976,1329,801,1,INMCA331,Lab
7977,1330,801,1,INMCA333,Lab
7978,53,796,1,INMCA201,Theory
7979,1225,796,1,INMCA205,Theory
7980,1226,796,1,INMCA209,Theory
7981,1227,796,1,INMCA231,Lab
7982,1228,796,1,INMCA233,Lab
7983,1243,797,1,RLMCA301,Theory
7984,1028,797,1,RLMCA303,Theory
7985,497,797,1,RLMCA305,Theory
7986,1240,797,1,RLMCA369,Elective
7987,975,797,1,RLMCA381,Elective
7988,256,797,1,RLMCA341,Seminar
7989,393,797,1,RLMCA351,Mini Project
7990,1243,799,1,RLMCA301,Theory
7991,1028,799,1,RLMCA303,Theory
7992,497,799,1,RLMCA305,Theory
7993,1240,799,1,RLMCA369,Elective
7994,975,799,1,RLMCA381,Elective
7995,256,799,1,RLMCA341,Seminar
7996,393,799,1,RLMCA351,Mini Project
7997,9,800,1,RLMCA201,Theory
7998,245,800,1,RLMCA203,Theory
7999,44,800,1,RLMCA205,Theory
8000,420,800,1,RLMCA207,Theory
8001,967,800,1,RLMCA209,Theory
8002,47,800,1,RLMCA231,Lab
8003,968,800,1,RLMCA233,Lab
8004,1005,808,1,CS201,Theory
8005,912,808,1,cs205,Theory
8006,915,808,1,CS231,Lab
8007,39,808,1,CS203,Theory
8008,40,808,1,CS207,Theory
8009,548,808,1,CS233,Lab
8010,1066,808,1,HS200,Theory
8011,1005,809,1,CS201,Theory
8012,39,809,1,CS203,Theory
8013,912,809,1,CS205,Theory
8014,40,809,1,CS207,Theory
8015,1066,809,1,HS200,Theory
8016,915,809,1,CS231,Lab
8017,548,809,1,CS233,Lab
8018,418,805,1,CS301,Theory
8019,244,805,1,CS303,Theory
8020,1211,805,1,CS305,Theory
8021,96,805,1,CS307,Theory
8022,1214,805,1,CS309,Theory
8023,12,805,1,CS361,Elective
8024,1205,805,1,CS341,Lab
8025,1212,805,1,CS331,Lab
8026,1213,805,1,CS333,Lab
8027,418,806,1,CS301,Theory
8028,244,806,1,CS303,Theory
8029,1211,806,1,CS305,Theory
8030,96,806,1,CS307,Theory
8031,1214,806,1,CS309,Theory
8032,12,806,1,CS361,Elective
8033,1205,806,1,CS341,Lab
8034,1212,806,1,CS331,Lab
8035,1213,806,1,CS333,Lab
8036,51,804,1,CS401,Theory
8037,1580,804,1,CS403,Theory
8038,1581,804,1,CS405,Theory
8039,1515,804,1,CS407,Theory
8040,1440,804,1,CS409,Theory
8041,928,804,1,CS463,Elective
8042,1616,804,1,CS465,Elective
8043,1617,804,1,CS467,Elective
8044,1569,804,1,CS451,Seminar
8045,1582,804,1,CS431,Lab
8046,51,803,1,CS401,Theory
8047,1580,803,1,CS403,Theory
8048,1581,803,1,CS405,Theory
8049,1515,803,1,CS407,Theory
8050,1440,803,1,CS409,Theory
8051,928,803,1,CS463,Elective
8052,1616,803,1,CS465,Elective
8053,1617,803,1,CS467,Elective
8054,1569,803,1,CS451,Seminar
8055,1582,803,1,CS431,Lab
8056,1238,807,1,04CS7101,Elective
8057,970,807,1,04CS7109,Elective
8058,1698,807,1,04CS7191,Seminar
8059,1699,807,1,04CS7193,Lab
8060,1718,795,1,P100,Other
8061,1,796,1,INMCA203,Theory
8062,400,796,1,INMCA207,Theory
8063,1324,801,1,INMCA301 ,Theory
8064,1328,801,1,INMCA309 ,Theory
8065,1582,804,1,CS431,Lab
8066,1248,810,1,INMCA105,Theory
8067,959,810,1,INMCA107,Theory
8068,961,810,1,INMCA131,Lab
8069,239,810,1,INMCA133,Lab
8070,37,811,1,RLMCA101,Theory
8071,962,811,1,RLMCA109,Theory
8072,41,811,1,RLMCA131,Lab
8073,963,811,1,RLMCA133,Lab
8074,43,811,1,RLMCA107,Theory
8075,960,810,1,INMCA109,Theory
8076,232,810,1,INMCA103,Theory
8077,60,810,1,INMCA101,Theory
8078,964,811,1,RLMCA103,Theory
8079,965,811,1,RLMCA105,Theory
8080,60,810,1,INMCA101,Tutorial
8081,232,810,1,INMCA103,Tutorial
8082,1248,810,1,INMCA105,Tutorial
8083,959,810,1,INMCA107,Tutorial
8084,960,810,1,INMCA109,Tutorial
8085,53,796,1,INMCA201,Tutorial
8086,1,796,1,INMCA203,Tutorial
8087,1225,796,1,INMCA205,Tutorial
8088,400,796,1,INMCA207,Tutorial
8089,1226,796,1,INMCA209,Tutorial
8090,1324,801,1,INMCA301,Tutorial
8091,1325,801,1,INMCA303,Tutorial
8092,1326,801,1,INMCA305,Tutorial
8093,1327,801,1,INMCA307,Tutorial
8094,1376,795,1,DMCA902,Tutorial
8095,1515,795,1,DMCA903,Tutorial
8096,9,798,1,RLMCA201,Tutorial
8097,245,798,1,RLMCA203,Tutorial
8098,44,798,1,RLMCA205,Tutorial
8099,1377,798,1,RLMCA207,Tutorial
8100,967,798,1,RLMCA209,Tutorial
8101,37,811,1,RLMCA101,Tutorial
8102,964,811,1,RLMCA103,Tutorial
8103,965,811,1,RLMCA105,Tutorial
8104,43,811,1,RLMCA107,Tutorial
8105,962,811,1,RLMCA109,Tutorial
8106,9,800,1,RLMCA201,Tutorial
8107,245,800,1,RLMCA203,Tutorial
8108,44,800,1,RLMCA205,Tutorial
8109,420,800,1,RLMCA207,Tutorial
8110,967,800,1,RLMCA209,Tutorial
8111,1243,799,1,RLMCA301,Tutorial
8112,497,799,1,RLMCA305,Tutorial
8113,1240,799,1,RLMCA369,Tutorial
8114,975,799,1,RLMCA381,Tutorial
8115,1243,797,1,RLMCA301,Tutorial
8116,497,797,1,RLMCA305,Tutorial
8117,1240,797,1,RLMCA369,Tutorial
8118,975,797,1,RLMCA381,Tutorial
8119,1718,798,1,P100,Other
8120,1718,801,1,P100,Other
8121,1718,796,1,P100,Other
8122,1718,797,1,P100,Other
8123,1718,799,1,P100,Other
8124,1718,811,1,P100,Other
8125,1718,800,1,P100,Other
8126,1718,810,1,P100,Other
8127,162,816,1,EC201,Theory
8128,162,816,1,EC201,Tutorial
8129,163,816,1,EC203,Theory
8130,163,816,1,EC203,Tutorial
8131,1526,816,1,EC205,Theory
8132,1526,816,1,EC205,Tutorial
8133,923,816,1,EC207,Theory
8134,1066,816,1,HS200,Theory
8135,924,816,1,EC231,Lab
8136,1219,816,1,EC233,Lab
8137,162,817,1,EC201,Theory
8138,162,817,1,EC201,Tutorial
8139,163,817,1,EC203,Theory
8140,163,817,1,EC203,Tutorial
8141,1526,817,1,EC205,Theory
8142,1526,817,1,EC205,Tutorial
8143,923,817,1,EC207,Theory
8144,1066,817,1,HS200,Theory
8145,924,817,1,EC231,Lab
8146,1219,817,1,EC233,Lab
8147,45,814,1,EC301,Theory
8148,45,814,1,EC301,Tutorial
8149,169,814,1,EC303,Theory
8150,1537,814,1,EC305,Theory
8151,1220,814,1,EC307,Theory
8152,43,814,1,HS300,Theory
8153,1402,814,1,EC360,Elective
8154,167,814,1,EC361,Elective
8155,1221,814,1,EC365,Elective
8156,1205,814,1,EC341,Lab
8157,1222,814,1,EC333,Lab
8158,1223,814,1,EC335,Lab
8159,45,815,1,EC301,Theory
8160,45,815,1,EC301,Tutorial
8161,169,815,1,EC303,Theory
8162,1537,815,1,EC305,Theory
8163,1220,815,1,EC307,Theory
8164,43,815,1,HS300,Theory
8165,1402,815,1,EC360,Elective
8166,167,815,1,EC361,Elective
8167,1221,815,1,EC365,Elective
8168,1205,815,1,EC341,Lab
8169,1222,815,1,EC333,Lab
8170,1223,815,1,EC335,Lab
8171,1416,812,1,EC401,Theory
8172,1576,812,1,EC403,Theory
8173,1577,812,1,EC405,Theory
8174,1578,812,1,EC407,Theory
8175,166,812,1,EC409,Theory
8176,1612,812,1,EC465,Elective
8177,1569,812,1,EC451,Lab
8178,1579,812,1,EC431,Lab
8179,1416,813,1,EC401,Theory
8180,1576,813,1,EC403,Theory
8181,1577,813,1,EC405,Theory
8182,1578,813,1,EC407,Theory
8183,166,813,1,EC409,Theory
8184,1612,813,1,EC465,Elective
8185,1569,813,1,EC451,Lab
8186,1579,813,1,EC431,Lab
8187,885,809,1,MA201,Theory
8188,1005,809,1,cs201,Tutorial
8189,912,809,1,CS205,Tutorial
8190,1005,808,1,cs201,Tutorial
8191,912,808,1,CS205,Tutorial
8192,418,805,1,CS301,Tutorial
8193,244,805,1,cs303,Tutorial
8194,1211,805,1,cs305,Tutorial
8195,418,806,1,CS301,Tutorial
8196,244,806,1,cs303,Tutorial
8197,1211,806,1,cs305,Tutorial
8198,885,808,1,MA201,Theory
8199,21,803,1,O100,Other
8200,228,803,1,L100,Other
8201,21,804,1,O100,Other
8202,228,804,1,l100,Other
8203,1718,804,1,P100,Other
8204,1718,803,1,P100,Other
8205,21,806,1,O100,Other
8206,1718,806,1,P100,Other
8207,21,805,1,O100,Other
8208,1718,805,1,P100,Other
8209,228,805,1,L100,Other
8210,228,806,1,L100,Other
8211,228,808,1,L100,Other
8212,21,808,1,O100,Other
8213,21,809,1,O100,Other
8214,228,809,1,L100,Other
8215,21,807,1,O100,Other
8216,228,807,1,L100,Other
8217,1718,807,1,P100,Other
8218,177,824,1,IT401,Theory
8219,1012,824,1,IT403,Theory
8220,1593,824,1,IT405,Theory
8221,1594,824,1,IT407,Theory
8222,1595,824,1,IT409,Theory
8223,1238,824,1,IT465,Elective
8224,1617,824,1,CS467 ,Elective
8225,1569,824,1,IT451,Final Project
8226,940,824,1,IT431,Lab
8227,885,823,1,MA201,Theory
8228,1005,823,1,CS201,Theory
8229,167,823,1,IT201,Theory
8230,912,823,1,CS205,Theory
8231,96,823,1,IT203,Theory
8232,1066,823,1,HS200,Theory
8233,915,823,1,CS231,Lab
8234,916,823,1,IT231,Lab
8235,1539,825,1,IT301,Theory
8236,1539,825,1,IT301,Tutorial
8237,418,825,1,IT303,Theory
8238,1211,825,1,IT_CS305,Theory
8239,418,825,1,IT303,Tutorial
8240,4,825,1,IT305,Theory
8241,9,825,1,IT307,Theory
8242,1564,825,1,IT367,Elective
8243,1205,825,1,IT341,Lab
8244,1250,825,1,IT331,Lab
8245,47,825,1,IT333,Lab
8246,908,823,1,IT_CS201,Theory
8247,908,823,1,IT_CS201,Tutorial
8248,912,823,1,IT_CS205,Theory
8249,912,823,1,IT_CS205,Tutorial
8250,915,823,1,IT_CS231,Lab
8251,167,823,1,IT201,Tutorial
8252,1587,842,1,AU401,Theory
8253,1588,842,1,AU403,Theory
8254,1589,842,1,AU405,Theory
8255,1590,842,1,AU407,Theory
8256,1591,842,1,AU409,Theory
8257,1625,842,1,AU463,Elective
8258,1627,842,1,AU410,Elective
8259,1569,842,1,AU451,Lab
8260,1592,842,1,AU431,Lab
8261,21,842,1,O100,Other
8262,1229,842,1,M100,Other
8263,1231,802,1,ME307,Theory
8264,1231,802,1,ME307,Tutorial
8265,1538,802,1,ME309,Theory
8266,482,802,1,ME311,Theory
8267,1533,802,1,EE311,Theory
8268,1232,802,1,AU307,Theory
8269,1205,802,1,AU341,Lab
8270,1559,802,1,AU361,Elective
8271,1561,802,1,AU365,Elective
8272,532,802,1,ME333,Lab
8273,1234,802,1,ME335,Lab
8274,1229,802,1,M100,Other
8275,885,843,1,MA201,Theory
8276,72,843,1,ME201,Theory
8277,72,843,1,ME201,Tutorial
8278,538,844,1,MT401,Theory
8279,1733,844,1,MT403,Elective
8280,1734,844,1,MT405,Elective
8281,134,844,1,MT407,Theory
8282,1735,844,1,MT409,Theory
8283,136,844,1,MT461,Elective
8284,1740,844,1,MT431,Lab
8285,1741,844,1,MT451,Final Project
8286,122,845,1,MT301,Theory
8287,122,845,1,MT301,Tutorial
8288,1726,845,1,MT303,Elective
8289,1727,845,1,MT305,Elective
8290,459,845,1,MT307,Elective
8291,467,845,1,MT365,Elective
8292,1731,845,1,MT331,Lab
8293,1732,845,1,MT333,Lab
8294,1205,845,1,MT341,Mini Project
8295,892,846,1,MT201,Theory
8296,892,846,1,MT201,Tutorial
8297,893,846,1,MT203,Theory
8298,893,846,1,MT203,Tutorial
8299,894,846,1,MT205,Theory
8300,1725,846,1,MT233,Lab
8301,72,846,1,ME201,Theory
8302,72,846,1,ME201,Tutorial
8303,43,845,1,HS300,Theory
8304,895,846,1,MT231,Lab
8305,885,846,1,MA201,Theory
8306,885,846,1,MA201,Tutorial
8307,1066,846,1,HS210,Theory
8308,61,843,1,ME205,Theory
8309,61,843,1,ME205,Tutorial
8310,26,843,1,ME210,Theory
8311,1066,843,1,HS210,Theory
8312,75,843,1,CE230,Lab
8313,507,853,1,CE401,Theory
8314,417,853,1,CE403,Theory
8315,85,853,1,CE405,Theory
8316,1575,853,1,CE407,Theory
8317,80,853,1,CE409,Theory
8318,1569,853,1,CE451,Lab
8319,1599,853,1,CE469,Elective
8320,521,853,1,CE431,Lab
8321,1718,853,1,P100,Other
8322,507,854,1,CE401,Theory
8323,417,854,1,CE403,Theory
8324,85,854,1,CE405,Theory
8325,1575,854,1,CE407,Theory
8326,80,854,1,CE409,Theory
8327,1599,854,1,CE469,Elective
8328,521,854,1,CE431,Lab
8329,1569,854,1,CE451,Lab
8330,1718,854,1,P100,Other
8331,78,855,1,CE301,Theory
8332,1534,855,1,CE303,Theory
8333,1535,855,1,CE305,Theory
8334,1204,855,1,CE307,Theory
8335,511,855,1,CE309,Theory
8336,1205,855,1,CE341,Theory
8337,1205,855,1,CE341,Tutorial
8338,78,855,1,ce301,Tutorial
8339,78,855,1,CE301,Tutorial
8340,83,855,1,CE333,Lab
8341,1536,855,1,CE331,Lab
8342,292,855,1,CE361,Theory
8343,21,855,1,O100,Other
8344,78,856,1,CE301,Theory
8345,78,856,1,CE301,Tutorial
8346,1534,856,1,CE303,Theory
8347,1534,856,1,CE303,Theory
8348,1535,856,1,CE305,Theory
8349,1204,856,1,CE307,Theory
8350,511,856,1,CE309,Theory
8351,1205,856,1,CE341,Tutorial
8352,1536,856,1,CE331,Lab
8353,83,856,1,CE333,Lab
8354,21,856,1,O100,Other
8355,292,856,1,CE361,Theory
8356,931,857,1,CE201,Theory
8357,931,857,1,CE201,Tutorial
8358,71,857,1,CE203,Theory
8359,71,857,1,CE203,Tutorial
8360,986,857,1,CE205,Theory
8361,73,857,1,CE207,Theory
8362,1066,857,1,HS200,Theory
8363,885,857,1,MA201,Theory
8364,503,857,1,CE231,Lab
8365,76,857,1,CE233,Lab
8366,21,857,1,O100,Other
8367,931,858,1,CE201,Theory
8368,931,858,1,CE201,Tutorial
8369,71,858,1,CE203,Theory
8370,71,858,1,CE203,Tutorial
8371,986,858,1,CE205,Theory
8372,73,858,1,CE207,Theory
8373,885,858,1,MA201,Theory
8374,503,858,1,CE231,Lab
8375,76,858,1,CE233,Lab
8376,21,858,1,O100,Other
8377,209,827,1,MA101,Theory
8378,217,827,1,PH100,Theory
8379,885,816,1,MA201,Theory
8380,112,827,1,BE110,Theory
8381,1858,832,1,MAT101,Theory
8382,1858,832,1,MAT101,Tutorial
8383,1861,832,1,CYT100,Theory
8384,1868,832,1,CYL120,Lab
8385,1861,832,1,CYT100,Tutorial
8386,1858,827,1,MAT101,Theory
8387,1858,833,1,MAT101,Theory
8388,1858,833,1,MAT101,Tutorial
8389,1862,832,1,EST100,Theory
8390,1862,832,1,EST100,Tutorial
8391,1864,832,1,EST120,Theory
8392,1864,832,1,EST120,Tutorial
8393,1866,832,1,HUT101,Theory
8394,1866,832,1,HUT101,Tutorial
8395,1869,832,1,ESL120,Lab
8396,1859,827,1,PHT100,Theory
8397,1863,827,1,EST110,Theory
8398,1865,827,1,EST130,Theory
8399,1862,833,1,EST100,Theory
8400,1862,833,1,EST100,Tutorial
8401,1864,833,1,EST120,Theory
8402,1870,827,1,ESL130,Lab
8403,1864,833,1,EST120,Tutorial
8404,1867,827,1,PHL120,Lab
8405,1866,833,1,HUT101,Theory
8406,1866,833,1,HUT101,Tutorial
8407,1869,833,1,ESL120,Lab
8408,1858,828,1,MAT101,Theory
8409,1859,828,1,PHT100,Theory
8410,1863,828,1,EST110,Theory
8411,1865,828,1,EST130,Theory
8412,1870,828,1,ESL130,Lab
8413,209,834,1,MA101,Theory
8414,217,834,1,PH100,Theory
8415,112,834,1,BE110,Theory
8416,220,834,1,ME100,Theory
8417,1858,834,1,MAT101,Theory
8418,1859,834,1,PHT100,Theory
8419,1863,834,1,EST110,Theory
8420,1864,834,1,EST120,Theory
8421,1866,834,1,HUT101,Theory
8422,1867,834,1,PHL120,Lab
8423,1869,834,1,ESL120,Lab
8424,1858,829,1,MAT101,Theory
8425,1861,829,1,CYT100,Theory
8426,1862,829,1,EST100,Theory
8427,1864,829,1,EST120,Theory
8428,1866,829,1,HUT101,Theory
8429,1868,829,1,CYL120,Lab
8430,1869,829,1,ESL120,Lab
8431,1858,830,1,MAT101,Theory
8432,1862,830,1,EST100,Theory
8433,1864,830,1,est120,Theory
8434,1866,830,1,HUT101,Theory
8435,1869,830,1,ESL120,Lab
8436,21,834,1,O100,Other
8437,1205,855,1,CE341,Theory
8438,1205,856,1,CE341,Theory
8439,1066,858,1,HS200,Theory
8440,1866,827,1,HUT101,Theory
8441,1866,828,1,HUT101,Theory
8442,1867,828,1,PHL120,Lab
8443,21,829,1,O100,Other
8444,228,829,1,L100,Other
8445,1229,829,1,M100,Other
8446,21,830,1,O100,Other
8447,228,830,1,L100,Other
8448,1229,830,1,M100,Other
8449,21,814,1,O100,Other
8450,21,815,1,O100,Other
8451,1229,816,1,M100,Other
8452,1229,817,1,M100,Other
8453,1858,831,1,MAT101,Theory
8454,1859,831,1,PHT100,Theory
8455,1864,831,1,EST120,Theory
8456,1862,831,1,EST100,Theory
8457,1869,831,1,ESL120,Lab
8458,1867,831,1,PHL120,Lab
8459,21,831,1,O100,Other
8460,1229,831,1,M100,Other
8461,228,831,1,L100,Other
8462,1866,829,1,HUT101,Practical
8463,1866,830,1,HUT101,Practical
8464,1214,805,1,CS309,Practical
8465,1214,806,1,CS309,Practical
8466,1525,862,1,EE201,Theory
8467,919,862,1,EE203,Theory
8468,542,862,1,EE205,Theory
8469,546,862,1,EE207,Theory
8470,1066,862,1,HS200,Theory
8471,920,862,1,EE231,Lab
8472,920,862,1,EE231,select
8473,41,862,1,EE233,Lab
8474,21,862,1,O100,Other
8475,1229,862,1,M100,Other
8476,228,862,1,L100,Other
8477,1527,864,1,EE301,Theory
8478,1528,864,1,EE303,Theory
8479,147,864,1,EE305,Theory
8480,1529,864,1,EE307,Theory
8481,1530,864,1,EE309,Theory
8482,1551,864,1,EE367,Elective
8483,1205,864,1,EE341,Mini Project
8484,1531,864,1,EE331,Lab
8485,561,864,1,EE333,Lab
8486,21,864,1,O100,Other
8487,228,864,1,L100,Other
8488,1229,864,1,M100,Other
8489,1566,863,1,EE401,Theory
8490,1567,863,1,EE403,Theory
8491,557,863,1,EE405,Theory
8492,45,863,1,EE407,Theory
8493,1568,863,1,EE409,Theory
8494,203,863,1,EE465,Elective
8495,1569,863,1,EE451,Seminar
8496,1570,863,1,EE431,Lab
8497,21,863,1,O100,Other
8498,228,863,1,L100,Other
8499,1229,863,1,M100,Other
8500,1707,866,1,04EE7105,Elective
8501,974,866,1,04EE7421,Elective
8502,1712,866,1,04EE7491,Lab
8503,1699,866,1,04EE7493,Final Project
8504,867,865,1,04EE7505,Elective
8505,974,865,1,04EE7421,Elective
8506,1706,865,1,04EE7591,Seminar
8507,1699,865,1,04EE7593,Final Project
8508,21,865,1,O100,Other
8509,228,865,1,L100,Other
8510,21,866,1,O100,Other
8511,228,866,1,L100,Other
8512,1525,862,1,EE201,Tutorial
8513,919,862,1,EE203,Tutorial
8514,542,862,1,EE205,Tutorial
8515,546,862,1,EE207,Tutorial
8516,1527,864,1,EE301,Tutorial
8517,1528,864,1,EE303,Tutorial
8518,1530,864,1,EE309,Tutorial
8519,557,863,1,EE405,Tutorial
8520,1569,813,1,EC451,Tutorial
8521,1569,812,1,EC451,Tutorial
8522,1685,859,1,04CE7415,Elective
8523,1681,859,1,04ce7401,Elective
8524,1686,859,1,04CE7491,Seminar
8525,1687,859,1,04CE7493,Final Project
8526,1672,860,1,04CE7101,Elective
8527,1677,860,1,04CE7113,Elective
8528,1679,860,1,04CE7191,Seminar
8529,1680,860,1,04CE7193,Final Project
8530,1583,820,1,CH401,Theory
8531,898,820,1,CH403,Theory
8532,1584,820,1,CH405,Theory
8533,902,820,1,CH407,Theory
8534,1585,820,1,CH409,Theory
8535,1569,820,1,CH451,Final Project
8536,1586,820,1,CH431,Lab
8537,1619,820,1,CH461,Elective
8538,443,819,1,CH301,Theory
8539,192,819,1,CH303,Theory
8540,1205,819,1,CH341,Lab
8541,450,819,1,CH331,Lab
8542,1247,819,1,CH333,Lab
8543,1091,819,1,CH361,Elective
8544,1557,819,1,CH367,Elective
8545,907,822,1,CH201,Theory
8546,909,822,1,CH203,Theory
8547,187,822,1,CH205,Theory
8548,910,822,1,CH207,Theory
8549,1066,822,1,HS210,Theory
8550,911,822,1,CH231,Lab
8551,913,822,1,CH233,Lab
8552,885,843,1,MA201,Tutorial
8553,1718,815,1,P100,Other
8554,1858,826,1,MAT101,Theory
8555,1859,826,1,PHT100,Theory
8556,1044,826,1,EC100,Theory
8557,1862,826,1,EST100,Theory
8558,1865,826,1,est130,Theory
8559,1866,826,1,HUT101,Theory
8560,1867,826,1,PHL120,Lab
8561,1870,826,1,ESL130,Lab
8562,1858,841,1,MAT101,Theory
8563,1861,841,1,CYT100,Theory
8564,1863,841,1,EST110,Theory
8565,1865,841,1,EST130,Theory
8566,1866,841,1,HUT101,Theory
8567,1868,841,1,CYL120,Lab
8568,1870,841,1,ESL130,Lab
8569,43,819,1,HS300,Theory
8570,1244,819,1,CH307,Theory
8571,21,832,1,O100,Other
8572,21,833,1,O100,Other
8573,1688,818,1,04EC7301,Elective
8574,976,818,1,04EC7311,Elective
8575,57,818,1,04EC7391,Lab
8576,1693,818,1,04EC7393,Lab
8577,975,818,1,04EC7305,Elective
8578,1569,842,1,AU451,Lab
8579,532,802,1,ME333,Lab
8580,1234,802,1,ME335,Lab
8581,1866,832,1,HUT101,Practical
8582,1866,833,1,HUT101,Practical
8583,1861,833,1,CYT100,Theory
8584,250,867,1,04EC6301,Theory
8585,251,867,1,04EC6303,Theory
8586,252,867,1,04EC6305,Theory
8587,1642,867,1,04EC6309,Elective
8588,253,867,1,04EC6307,Elective
8589,255,867,1,04GN6001,Theory
8590,160,867,1,04EC6391,Lab
8591,257,867,1,04EC6393,Lab
8592,39,809,1,CS203,Tutorial
8593,39,808,1,CS203,Tutorial
8594,1718,844,1,P100,Other
8595,1583,820,1,CH401,Tutorial
8596,443,819,1,CH301,Tutorial
8597,1244,819,1,CH307,Tutorial
8598,21,820,1,O100,Other
8599,21,819,1,O100,Other
8600,21,822,1,O100,Other
8601,1229,822,1,M100,Other
8602,907,822,1,CH201,Tutorial
8603,909,822,1,CH203,Tutorial
8604,187,822,1,CH205,Tutorial
8605,1867,826,1,PHL120,Lab
8606,1229,826,1,M100,Other
8607,1229,841,1,M100,Other
8608,21,841,1,O100,Other
8609,21,826,1,O100,Other
8610,21,802,1,O100,Other
8611,139,847,1,ME401,Theory
8612,1571,847,1,ME403,Theory
8613,67,847,1,ME405,Theory
8614,1572,847,1,ME407,Theory
8615,1573,847,1,ME409,Theory
8616,1573,847,1,ME409,Theory
8617,1569,847,1,ME451,Seminar
8618,1574,847,1,ME431,Lab
8619,139,848,1,ME401,Theory
8620,1571,848,1,ME403,Theory
8621,67,848,1,ME405,Theory
8622,1572,848,1,ME407,Theory
8623,1573,848,1,ME409,Theory
8624,1569,848,1,ME451,Seminar
8625,1574,848,1,ME431,Lab
8626,1712,866,1,04EE7491,Lab
8627,1875,843,1,AU231,Lab
8628,885,816,1,MA201,Theory
8629,1874,843,1,AU205,Theory
8630,1874,843,1,AU205,Tutorial
8631,885,817,1,MA201,Theory
8632,885,817,1,MA201,Tutorial
8633,1719,864,1,EA100,Other
8634,885,816,1,MA201,Tutorial
8635,1328,801,1,INMCA309,Tutorial
8636,1861,833,1,CYT100,Theory
8637,1868,833,1,CYL120,select
8638,1861,833,1,CYT100,Tutorial
8639,885,822,1,MA201,Theory
8640,885,822,1,MA201,Tutorial
8641,1858,826,1,MAT101,Tutorial
8642,1206,849,1,ME301,Theory
8643,1532,849,1,ME303,Theory
8644,1208,849,1,ME305,Theory
8645,1533,849,1,EE311,Theory
8646,43,849,1,HS300,Theory
8647,1205,849,1,ME341,Lab
8648,1314,849,1,ME331,Lab
8649,63,849,1,EE335,Lab
8650,1858,837,1,MAT101,Theory
8651,1861,837,1,CYT100,Theory
8652,1863,837,1,EST110,Theory
8653,1865,837,1,EST130,Theory
8654,1866,837,1,HUT101,Theory
8655,1719,837,1,ea100,Other
8656,1870,837,1,ESL130,Lab
8657,1868,837,1,CYL120,Lab
8658,1229,837,1,m100,Other
8659,21,843,1,o100,Other
8660,1858,841,1,MAT101,Tutorial
8661,1858,837,1,MAT101,Tutorial
8662,1206,850,1,ME301,Theory
8663,1532,850,1,ME303,Theory
8664,1208,850,1,ME305,Theory
8665,1533,850,1,EE311,Theory
8666,43,850,1,HS300,Theory
8667,1314,850,1,ME331,Lab
8668,63,850,1,EE335,Lab
8669,1205,850,1,ME341,Lab
8670,72,851,1,ME201,Theory
8671,932,851,1,ME203,Theory
8672,61,851,1,ME205,Theory
8673,26,851,1,ME210,Theory
8674,1066,851,1,HS210,Theory
8675,934,851,1,ME231,Lab
8676,72,852,1,ME201,Theory
8677,932,852,1,ME203,Theory
8678,61,852,1,ME205,Theory
8679,1066,852,1,HS210,Theory
8680,26,852,1,ME210,Theory
8681,934,852,1,ME231,Lab
8682,1602,847,1,ME463,Elective
8683,1604,847,1,IE306,Elective
8684,1605,847,1,ME467,Elective
8685,139,847,1,ME401,Tutorial
8686,67,847,1,ME405,Tutorial
8687,1573,847,1,ME409,Tutorial
8688,67,848,1,ME405,Tutorial
8689,1718,824,1,P100,Other
8690,1598,853,1,CE467,Elective
8691,1598,854,1,CE467,Elective
8692,1866,827,1,HUT101,Practical
8693,1719,827,1,EA100,Other
8694,1866,828,1,HUT101,Practical
8695,885,816,1,MA201,Theory
8696,885,857,1,MA201,Tutorial
8697,1066,857,1,HS210,Theory
8698,885,858,1,MA201,Tutorial
8699,1719,828,1,EA100,Other
8700,21,844,1,O100,Other
8701,1718,845,1,P100,Other
8702,1229,844,1,M100,Other
8703,1229,845,1,M100,Other
8704,1229,846,1,M100,Other
8705,1066,858,1,HS210,Practical
8706,1066,857,1,HS210,Practical
8707,503,858,1,CE231,Tutorial
8708,1604,848,1,IE306,Elective
8709,1602,848,1,ME463,Elective
8710,1605,848,1,ME467,Elective
8711,139,848,1,ME401,Tutorial
8712,1573,848,1,ME409,Tutorial
8713,1206,849,1,ME301,Tutorial
8714,1550,849,1,ME373,Elective
8715,1209,849,1,ME363,Elective
8716,1206,850,1,ME301,Tutorial
8717,1550,850,1,ME373,Elective
8718,1209,850,1,ME363,Elective
8719,1858,827,1,MAT101,Tutorial
8720,1858,827,1,MAT101,select
8721,1858,828,1,MAT101,Tutorial
8722,21,827,1,O100,Other
8723,21,828,1,O100,Other
8724,1127,859,1,04ce7494,Final Project
8725,72,851,1,ME201,Tutorial
8726,932,851,1,ME203,Tutorial
8727,61,851,1,ME205,Tutorial
8728,75,851,1,CE230,Lab
8729,75,852,1,CE230,Lab
8730,72,852,1,ME201,Tutorial
8731,932,852,1,ME203,Tutorial
8732,61,852,1,ME205,Tutorial
8733,885,851,1,MA201,Theory
8734,885,851,1,MA201,Tutorial
8735,885,852,1,MA201,Theory
8736,885,852,1,MA201,Tutorial
8737,276,868,1,04me6501,Theory
8738,277,868,1,04me6503,Theory
8739,278,868,1,04me6505,Theory
8740,279,868,1,04me6507,Theory
8741,280,868,1,04me6511,Elective
8742,255,868,1,04GN6001,Theory
8743,57,868,1,04me6591,Practical
8744,281,868,1,04me6593,Lab
8745,1862,829,1,EST100,Tutorial
8746,1858,829,1,MAT101,Tutorial
8747,1862,830,1,EST100,Tutorial
8748,1858,830,1,MAT101,Tutorial
8749,1861,830,1,CYT100,Theory
8750,1868,830,1,CYL120,Lab
8751,885,809,1,MA201,Tutorial
8752,885,808,1,MA201,Tutorial
8753,988,868,1,04ME7503,Elective
8754,989,868,1,04ME7511,Elective
8755,57,868,1,04ME7591,Lab
8756,1680,868,1,04ME7593,Lab
8757,1866,826,1,HUT101,Theory
8758,276,869,1,04ME6501,Theory
8759,277,869,1,04ME6503,Theory
8760,278,869,1,04ME6505,Theory
8761,279,869,1,04me6507,Theory
8762,280,869,1,04ME6511,Elective
8763,255,869,1,04GN6001,Theory
8764,57,869,1,04ME6591,Practical
8765,1866,841,1,HUT101,Practical
8766,281,869,1,04ME6593,Lab
8767,1719,841,1,EA100,Other
8768,1866,826,1,HUT101,Practical
8769,1719,826,1,EA100,Other
8770,278,869,1,04ME6505,Tutorial
8771,277,869,1,04ME6503,Tutorial
8772,1858,835,1,MAT101,Theory
8773,1859,835,1,PHT100,Theory
8774,218,835,1,BE100,Theory
8775,1865,835,1,EST130,Theory
8776,1863,835,1,EST110,Theory
8777,1866,835,1,HUT101,Theory
8778,1870,835,1,ESL130,Lab
8779,1867,835,1,PHL120,Lab
8780,1718,854,1,P100,Other
8781,1858,836,1,MAT101,Theory
8782,1859,836,1,PHT100,Theory
8783,1863,836,1,EST110,Theory
8784,1865,836,1,EST130,Theory
8785,1866,836,1,HUT101,Theory
8786,1870,836,1,ESL130,Lab
8787,1867,836,1,PHL120,Lab
8788,1718,854,1,P100,Other
8789,1866,834,1,HUT101,Practical
8790,1858,834,1,MAT101,Tutorial
8791,885,823,1,MA201,Tutorial
8792,1205,825,1,IT341,Tutorial
8793,1205,825,1,IT341,Tutorial
8794,1858,838,1,MAT101,Theory
8795,1858,838,1,MAT101,Tutorial
8796,1861,838,1,CYT100,Theory
8797,112,838,1,BE110,Theory
8798,1861,838,1,CYT100,Tutorial
8799,1863,838,1,EST110,Theory
8800,1863,838,1,EST110,Practical
8801,1865,838,1,EST130,Theory
8802,1866,838,1,HUT101,Theory
8803,1866,838,1,HUT101,Practical
8804,1868,838,1,CYL120,Lab
8805,1870,838,1,ESL130,Lab
8806,1719,838,1,EA100,Other
8807,1229,843,1,M100,Other
8808,21,838,1,O100,Other
8809,1862,831,1,EST100,Tutorial
8810,1866,831,1,HUT101,Theory
8811,1866,831,1,HUT101,Practical
8812,1719,831,1,EA100,Other
8813,1664,821,1,04CH7101,Elective
8814,1670,821,1,04CH7115,Elective
8815,57,821,1,04CH7191,Lab
8816,1671,821,1,04CH7193,Lab
8817,21,812,1,O100,Other
8818,21,813,1,O100,Other
8819,1858,834,1,MAT101,Tutorial
8820,1718,832,1,P100,Other
8821,1718,833,1,P100,Other
8822,1718,812,1,P100,Other
8823,1718,813,1,P100,Other
8824,1229,815,1,M100,Other
8825,1229,814,1,M100,Other
8826,1718,814,1,P100,Other
8827,1718,816,1,P100,Other
8828,1718,817,1,P100,Other
8829,1866,835,1,HUT101,select
8830,1858,835,1,MAT101,Tutorial
8831,1858,836,1,MAT101,Tutorial
8832,282,870,1,04CS6101,Theory
8833,283,870,1,04CS6103,Theory
8834,284,870,1,04CS6105,Theory
8835,285,870,1,04CS6107,Theory
8836,286,870,1,04CS6111,Elective
8837,255,870,1,04GN6001,Theory
8838,1648,870,1,04CS6191,Tutorial
8839,287,870,1,04CS6193,Lab
8840,282,870,1,04CS6101,Tutorial
8841,283,870,1,04CS6103,Tutorial
8842,21,870,1,O100,Other
8843,288,872,1,04CE6401,Theory
8844,289,872,1,04CE6403,Theory
8845,294,872,1,04CE6405,Theory
8846,291,872,1,04CE6407,Theory
8847,290,872,1,04ce6411,Elective
8848,255,872,1,04GN6001,Theory
8849,160,872,1,04CE6491,Seminar
8850,1641,872,1,04ce6493,Lab
8851,288,871,1,04CE6101,Theory
8852,289,871,1,04CE6103,Theory
8853,290,871,1,04CE6105,Theory
8854,291,871,1,04CE6107,Theory
8855,292,871,1,04CE6113,Elective
8856,255,871,1,04GN6001,Theory
8857,160,871,1,04CE6191,Seminar
8858,90,871,1,04ce6193,Lab
8859,90,871,1,04CE6193,Lab
8860,885,862,1,MA201,Theory
8861,1868,833,1,CYL120,Lab
8862,885,862,1,MA201,Tutorial
8863,1719,838,1,EA100,Other
8864,21,836,1,O100,Other
8865,21,835,1,O100,Other
8866,1869,831,1,ESL120,select
8867,1869,831,1,ESL120,select
8868,1876,829,1,IND100,Other
8869,1876,830,1,IND100,Other
8870,1876,828,1,IND100,Other
8871,1876,827,1,IND100,Other
8872,1876,837,1,IND100,Other
8873,1876,832,1,IND100,Other
8874,1876,833,1,IND100,Other
8875,1876,841,1,IND100,Other
8876,1876,826,1,IND100,Other
8877,1876,831,1,IND100,Other
8878,1876,834,1,IND100,Other
8879,1876,835,1,IND100,Other
8880,1876,836,1,IND100,Other
8881,1876,838,1,IND100,Other
8882,1630,873,1,04CH6101,Theory
8883,270,873,1,04CH6103,Theory
8884,1630,873,1,04CH6101,Tutorial
8885,270,873,1,04CH6103,Tutorial
8886,1631,873,1,04CH6105,Theory
8887,272,873,1,04CH6107,Theory
8888,1633,873,1,04CH6109,Elective
8889,57,873,1,04CH6191,Seminar
8890,1632,873,1,04CH6193,Lab
8891,255,873,1,04GN6001,Theory
8892,1705,865,1,04EE7423,Elective
8893,1858,831,1,MAT101,Tutorial
8894,21,815,1,O100,Other
8895,21,816,1,O100,Other
8896,21,817,1,O100,Other
8897,21,867,1,O100,Other
8898,21,818,1,O100,Other
8899,189,819,1,CH305,Theory
8900,1623,820,1,CH471,Elective
8901,228,873,1,L100,Other
8902,21,873,1,O100,Other
8903,288,872,1,04CE6401,Tutorial
8904,288,871,1,04CE6101,Tutorial
8905,1066,858,1,HS210,Theory
8906,546,862,1,EE207,Theory
8907,41,862,1,EE233,select
8908,1869,832,1,ESL120,select
8909,1211,825,1,IT_CS305,Tutorial
